...1,gene_name,baseMean.MDA24h10w_24h,log2FoldChange.MDA24h10w_24h,lfcSE.MDA24h10w_24h,stat.MDA24h10w_24h,pvalue.MDA24h10w_24h,padj.MDA24h10w_24h,baseMean.MDA24h10w_10w,log2FoldChange.MDA24h10w_10w,lfcSE.MDA24h10w_10w,stat.MDA24h10w_10w,pvalue.MDA24h10w_10w,padj.MDA24h10w_10w
66,ABHD13,538.910857203067,-0.379610748362939,0.127116663569515,-2.98631774704616,0.00282359089018825,0.0119662032929137,538.910857203067,-0.368923746385668,0.153811702462974,-2.39854146646922,0.0164605126429806,0.0476473288431345
79,ABHD6,575.247917854996,-0.507274094491368,0.118068756863312,-4.29642953790594,1.73571105150181e-5,1.5642514023773e-4,575.247917854996,-0.424717836959223,0.137113450945756,-3.09756507497755,0.00195117552330061,0.00765835335462407
110,ACADSB,573.355676209558,-0.792828596217221,0.136972677670722,-5.7882244086894,7.113433777490911e-9,1.80412564682777e-7,573.355676209558,-1.37402901842729,0.167220770756616,-8.21685614897172,2.0890740525369003e-16,9.40914795901322e-15
276,ADD3,2997.2722040584,-0.487691830232712,0.130262629457024,-3.74391206645809,1.8117708252109e-4,0.00118781331998651,2997.2722040584,-0.668555952845283,0.151501163851353,-4.41287667929233,1.02006105749591e-5,7.42630699920424e-5
337,ADSS2,3198.29274802281,-0.749211653423018,0.104373681334487,-7.17816640980608,7.06525337041137e-13,4.811981026278639e-11,3198.29274802281,-0.595948296043232,0.120882398152678,-4.92998406013199,8.22363264188429e-7,7.71887468190549e-6
378,AGL,1150.38952735992,-0.480104084993069,0.132643705981429,-3.61950144140488,2.9517116699025e-4,0.00180611300105855,1150.38952735992,-0.770494055627667,0.156388975902903,-4.92677985247528,8.35958503125085e-7,7.83024555487987e-6
388,AGPS,3095.94933643435,-0.361970239894234,0.0813256814671821,-4.45087250870812,8.55221054872379e-6,8.47942577809635e-5,3095.94933643435,-0.217684178633097,0.0953873365011832,-2.28210773691534,0.0224829803344023,0.0618076520044415
434,AKAP11,2566.04800110049,-0.188256683051633,0.0850586474694714,-2.21325742475744,0.0268799030796906,0.0752552290490374,2566.04800110049,-0.309997829825637,0.0996491331851048,-3.1108933908115,0.00186522265818829,0.00737373830767623
459,AKR1C3,6237.84626040335,-1.06346255556944,0.209969048790604,-5.06485389963355,4.08713685009663e-7,5.96169846305693e-6,6237.84626040335,-1.13057430882165,0.243352160219562,-4.64583633776496,3.38701450436028e-6,2.76364509310262e-5
505,ALG12,398.354236623737,-0.571200099416819,0.15558895974759,-3.67121227845131,2.4140273225424e-4,0.00151802542001353,398.354236623737,-0.454149161280028,0.179175801220377,-2.53465679063128,0.0112557543684741,0.0346298536271186
587,ANGEL2,1262.09264069869,-0.321614346373069,0.10321944511652,-3.11583099492554,0.0018342736515986,0.00836716069616383,1262.09264069869,-0.68314740609197,0.121575436601121,-5.61912360909977,1.9192851099682e-8,2.51269531461202e-7
710,ANXA9,158.098125895052,-0.68047061916639,0.320187339953153,-2.12522649791822,0.0335677180119409,0.0896962653622226,158.098125895052,-1.02090237532078,0.374473153119404,-2.726236492033,0.00640610807742437,0.021298015580214
747,AP5M1,1873.3048662628,-0.56764014500397,0.0853308696758567,-6.65222500556064,2.8869489087423296e-11,1.3602166468088e-9,1873.3048662628,-0.955016861519175,0.100740480427731,-9.47997128328449,2.54353060869888e-21,2.17231911325952e-19
767,API5,4008.61914005005,-0.248129082221261,0.0607670613379395,-4.08328256720132,4.44039757272804e-5,3.5483104791456e-4,4008.61914005005,-0.227138371920063,0.0711108659203653,-3.19414436851926,0.00140245962861165,0.0057790018287762
921,ARL13B,884.02779539582,-0.546825511772553,0.103483596941773,-5.28417573347624,1.26271995633906e-7,2.16249951516945e-6,884.02779539582,-0.411349780582614,0.119861134031437,-3.43188627328292,5.9939885779183e-4,0.00275589530705408
966,ARMT1,1237.12717411874,-0.317852214169018,0.0979416342544996,-3.24532275358082,0.0011731757274855,0.00572302914113314,1237.12717411874,-0.427452180143583,0.116170825134215,-3.67951402298932,2.3367884028383e-4,0.0012057535144426
1130,ATP2C1,4839.39334130692,-0.25786546753936,0.083679940398473,-3.08156848955004,0.00205913099827578,0.00920552681582114,4839.39334130692,-0.289348042643171,0.0973033636962635,-2.97366947710444,0.00294261855368054,0.0109672810895306
1172,ATP6V0E2,1320.80524621623,-0.92159165735631,0.184286300404253,-5.00086905719357,5.7072466168323e-7,7.9079752027282e-6,1320.80524621623,-0.462322708835957,0.211482356190854,-2.18610534307992,0.0288078991839125,0.0757900460467034
1477,BMPR1A,930.229502740688,-0.298092470401127,0.104152019962776,-2.86209014964534,0.0042085718178921,0.0166888324672821,930.229502740688,-0.400259500865515,0.126699163131269,-3.15913294905365,0.00158239286479816,0.00639384182326164
1524,BRCC3,1583.36560450199,-0.546828929165148,0.10531292996008,-5.19241967128282,2.07578441147455e-7,3.34467610176445e-6,1583.36560450199,-1.11887287720784,0.123761070948856,-9.04058819651144,1.55831025717648e-19,1.08102549871408e-17
1538,BRI3BP,731.870957978088,-0.465264713214594,0.131710297549931,-3.53248547660607,4.1167283789727e-4,0.00239484317131571,731.870957978088,-0.605434071891354,0.151727471602092,-3.99027325439861,6.59972162762172e-5,3.925576865628e-4
1576,BTD,2084.21613444901,-0.365586766323461,0.122025108931486,-2.99599622999499,0.002735498156864,0.0116835989777491,2084.21613444901,-1.20179850300113,0.143177506409819,-8.39376612385756,4.7081224686419803e-17,2.36792403936755e-15
1700,C1orf53,72.4993205690542,-1.34782253217243,0.247793258416647,-5.43930267023714,5.34895170176119e-8,1.03067722235895e-6,72.4993205690542,-0.88454335493847,0.28034376398149,-3.15520966964284,0.00160382801758285,0.00647178740502678
1731,C2CD5,1463.94731313166,-0.323477260811531,0.0871637596951739,-3.71114396559745,2.0632471288752e-4,0.00132424719674241,1463.94731313166,-0.53779612667708,0.100467029572622,-5.35296135423547,8.65263341250277e-8,9.96594023961673e-7
1756,C3orf38,1090.9853239906,-0.366548540637199,0.0869457352698789,-4.21583116756026,2.4885989607742e-5,2.1540889644636e-4,1090.9853239906,-0.305867262307675,0.103060439977069,-2.96784355253801,0.0029989693047299,0.0111612206025569
1965,CASD1,462.944356351971,-0.905654933486109,0.108397258594807,-8.35496160351694,6.54539995836332e-17,1.0732031709509e-14,462.944356351971,-0.480870635882881,0.136838967589255,-3.51413522298922,4.4118816063794e-4,0.00211270902843444
1971,CASP2,1451.50583773108,-0.690511383513795,0.109029954761526,-6.33322635989442,2.40086926165688e-10,9.20229283234198e-9,1451.50583773108,-0.398557657098787,0.128172566799713,-3.10953948298147,0.00187379239092699,0.00740276784423394
1976,CASP8,968.613041021615,-0.345633898506423,0.143657835228633,-2.40595229599793,0.0161303708676029,0.0498402031937051,968.613041021615,-0.516916159823331,0.167659043919108,-3.08313913607149,0.0020482936361707,0.00798587523180591
2030,CCAR1,4728.31566878502,-0.833342754666637,0.115164473010005,-7.23610965157842,4.61738055614881e-13,3.25755278439375e-11,4728.31566878502,-0.54351260972037,0.133128596232091,-4.08261354136742,4.4532042845384e-5,2.7822538569997e-4
2150,CCDC97,1052.68244097524,-0.617620530314876,0.121295916931448,-5.09184930490225,3.5458788474315e-7,5.28538911029605e-6,1052.68244097524,-0.867852680170722,0.139318966277918,-6.229250068074,4.68673187946701e-10,7.967884263814991e-9
2175,CCND3,5449.33642167602,-0.494899335627262,0.130043511980646,-3.80564418854605,1.4143558871015e-4,9.5885964964757e-4,5449.33642167602,-0.313868048217931,0.150362114928276,-2.08741442861221,0.0368506888261808,0.0926949947050334
2195,CCNT2,1290.26867181108,-0.363395432837836,0.0801309332372769,-4.53502059887135,5.75978637700359e-6,6.08557858973625e-5,1290.26867181108,-0.244880299169136,0.0975548448521203,-2.51018080691268,0.0120669358941686,0.0366699344215279
2234,CD164,4852.66207532566,-0.684326018053938,0.134381007776794,-5.09243106131931,3.53501266560639e-7,5.27807793276206e-6,4852.66207532566,-0.938188825114374,0.156076988235855,-6.01106438379396,1.8430918392488e-9,2.86446530827801e-8
2326,CDC6,3951.67467831083,-0.847920538134781,0.142151613438745,-5.96490266711016,2.44779910115017e-9,7.03662767583884e-8,3951.67467831083,-0.473321568238303,0.163950797764581,-2.8869732547319,0.00388967292686237,0.0138990365134735
2404,CDON,935.466044730917,-0.945883015121218,0.15598979649146,-6.06374927332509,1.3298441248865601e-9,4.11693702158937e-8,935.466044730917,-1.13502893377635,0.185115033039172,-6.13147897899879,8.70658407696846e-10,1.42791133421731e-8
2475,CEP135,1214.6662018933,-0.29819481966677,0.132967378921008,-2.24261636264876,0.0249215641731749,0.0707569437836429,1214.6662018933,-0.937280188450358,0.155119837016145,-6.04229740360548,1.5193507090592802e-9,2.38796561963779e-8
2477,CEP162,236.752543566195,-1.1276205511684,0.248103964385198,-4.54495176633974,5.49478353011918e-6,5.84043377859246e-5,236.752543566195,-0.665223350021692,0.289773289172524,-2.29566828578749,0.0216948551033421,0.0600128406766727
2483,CEP19,494.912193032347,-0.575122001907777,0.181774474142629,-3.16393159501871,0.00155653374874207,0.00726874990050756,494.912193032347,-0.859512933810841,0.211254060851628,-4.06862206740968,4.72919834267069e-5,2.9264137112917e-4
2495,CEP55,5452.30995314452,-0.259129056462464,0.101544301771571,-2.55188180864533,0.0107142857981216,0.0359198358411847,5452.30995314452,-0.803752866410863,0.117781584800623,-6.82409620970399,8.848057188036e-12,2.0075554316614e-10
2582,CGNL1,121.108729279378,-1.40078284219435,0.25220994544063,-5.55403491225166,2.79149690512242e-8,5.97002743911931e-7,121.108729279378,-1.30733327247245,0.342032526279606,-3.82224838875039,1.3224038444928e-4,7.3132083104419e-4
2609,CHD6,2711.77336873072,-0.183532002881517,0.0852675630248828,-2.15242463101659,0.0313639254793758,0.0849841058034563,2711.77336873072,-0.362507046107531,0.0993842031559257,-3.64753184707621,2.6477150184874e-4,0.00134300277624684
2647,CHP1,2723.86773378898,-0.215043480887021,0.0771642466992291,-2.78682796872517,0.00532267270698271,0.0202348407675504,2723.86773378898,-0.225821277669078,0.0911290397906263,-2.47803859437029,0.0132106854541979,0.0395948801247653
2703,CIP2A,2715.95093398034,-0.336984137661659,0.123689597619098,-2.72443393905606,0.00644118146865977,0.0237625919681307,2715.95093398034,-0.720824490440144,0.143577948983346,-5.02044008529299,5.15532298593545e-7,5.06744180148465e-6
2770,CLGN,1673.65892797508,-0.558046936699673,0.142528829251397,-3.9153267421805,9.02818581691575e-5,6.5092676576474e-4,1673.65892797508,-0.742902406154366,0.163997713591129,-4.52995587491257,5.89960065009809e-6,4.56487903293487e-5
3099,CREBL2,2247.64637884339,-0.242619749606835,0.107654559205111,-2.25368764126914,0.0242158253974173,0.0690632688254898,2247.64637884339,-0.313483548727624,0.125634074573665,-2.49521119004872,0.0125882183543241,0.0380631732670996
3125,CROT,294.559993971896,-0.340484379114042,0.162679901497004,-2.09297138725101,0.0363517088255957,0.0954926657593308,294.559993971896,-0.612040619980288,0.191357923191379,-3.19840751703905,0.00138188849256046,0.00571374127570213
3157,CSGALNACT1,251.061366849372,-0.516855065451105,0.245187121447755,-2.10800250192275,0.0350307730194706,0.0926964926223527,251.061366849372,-2.34475292428887,0.307832965429898,-7.61696500247904,2.59709713333114e-14,8.789353401138989e-13
3217,CTCF,2294.68837094176,-0.363312254995113,0.0861350359800205,-4.21793815793361,2.46546412200818e-5,2.1389219397552e-4,2294.68837094176,-0.60723187445361,0.0995772421241447,-6.09809893807426,1.07337308012901e-9,1.72751048789475e-8
3233,CTNNB1,16207.0165227836,-0.411732216716409,0.115936045385975,-3.55137365040932,3.8322594265731e-4,0.00224856361583028,16207.0165227836,-0.361960628476591,0.133912372392259,-2.70296629064512,0.00687237156359083,0.0226361942023605
3252,CTSS,1331.51482677945,-0.392812978831441,0.151692229882804,-2.58953922119098,0.00961044743146053,0.0328409500417412,1331.51482677945,-0.420485252311328,0.170564284373045,-2.46525967530034,0.0136913986527488,0.0407992863737112
3285,CXCL11,45.4617739409773,-1.06869717176445,0.511408023966746,-2.08971529909734,0.0366433818656799,0.0960878137238945,45.4617739409773,-3.04619230198847,0.602623670679949,-5.05488325500292,4.30654121300366e-7,4.31273424793386e-6
3353,CYP4V2,1235.40469956966,-0.312617765519986,0.145039757230037,-2.15539360717603,0.0311310462053028,0.0844726580146341,1235.40469956966,-1.17104595202682,0.170251943258177,-6.87831181022706,6.05659905557046e-12,1.42416600649557e-10
3418,DBR1,548.904467585339,-0.770769131488988,0.14051011088157,-5.48550653510363,4.12286313890554e-8,8.27751252423348e-7,548.904467585339,-0.526228706202587,0.162818553016314,-3.23199473557451,0.00122929320810083,0.0051617770931989
3430,DCAF6,2877.48958210563,-0.408519566852008,0.12121171357072,-3.3702977609805,7.5086999677121e-4,0.00396198030477494,2877.48958210563,-0.566732778955765,0.141267238998797,-4.01177784015861,6.02631978618956e-5,3.6298252178559e-4
3444,DCLRE1A,615.933981706534,-0.252072655878757,0.115550105854034,-2.18150086506352,0.0291463905443409,0.0803020295244136,615.933981706534,-0.699367650637199,0.136692404454767,-5.11636073289373,3.114870792558e-7,3.24498564844966e-6
3541,DEGS1,5909.74112851221,-0.362091725893651,0.0940000161157901,-3.85203897675531,1.171383719455e-4,8.1344560408277e-4,5909.74112851221,-0.402095670977372,0.109092808937591,-3.68581279456651,2.2797388909173e-4,0.00117934149596997
3565,DENR,4742.42470037158,-0.235098874846608,0.0669189187610167,-3.51318997974552,4.4276077420349e-4,0.00255304714737726,4742.42470037158,-0.244647141366914,0.078021280916338,-3.13564630692553,0.00171475871953984,0.00685222277112961
3606,DHFR,1455.02813025079,-0.620111137229554,0.199504036689992,-3.10826360968897,0.00188190128084934,0.00854479689263594,1455.02813025079,-0.939109078644604,0.230774954185047,-4.06937174773125,4.71400802607918e-5,2.9190092106768e-4
3636,DHX9,10132.1356642022,-0.97531826759978,0.133729982923556,-7.29319069873282,3.02699157089244e-13,2.2334152807234798e-11,10132.1356642022,-0.824870239454515,0.154345205246029,-5.34432046748493,9.07568777739053e-8,1.03937003730192e-6
3649,DIO2,70.4287492147384,-2.33342374531281,0.293908380602121,-7.93928958586482,2.03342524144224e-15,2.36894040628021e-13,70.4287492147384,-1.5539578312893,0.408343897766024,-3.80551255887678,1.4151083322441e-4,7.7665812257084e-4
3663,DIS3L,1138.90861110914,-0.350314449782177,0.12926937789854,-2.70995695559956,0.00672919404807361,0.0245894692949417,1138.90861110914,-0.395982102161577,0.151109778200905,-2.6204929083749,0.00878027562587227,0.0279394851462291
3760,DNAJC10,5687.15772625359,-0.387081812398417,0.0832487160399599,-4.64970309226889,3.32413213023831e-6,3.77089889572453e-5,5687.15772625359,-0.213096789222288,0.0964961380312862,-2.20834526199585,0.0272202144082204,0.0721700398411538
3762,DNAJC13,3676.72227067552,-0.219300481103309,0.0748343523202182,-2.93047877484015,0.00338440113302831,0.0139212486094461,3676.72227067552,-0.653661673628097,0.0875590185140894,-7.46538374596917,8.30571939135793e-14,2.61536270086829e-12
3820,DOCK11,672.479908636739,-0.421634540429579,0.114357038360593,-3.68700122418415,2.2691226581019e-4,0.00143968556179393,672.479908636739,-0.861952284331966,0.135255458870309,-6.37277261510353,1.85641024790335e-10,3.4474014306192802e-9
3826,DOCK7,3048.31248927697,-0.324717047198101,0.106148216159362,-3.05909094798727,0.00222009740398834,0.00979653247690642,3048.31248927697,-0.261385058752786,0.123667446902755,-2.1136124768414,0.034548379323293,0.0878557522510594
3852,DPH3,1677.0336208368,-0.266960670746152,0.113174290828754,-2.35884553630732,0.0183318844057347,0.0551759547318665,1677.0336208368,-0.381493057196259,0.132279158946432,-2.88399971873688,0.00392659104024343,0.014017124876705
3880,DPYSL2,3056.72774863563,-0.875787749048654,0.155084834273671,-5.647152754493,1.63126878915221e-8,3.75637291525452e-7,3056.72774863563,-2.66156746829,0.182359237072536,-14.5951886562858,3.01377871371197e-48,1.7052336684521498e-45
4030,ECHDC1,2135.96692531207,-0.363435888568237,0.0877180597557235,-4.14322762701695,3.4245173589096e-5,2.8350328841314e-4,2135.96692531207,-0.469444938308515,0.102343191866999,-4.58696792375392,4.49729745540879e-6,3.57297357295443e-5
4396,EPC2,839.256893582788,-0.441335605333795,0.0896989728336358,-4.9201857211045,8.646212999229e-7,1.13834304676838e-5,839.256893582788,-0.662104593616195,0.107096861798313,-6.18229687124806,6.31755752429461e-10,1.0542460510127e-8
4590,EXTL2,849.412556129284,-0.75530737715758,0.164968922694362,-4.57848281252913,4.68360640465186e-6,5.09283080405163e-5,849.412556129284,-0.545768683765629,0.191280647481351,-2.85323523812747,0.00432765730109809,0.0152831213367821
4626,FADS2,6761.89539502357,-0.824141533467982,0.125035028621097,-6.59128519868972,4.3603534463031397e-11,1.98491359452792e-9,6761.89539502357,-0.778321538278862,0.144780724354287,-5.37586437524835,7.6216148058297e-8,8.85163294896424e-7
4644,FAM111A,2673.65474598473,-0.378346696417761,0.154694093548052,-2.44577338242224,0.0144541820255097,0.0457388590614236,2673.65474598473,-1.33570591531278,0.179284034120837,-7.45022233498226,9.318306038763881e-14,2.92404244606341e-12
4646,FAM111B,1561.05965952774,-1.12736984149269,0.322613547645787,-3.49449007866986,4.7496826258337e-4,0.00269057517396875,1561.05965952774,-1.18426041629571,0.37307271453584,-3.17434207904781,0.00150176586298319,0.0061144856657581
4723,FAM217B,801.66953879786,-0.40752715851322,0.118413409809776,-3.44156256599559,5.7836470209545e-4,0.00317473098100011,801.66953879786,-1.11006964561334,0.138122890064429,-8.0368260836096,9.219538050323879e-16,3.8111633776064904e-14
4798,FAM98B,1129.42515851345,-0.315653185547807,0.10046514008608,-3.14191753753939,0.00167845300843306,0.00775858340462443,1129.42515851345,-0.492502286667769,0.118489676569652,-4.15649954431483,3.23160816235471e-5,2.0926858865377e-4
4808,FANCF,231.769918556885,-0.63015820183257,0.197392849469047,-3.19240642975461,0.00141092649936189,0.006701900871969,231.769918556885,-1.02204072075972,0.236894941244854,-4.314320581896,1.60094490498985e-5,1.1097514720423e-4
4863,FBXL3,1497.42033391811,-0.320832483318429,0.110178724806776,-2.91192772362434,0.00359205740843136,0.01463602222469,1497.42033391811,-0.678563565265258,0.131783868251198,-5.14906395046643,2.61789620874359e-7,2.76705363429722e-6
4902,FBXO9,2072.39932355548,-0.307016033635185,0.0762431154226769,-4.02680336359746,5.654027778857e-5,4.355003214789e-4,2072.39932355548,-0.509149771366243,0.0906988102919615,-5.61363230374554,1.98122987424064e-8,2.57887477375996e-7
4939,FEN1,4946.32839239552,-0.504804339983468,0.117080588078063,-4.31159723631464,1.62079469430999e-5,1.4756041466968e-4,4946.32839239552,-0.518352886367425,0.134593302253629,-3.85125320270868,1.1751491965611e-4,6.5670528867087e-4
5065,FMNL2,3416.164673324,-0.413285445976048,0.0994826634251058,-4.1543464132038,3.26218645302282e-5,2.7235642484737e-4,3416.164673324,-0.24441032843513,0.1156668297459,-2.11305461532971,0.0345960935734372,0.0879647339194852
5158,FRK,45.5904373296132,-0.943748417942954,0.2906315639762,-3.24723304320874,0.00116532928574117,0.00569649124169,45.5904373296132,-0.964926473956138,0.315141733734033,-3.06188095915756,0.00219950905971979,0.00850583319848068
5230,FZD1,1305.58055532146,-0.54093715207319,0.158137909936538,-3.42066713977865,6.2467737424291e-4,0.00338177528067669,1305.58055532146,-2.45439140301169,0.184911274093466,-13.27334644707,3.3048590757338e-40,1.12901468726861e-37
5277,GALM,539.510743856906,-0.793722101472024,0.169597400926194,-4.68003694123497,2.86823231446105e-6,3.313154456913e-5,539.510743856906,-1.11030214306577,0.195705794206908,-5.67332279335539,1.40053968935743e-8,1.88693340937704e-7
5294,GALNT7,2565.53015277942,-0.441137710981439,0.086705031628833,-5.08779828222498,3.62244365700397e-7,5.37688451619667e-6,2565.53015277942,-1.74455834226351,0.10236887133838,-17.0418831374713,4.0158986911984e-65,4.84745744685589e-62
5345,GATA3,338.421161960822,-0.545872102944528,0.234559990520899,-2.32721744971205,0.0199536947490067,0.0591562073690626,338.421161960822,-1.62936820586027,0.283781972858369,-5.74161984092437,9.3775157712103e-9,1.31926418456514e-7
5427,GFM1,1446.54570988293,-0.774994385203302,0.109102631019984,-7.10335193531079,1.21766794978816e-12,7.98609779809211e-11,1446.54570988293,-0.305329692483522,0.126314557786443,-2.41721696876566,0.0156396915992213,0.0456287876402677
5504,GLIPR1,2090.73953182386,-0.291359799436002,0.127702900643787,-2.28154409936794,0.0225162702774619,0.0651606658070429,2090.73953182386,-0.905816320111216,0.149356460069447,-6.0647950526548,1.32122020211842e-9,2.09474719610824e-8
5518,GLRB,1041.25190414588,-0.546835608108142,0.164581718277778,-3.32257807143076,8.9189708964859e-4,0.00456861835796856,1041.25190414588,-0.644246840535136,0.193537893850364,-3.32878914675615,8.7224412097858e-4,0.00382393512214003
5520,GLRX2,702.427390678443,-0.619515805459124,0.161212717610217,-3.84284698281063,1.2161529798649e-4,8.3959598313636e-4,702.427390678443,-0.702414756980936,0.186038377482239,-3.77564439384554,1.595945404851e-4,8.6128725783109e-4
5535,GM2A,1723.89947081441,-0.526807473739505,0.139777305959802,-3.76890561827688,1.6396486751054e-4,0.00109071745825571,1723.89947081441,-0.726498491269449,0.161148983832694,-4.50824121872035,6.53672340813809e-6,5.00016535816427e-5
5664,GPD2,2524.6764014282,-0.528469493156626,0.143343369155313,-3.68673832818891,2.2714671012306e-4,0.00144065685632493,2524.6764014282,-0.725530751483461,0.167095859217198,-4.34200317639461,1.41189491511108e-5,9.92754487963685e-5
5975,HARBI1,141.410956285648,-1.33886489148981,0.189172315398153,-7.07748852506187,1.4679034310711099e-12,9.316714680074249e-11,141.410956285648,-0.635317871094061,0.212135951609318,-2.99486186228396,0.00274569157449303,0.0103483537984535
6205,HMGN3,995.353507708322,-0.505504793887382,0.12504517778684,-4.04257727354428,5.28668815428602e-5,4.1240825478456e-4,995.353507708322,-0.802842965986755,0.14359964346487,-5.59084233508673,2.25970697304404e-8,2.90377959218846e-7
6228,HNRNPA3,4500.82289008638,-0.283656439214738,0.112262740316032,-2.52671935867782,0.0115133463430579,0.0381152247229146,4500.82289008638,-0.479730611911441,0.129472151839607,-3.70528028688164,2.1115710100868e-4,0.00110147233387015
6255,HNRNPU,18929.3125581147,-0.348292041372993,0.069200446644705,-5.03308949956963,4.82637657221625e-7,6.87021513993612e-6,18929.3125581147,-0.481885716562139,0.0799997391344447,-6.0235910988697,1.70589019912708e-9,2.65807641526635e-8
6403,HSPH1,9719.56328796465,-1.3980279039043,0.115755354802751,-12.0774361262731,1.38986153369279e-33,2.6281216813552e-30,9719.56328796465,-0.628644875412766,0.133923379282031,-4.69406371600655,2.67830552279559e-6,2.23471888459618e-5
6405,HTATSF1,3347.83052002791,-0.269573003858662,0.116655369205365,-2.31084951935727,0.0208411681927246,0.0612743493868119,3347.83052002791,-0.704350731222019,0.134826299993491,-5.22413454389849,1.74971526459324e-7,1.92235100611196e-6
6453,IDE,2433.68058623263,-0.396359811236655,0.0843781587961558,-4.69742190267742,2.63465872241951e-6,3.07342138712811e-5,2433.68058623263,-0.469787230204977,0.0990759762237069,-4.7416866137582,2.11946302189653e-6,1.81356320767763e-5
6454,IDH1,2466.1355048345,-1.05994983644428,0.133012862625338,-7.96877697031358,1.6025236913148e-15,1.8918326350534998e-13,2466.1355048345,-1.30387876559785,0.154893283447703,-8.41791675258844,3.8323794197914e-17,1.95462145844347e-15
6478,IFI44L,224.903448693636,-0.540198945305658,0.224751232050791,-2.40354164191447,0.0162371176176026,0.0500743432205688,224.903448693636,-2.05647455736341,0.255470888175791,-8.04974129165097,8.29692301240383e-16,3.4455066069399903e-14
6480,IFIH1,704.17480398502,-0.648237754522636,0.222175070763022,-2.91768897516889,0.0035263589691677,0.0144180938873289,704.17480398502,-2.09754738363587,0.257068958095587,-8.15947362596745,3.3648773963463797e-16,1.4817763939169e-14
6513,IFT80,386.358228919741,-0.655855660534961,0.246917577279157,-2.65617242709891,0.00790331925029134,0.0280746193147761,386.358228919741,-0.714419867914047,0.289403341447489,-2.46859578172381,0.0135644345410574,0.040483431121678
6635,IMP3,574.352497166327,-0.687183726819551,0.118485076224661,-5.79974920652938,6.641417150506441e-9,1.69463657729729e-7,574.352497166327,-0.461577854005865,0.135941416629675,-3.39541741913189,6.8524041870355e-4,0.0030994161931168
6663,INIP,1118.57136035523,-0.450214115608615,0.0978277183063805,-4.60211199241729,4.18228203269793e-6,4.61144771077304e-5,1118.57136035523,-0.601367033209296,0.115278474950207,-5.21664632941276,1.82191655082137e-7,1.99080392692648e-6
6705,INTS7,2507.10714878095,-0.412006888495567,0.118854617897001,-3.4664777505962,5.2732537632508e-4,0.00294106386266602,2507.10714878095,-0.453941746303853,0.137117843551781,-3.31059572222946,9.3097604486123e-4,0.00404129759488312
6784,ITFG2,388.927797691981,-0.905452532646503,0.14647024862716,-6.18181877298051,6.33672474349963e-10,2.12520306359643e-8,388.927797691981,-0.522691663093868,0.16448321440181,-3.17778117964671,0.00148406710173147,0.00605328203287904
6811,ITGB6,18.5053076591724,-1.78955756002194,0.600479795186706,-2.98021278045753,0.00288048222332834,0.0121504476442826,18.5053076591724,-3.15398596462969,0.66988493387033,-4.7082503354825596,2.49852142299555e-6,2.10410366905848e-5
6813,ITGB8,238.746025366275,-0.543218445894248,0.261458589043439,-2.07764620730818,0.0377419569644566,0.098559884077068,238.746025366275,-2.4581133398213,0.330023153193085,-7.44830572048726,9.45465280031167e-14,2.96169452599382e-12
7000,KCTD7,1043.65850669951,-0.54953300459468,0.127960816151191,-4.29454125976646,1.7505492476307e-5,1.5759393023408e-4,1043.65850669951,-0.45665450460419,0.149961958718332,-3.04513563644435,0.00232575396233013,0.00893109252215256
7226,KRR1,1872.45779301405,-0.217925921958862,0.0730170900843595,-2.98458787808558,0.00283960621917467,0.0120181039505605,1872.45779301405,-0.36806931481031,0.0861241691577026,-4.27370526078848,1.92251135648388e-5,1.3105794661331e-4
7288,L3MBTL2,593.501061679996,-0.521095385633883,0.113352560034958,-4.59712057207333,4.28369750485746e-6,4.7115351190072e-5,593.501061679996,-0.471310676260373,0.129176298274889,-3.64858478338972,2.6368888349397e-4,0.00133847797155646
7366,LCMT2,327.109976949203,-0.991716360361997,0.13975953783992,-7.09587607178486,1.2853462055314898e-12,8.33732989287606e-11,327.109976949203,-1.7181356629238,0.176738821992797,-9.72132575939554,2.44576071465288e-22,2.308149578322e-20
7769,LINC01963,134.280738785109,-0.781361155059595,0.249387851915286,-3.13311634491729,0.00172960868319422,0.00796357528913243,134.280738785109,-1.05925041354746,0.280893806584118,-3.77099953334233,1.6259497718967e-4,8.7591331657132e-4
8052,LNPK,2034.24036115092,-0.36998025076118,0.107203668201493,-3.4511902154858,5.5812006472945e-4,0.00308367866028994,2034.24036115092,-0.681288954128777,0.126799675020021,-5.37295504914508,7.74566432360667e-8,8.98417669719554e-7
8147,LRRC40,928.952162184013,-0.234691624205863,0.105943016799045,-2.21526280161562,0.0267420315016202,0.0749640484139133,928.952162184013,-0.855473569613066,0.126645863723141,-6.75484808160186,1.4298499673466498e-11,3.1687715433021303e-10
8178,LRRCC1,329.418546621116,-1.02889048503668,0.233758103017501,-4.40151794421281,1.07496175961747e-5,1.0294982606439e-4,329.418546621116,-0.993640014733436,0.269213380565434,-3.69090129415735,2.2346084589599e-4,0.00115864320612624
8195,LSG1,2124.15793341949,-0.701822081333295,0.0877557872135713,-7.99744499613763,1.2702748891442501e-15,1.5302059685011199e-13,2124.15793341949,-0.463738728356053,0.100004764607817,-4.63716634077058,3.5321814820624e-6,2.87303135284015e-5
8258,LYRM2,1215.56775064496,-0.637978932997924,0.148215952955159,-4.30438775501404,1.67448161850631e-5,1.5190430584277e-4,1215.56775064496,-0.703468820146663,0.171749231990895,-4.09590664244691,4.20519380495937e-5,2.647400522691e-4
8275,M6PR,2656.39806924225,-0.268624407681902,0.0801430819906571,-3.35181029989859,8.028501086007e-4,0.0041679477347116,2656.39806924225,-0.318085533164945,0.0915184937043103,-3.4756421384366,5.0963184510511e-4,0.00239299641791319
8325,MAL2,1007.71675591418,-2.14438999299641,0.448637881566598,-4.779779151748,1.75487856671162e-6,2.12263590569189e-5,1007.71675591418,-3.96603596911486,0.533660112954134,-7.43176391272795,1.07158939009576e-13,3.29969345188329e-12
8341,MAN1A2,2284.17235193269,-0.278794482966913,0.08109980306939,-3.43767151602542,5.8673899881998e-4,0.00321038656944205,2284.17235193269,-0.303300154984923,0.0945508600729453,-3.2077990062801,0.00133754940690171,0.00555961192868742
8449,MARCKS,5422.00270487747,-0.410260432953706,0.124254869006754,-3.30176544575814,9.6078376687546e-4,0.00486344008007994,5422.00270487747,-0.815753296125295,0.144793847386367,-5.63389474656714,1.76184574093402e-8,2.33122503013302e-7
8522,MCM10,1535.29646761756,-0.881919753341816,0.222774630017324,-3.95879797117487,7.5327920869542e-5,5.5710791127247e-4,1535.29646761756,-0.748108254565252,0.256359274367146,-2.91820241889843,0.00352055730022069,0.0127895687154486
8546,MCUR1,3243.15828137185,-0.337067143064139,0.0874742794532178,-3.85332860323137,1.1652284015463e-4,8.0948860473056e-4,3243.15828137185,-0.334188197859064,0.10166005880079,-3.28731068820184,0.00101149172060957,0.00435220273131106
8549,MDFIC,1579.42686763673,-0.323018517158689,0.151261149704644,-2.13550219464432,0.0327200111147622,0.0879620398998343,1579.42686763673,-0.696328341406592,0.176808178507475,-3.93832653718082,8.20518804641315e-5,4.7723461216947e-4
8555,MDM1,460.644579171369,-0.867529061917424,0.214139057356046,-4.05124162134979,5.09465638440636e-5,3.9936332560897e-4,460.644579171369,-1.15410685149835,0.247359710482453,-4.66570262896639,3.07564235109036e-6,2.53355688848235e-5
8627,MESD,2055.78114065651,-0.384721637926855,0.097432458486153,-3.94859827930474,7.86101422003053e-5,5.7808488292483e-4,2055.78114065651,-0.720158022504634,0.112184123764954,-6.4194290451784,1.3678639289361e-10,2.6042633330512104e-9
8684,MFSD1,1791.41451458817,-0.543643722765799,0.13369116829123,-4.06641463093163,4.77419626802853e-5,3.7775454653373e-4,1791.41451458817,-1.0179638996542,0.154909797612262,-6.57133322323587,4.98667198887221e-11,1.00994052606846e-9
8764,MINDY3,1069.73969822543,-0.382569765411603,0.0932353679659921,-4.10326868180696,4.07353716910732e-5,3.3058751691362e-4,1069.73969822543,-0.562172675191398,0.111828449147477,-5.02709891335448,4.97955539978238e-7,4.90799292697113e-6
8864,MKLN1,3835.13757711657,-0.291673839384509,0.11678060717608,-2.49762222031204,0.0125029356934147,0.0407213509764554,3835.13757711657,-0.579291633659924,0.136671329871965,-4.23857464621592,2.24943391098068e-5,1.5123746896478e-4
8980,MPP7,90.2826624931375,-0.527342744676426,0.207213073244458,-2.54492989471903,0.0109299679499604,0.0364978073652459,90.2826624931375,-0.769929473674689,0.262053859563877,-2.938058134141,0.0033027508626325,0.0121248189616432
9068,MRPS17,198.609306033624,-0.544779934667442,0.14883508423284,-3.66029244700921,2.519275500042e-4,0.00157470280814487,198.609306033624,-0.731560896061375,0.178648170813936,-4.09498117292959,4.22202695553637e-5,2.6570740374328e-4
9110,MSH2,2656.61180726411,-0.414413443771798,0.130406461307772,-3.17785974418662,0.00148366503706563,0.00698557311256534,2656.61180726411,-0.495029186254305,0.151204891555768,-3.27389663893067,0.0010607540425801,0.00453613903990443
9192,MTERF1,360.088710398101,-0.434680288174005,0.110022103778072,-3.95084508700913,7.78757215189083e-5,5.7316013161131e-4,360.088710398101,-0.455714401507606,0.133669765390376,-3.40925563964831,6.5140406607158e-4,0.00295967930245722
9476,NBN,2641.0089578099,-0.228857863317498,0.104988145714118,-2.17984479829443,0.0292689679521266,0.0805055738577598,2641.0089578099,-0.649488940959056,0.121665473282547,-5.33831762977433,9.38130042544658e-8,1.0730121636332e-6
9499,NCAPG,3770.06113136732,-0.38347677239083,0.149596908875716,-2.56340037553464,0.0103652442974181,0.0349681360294686,3770.06113136732,-1.23646051564732,0.173510060746125,-7.12616035249088,1.03207474451279e-12,2.7440154661011e-11
9534,NDC1,3132.3259708575,-0.21684979039529,0.096612567266515,-2.24452984255236,0.0247983310426258,0.0705099730178872,3132.3259708575,-0.668290450555406,0.112342873512614,-5.94866794537146,2.70333421113074e-9,4.08228267112037e-8
9816,NOL11,3191.47966688731,-0.364586434728291,0.0584507107159266,-6.23750216657245,4.44612952121654e-10,1.55596959608108e-8,3191.47966688731,-0.150677701826245,0.0678117110679368,-2.22200117727879,0.0262832260392194,0.0701583503856858
9864,NPC2,6569.39382796162,-0.408743655039265,0.103220998491055,-3.95988859839103,7.49847346315458e-5,5.5511274283253e-4,6569.39382796162,-0.454488149567025,0.119604696654397,-3.7999189185713,1.4474343809203e-4,7.9247798309476e-4
9979,NSUN3,458.292210911267,-0.326772723639776,0.128839678586842,-2.53627397416644,0.011203904196944,0.0372579785013115,458.292210911267,-0.314467702146108,0.150679536645927,-2.08699674253085,0.036888429003652,0.092777037858053
10079,NUP50,2948.62016906873,-0.464666019455479,0.0889489304067054,-5.22396410311923,1.75132745101653e-7,2.89295769613813e-6,2948.62016906873,-0.386067283504571,0.102964636458393,-3.74951339395615,1.7717803404444e-4,9.4491472294805e-4
10111,NXT2,387.731842256205,-0.86089135211666,0.1602381617325,-5.37257381642845,7.76206373509685e-8,1.42731697425851e-6,387.731842256205,-2.12824458157311,0.201402169548111,-10.5671383101199,4.2321188029170896e-26,5.7184136601206604e-24
10212,ORC5,642.771412524156,-0.581534569833596,0.0824947379445866,-7.04935350208912,1.79750966703541e-12,1.12873408453415e-10,642.771412524156,-0.514821448711464,0.101297870939327,-5.08225339720929,3.72983377117688e-7,3.81970420027877e-6
10222,OSBPL11,731.845294887286,-0.486208201509492,0.103696824088855,-4.68874727631844,2.74882613442384e-6,3.18770223892451e-5,731.845294887286,-0.446674655886332,0.120618242974378,-3.70320977052548,2.1288870580416e-4,0.00110922673591087
10225,OSBPL3,8240.57114592873,-0.367987126512981,0.0853032400106017,-4.31387045166452,1.60420972900957e-5,1.4627881504274e-4,8240.57114592873,-0.375957520859838,0.0997235190887065,-3.76999853490343,1.6324850573626e-4,8.7864965661738e-4
10304,PABIR1,549.944223028633,-0.836723103164686,0.152006085302972,-5.50453688414491,3.70139966259554e-8,7.57738557517246e-7,549.944223028633,-0.575468458499372,0.177243310345193,-3.24677110452636,0.00116722222286866,0.00493663292858209
10305,PABIR2,1375.92230661761,-0.408929185921172,0.147246108696834,-2.7771816147829,0.00548325310509053,0.0207295999113884,1375.92230661761,-1.12366775423087,0.171994736384113,-6.53315198972953,6.439972914888279e-11,1.2799357804277401e-9
10321,PACSIN2,3258.29071064283,-0.134211571857506,0.0593861334751231,-2.25998164897748,0.0238223897960857,0.0682053392210647,3258.29071064283,-0.299258817240813,0.0690759837616536,-4.33231350382797,1.47550634628332e-5,1.0306912772301e-4
10520,PCNX4,9639.8801117945,-0.227902190413152,0.0788646230010718,-2.88978989235838,0.00385499386366163,0.0155287150449773,9639.8801117945,-0.215243735912662,0.0917991423196379,-2.34472491216965,0.0190411223894522,0.0538348785108402
10551,PDCD6IP-DT,391.99339704125,-0.836489007332736,0.142880963494326,-5.85444685474811,4.78600219442579e-9,1.28021943895607e-7,391.99339704125,-0.719077434659334,0.166549417711767,-4.31750194349992,1.57805019647613e-5,1.0959791659914e-4
10553,PDCL,1316.10879417656,-0.323561345894849,0.0889831277782965,-3.63621007682501,2.7667872035719e-4,0.00171188916145533,1316.10879417656,-0.460622984621649,0.104492114739588,-4.40820808124709,1.04229383465223e-5,7.57902496795712e-5
10585,PDGFC,3894.43040636461,-0.342838799935293,0.0999575926500426,-3.42984250466687,6.0393168583833e-4,0.00328251144653934,3894.43040636461,-1.05496751686884,0.117494713072343,-8.97885095663228,2.73609117175633e-19,1.85541823055506e-17
10620,PDS5B,1527.29436155232,-0.22304406667957,0.0916715428815456,-2.43307857235237,0.0149710517579285,0.0470549138319839,1527.29436155232,-0.473815036017219,0.109834301265309,-4.31390768237965,1.60393945162864e-5,1.1109765765565e-4
10645,PEG10,3640.10197417296,-1.60746700786251,0.14642865403709,-10.9778172751308,4.8858640422039e-28,5.407430028709159e-25,3640.10197417296,-0.725932881241458,0.168067555414821,-4.31929220038766,1.56530417787923e-5,1.0887974431302e-4
10675,PEX26,1228.44325167504,-0.319448241233241,0.0930185589927105,-3.43424199098026,5.9421345673359e-4,0.00323863708582285,1228.44325167504,-0.486983219877985,0.110618937649476,-4.40234945503737,1.07084892067022e-5,7.74622075815223e-5
10731,PGRMC1,3221.64069775955,-0.422468401238688,0.0707465353195385,-5.97157725577004,2.34970745500482e-9,6.83228565077593e-8,3221.64069775955,-0.773158330954021,0.0825371899680123,-9.36739342899441,7.43458244013436e-21,6.090975097786089e-19
10758,PHF14,1366.02475385415,-0.512500983601102,0.0934761838879543,-5.48269048098298,4.18905565671872e-8,8.38189803041527e-7,1366.02475385415,-0.390935377287315,0.107298974956483,-3.64342136023075,2.6903787556504e-4,0.00136105050991356
10849,PIK3C2B,388.840888324849,-0.656648331887195,0.16770798330023,-3.91542679701579,9.02444235958676e-5,6.5092676576474e-4,388.840888324849,-2.51737054582811,0.212196641137475,-11.8633854538592,1.83406405772434e-32,4.25737997809704e-30
10857,PIK3R1,584.641518688208,-0.515599700297866,0.116660100876349,-4.41967473390379,9.88495686409594e-6,9.57041094310612e-5,584.641518688208,-0.577968521335288,0.134721419676556,-4.29010117858685,1.78591735034081e-5,1.2280998542343e-4
10859,PIK3R3,301.605903104083,-1.01672199647003,0.185655246347037,-5.47639787442105,4.34071099940077e-8,8.63655172779651e-7,301.605903104083,-3.12354244604262,0.229026323543078,-13.6383556165984,2.3684096764869097e-42,8.93383866718167e-40
10914,PKD2,1855.45959201026,-1.1122607609933,0.153949196363574,-7.2248559087410396,5.01633434549231e-13,3.5249701821419697e-11,1855.45959201026,-1.35721238620612,0.180234425035071,-7.53026169080646,5.0638731516815104e-14,1.64018760794893e-12
10952,PLAAT4,927.585304936191,-0.509227713005626,0.24583854496545,-2.07139085157371,0.0383222851393795,0.0996784702185857,927.585304936191,-2.68941326022915,0.298785380021811,-9.00115413957947,2.23357104190358e-19,1.52607687866816e-17
11059,PLSCR4,1044.7441645494,-0.903125682744238,0.162994687718944,-5.54082893978436,3.01043180721985e-8,6.36902346980276e-7,1044.7441645494,-1.06500405361494,0.199709627025307,-5.33276271894483,9.67296738487105e-8,1.10358378998409e-6
11122,PODXL2,336.694157353076,-0.52232008292631,0.186160616336328,-2.80574964353715,0.00501996787230446,0.0192577103732165,336.694157353076,-0.683473023086567,0.211291932374283,-3.23473317417468,0.00121756456999736,0.00511846392021644
11130,POLA1,1538.01484427114,-0.408548580903479,0.171732848311711,-2.37897749277369,0.017360735948216,0.0528492199021848,1538.01484427114,-0.626181799238379,0.199135745551475,-3.14449722476628,0.00166372489376281,0.00667313603280472
11140,POLE2,963.733848617706,-0.31296888126607,0.148601485055603,-2.10609524628212,0.0351960796870424,0.092994953610586,963.733848617706,-0.588991089594497,0.171549310696123,-3.43336319571588,5.9614295657791e-4,0.00274486558315232
11154,POLR1A,3827.53921857511,-0.538248210691225,0.0905944452335524,-5.94129374382305,2.8278137438686903e-9,7.98643154328976e-8,3827.53921857511,-0.383407356276288,0.104540293823608,-3.66755575532642,2.4488016417804e-4,0.00125496752125892
11201,PON2,712.169079881223,-0.431673646533232,0.102819899035951,-4.19834731001143,2.6887004929749e-5,2.3045260566117e-4,712.169079881223,-0.425125928831959,0.122576182773045,-3.46825883474523,5.2384247313451e-4,0.0024495588374415
11452,PRKACB,975.57377952575,-0.34473500350844,0.162496877711593,-2.12148693786161,0.0338808460166376,0.0903149211595091,975.57377952575,-0.408055216630601,0.190323373528478,-2.14401000289932,0.032032085304663,0.0827114855285551
11492,PRMT6,548.537781385511,-1.22953965871722,0.199314865972115,-6.16883067261646,6.8796851702279e-10,2.26863063304275e-8,548.537781385511,-1.17328980928492,0.230384113548429,-5.09275483979184,3.52897898502179e-7,3.63250105189338e-6
11557,PRRG4,555.04350427645,-0.764338883766623,0.226783361402219,-3.37034815535257,7.5073267800142e-4,0.00396198030477494,555.04350427645,-0.544611842180594,0.260418604860054,-2.0912939091785,0.0365017254821561,0.091996136077383
11612,PSMA3-AS1,1740.16072428049,-0.403681572470279,0.137085625281191,-2.94474035218678,0.00323225786476352,0.0133840636734594,1740.16072428049,-0.501154881740549,0.160110025535676,-3.13006559123232,0.00174767275560295,0.00696683463517106
11613,PSMA4,4320.50550455636,-0.239008859610574,0.0760656553120299,-3.14213896705593,0.00167718411878469,0.00775648377525182,4320.50550455636,-0.271900673370468,0.088439397637139,-3.07442927739126,0.0021090571919066,0.00820158709550278
11666,PSPC1,1809.8067996233,-0.680980461906289,0.104112636923651,-6.54080505525637,6.118854901396819e-11,2.68199709390928e-9,1809.8067996233,-0.409870376191064,0.119426747942612,-3.43198138818967,5.9918867770353e-4,0.00275562870167645
11697,PTGER4,334.371408379531,-0.426593330535091,0.15982432360932,-2.66913897022252,0.00760459785926742,0.0271605927575449,334.371408379531,-1.50995532986076,0.188721771530505,-8.00095991901333,1.23452972213644e-15,4.97826172583572e-14
11844,R3HCC1L,670.710760949732,-0.245848212969529,0.0919113588996844,-2.67484036698726,0.00747648404555498,0.0267623973071938,670.710760949732,-0.410050189648094,0.107354990284372,-3.81957269580029,1.3368305751815e-4,7.3794678031213e-4
11881,RAB30,1014.68369160005,-0.353288051740494,0.158638190484905,-2.2270050525703,0.0259469361135169,0.073152100732074,1014.68369160005,-1.03197520272906,0.187875023425201,-5.4928812990404,3.954285843844e-8,4.88045667952553e-7
12114,RBM23,2658.69405552778,-0.214077682662105,0.102457941472937,-2.08942010335677,0.0366699231318093,0.0961289413498267,2658.69405552778,-0.24964302974156,0.118267385291023,-2.11083579067263,0.0347864286325058,0.0883618233473836
12136,RBM47,948.210962737399,-0.721996765500044,0.184407062287247,-3.91523381233309,9.03166401334971e-5,6.5092676576474e-4,948.210962737399,-0.861627139598446,0.216278141417433,-3.98388451995914,6.77978279569209e-5,4.0221083649672e-4
12138,RBM4B,663.606237989526,-0.554054604060622,0.137098715096248,-4.04128225178227,5.3159728362825e-5,4.1396326730382e-4,663.606237989526,-0.397113021718672,0.159298787793692,-2.49288162966421,0.0126711080646636,0.0382793861905288
12206,REEP1,63.5290653957198,-1.25295924391004,0.357844967998918,-3.50140243948834,4.6281638719325e-4,0.00264092858278587,63.5290653957198,-1.67207751467394,0.403947635518884,-4.13934225045308,3.48303005195062e-5,2.2355101779729e-4
12247,RFC2,2579.56384401017,-0.513203407593098,0.125868258924863,-4.07730600213874,4.55605153815867e-5,3.6325331219141e-4,2579.56384401017,-0.308165874765768,0.145017452379874,-2.12502612415591,0.0335844331063559,0.0858748405343425
12272,RGL1,685.68779974317,-1.09128859721409,0.15802166474366,-6.90594292234781,4.98710483423198e-12,2.89546401326491e-10,685.68779974317,-0.723691281443397,0.180420213514085,-4.01114302742414,6.04254881807202e-5,3.6371804820482e-4
12320,RHOBTB2,437.162646085219,-0.48253473028218,0.143070630084322,-3.37270290903022,7.4434219251838e-4,0.00393339646228456,437.162646085219,-0.663323687877287,0.162386311670918,-4.08484976998268,4.41053428637946e-5,2.757497713715e-4
12473,RNF144B,374.908935587195,-0.421425917322145,0.137675579505351,-3.06100703433586,0.0022059391179664,0.00974376899499851,374.908935587195,-0.575077241477158,0.164822049879109,-3.48907953698524,4.8468690773139e-4,0.00228952286756709
12491,RNF19A,2751.92960010661,-0.464401019391671,0.103621816701959,-4.48169154114908,7.4053726359256e-6,7.47630208876684e-5,2751.92960010661,-0.801878409160089,0.121475012938782,-6.60117986210217,4.07898307671856e-11,8.36399406422041e-10
12516,RNF34,1490.58708789069,-0.458858224160446,0.0749817229995934,-6.11960096146275,9.38099778317843e-10,3.02584168933558e-8,1490.58708789069,-0.611353409237707,0.0857404168389109,-7.13028268087753,1.0016300365862e-12,2.6669872709455496e-11
13009,RRM2,6064.7762936871,-0.432205994680691,0.154842676686795,-2.79125886951003,0.00525034619358764,0.0200071294159781,6064.7762936871,-0.6262474032315,0.178459598845543,-3.50918307158988,4.4948539815621e-4,0.00214733050633676
13015,RRP15,1408.00030729872,-0.567246191445799,0.0928465253294596,-6.10950371522213,9.99414296037349e-10,3.20609209315749e-8,1408.00030729872,-0.343248306225234,0.107432492130226,-3.19501390518951,0.00139824103623068,0.00576818231988898
13043,RSU1,3156.61111849704,-0.343230646338939,0.0816848563057154,-4.20188835314048,2.64697679517633e-5,2.2720632617054e-4,3156.61111849704,-0.279220595051955,0.094108290072807,-2.96701379693474,0.00300707464879282,0.0111867872593061
13065,RTN3,7146.10826961539,-0.313581573072877,0.0763195107822841,-4.108799569843,3.97721056017219e-5,3.2380894068749e-4,7146.10826961539,-0.371316537723562,0.0887694257987746,-4.18293274269087,2.87772546747728e-5,1.8871458643297e-4
13155,SAMD9,2724.24661233796,-1.16890292995705,0.340591456508871,-3.43197959789872,5.9919263316401e-4,0.00326175934462598,2724.24661233796,-3.37403716336475,0.395217109810736,-8.53717382068941,1.3754456539908101e-17,7.45623323687354e-16
13334,SEC61A2,585.383981033152,-0.673005706534618,0.108301357189116,-6.21419457707641,5.15885705054696e-10,1.76357221334142e-8,585.383981033152,-0.335050682500369,0.129909626399902,-2.57910588911233,0.00990564174709529,0.0310028607559045
13338,SEC62,4924.55600394135,-0.204401836402784,0.0852516094567255,-2.39763023484665,0.0165015137084734,0.0506954900676001,4924.55600394135,-0.386713382947464,0.0989088474827697,-3.909795663273,9.23742283466116e-5,5.3079269388884e-4
13367,SEMA3C,6992.9113062882,-0.734721515492443,0.0799247413500659,-9.19266678980422,3.8322062567651495e-20,1.1124706294228999e-17,6992.9113062882,-0.773665274900066,0.0937195598065875,-8.25510999514623,1.51762406294607e-16,6.921436091612461e-15
13407,SEPTIN6,203.113651495457,-0.728922593687049,0.194624582474046,-3.74527505426636,1.8019624290593e-4,0.00118269646752343,203.113651495457,-0.981443810610685,0.227156829702904,-4.32055603124196,1.55636529544928e-5,1.0838288476694e-4
13425,SERINC1,7733.04690485244,-0.306231362100451,0.108439052069882,-2.82399519596597,0.00474290957719657,0.01841426064306,7733.04690485244,-0.41204458418291,0.125773264638281,-3.27609039463143,0.00105254866603263,0.00450544591783922
13450,SERPINI1,186.471764685538,-1.52108660812958,0.235629944937753,-6.45540450527802,1.07930221989539e-10,4.45507778785723e-9,186.471764685538,-1.03324318774555,0.256390016222848,-4.02996654459227,5.57847919403248e-5,3.3916703924497e-4
13526,SGPP2,64.9960706112071,-1.24732073429058,0.295299004873148,-4.22392461101043,2.40084389699186e-5,2.0914140702246e-4,64.9960706112071,-1.785622057562,0.347989252948792,-5.13125633171426,2.87814639104341e-7,3.01398025195095e-6
13607,SHROOM2,285.02660908197,-0.576215537225859,0.182818930935923,-3.15183736320951,0.00162246615336051,0.00753886923214585,285.02660908197,-1.71621092990339,0.218384630263784,-7.85866170082756,3.8825927398596705e-15,1.46760384442378e-13
13656,SKA2,3475.70685674015,-0.476809461483468,0.128501939424253,-3.71052346462466,2.0683112352313e-4,0.00132605558846764,3475.70685674015,-0.992258141393153,0.149503399175291,-6.63702729748466,3.2007239160354594e-11,6.70744296571042e-10
13657,SKA3,1452.32439896325,-0.422241447823507,0.156859643258009,-2.69184245898728,0.00710585027614332,0.0256639601651939,1452.32439896325,-0.539411817779113,0.18053325899338,-2.987880575506,0.00280919300508727,0.0105416059171213
13684,SLC12A2,904.228556685942,-0.567574532444708,0.105171499372219,-5.39665722969273,6.78939165322197e-8,1.26955171483901e-6,904.228556685942,-0.88324434651492,0.123640170583343,-7.14366813267653,9.08726475178537e-13,2.43754097179001e-11
13716,SLC18B1,321.067974997902,-0.551232094309756,0.148891593043473,-3.70223787013152,2.137061117994e-4,0.00136642710929542,321.067974997902,-0.406469408032287,0.163054413856829,-2.49284517001293,0.0126724091917613,0.0382793861905288
13744,SLC24A1,329.805304004703,-0.413125247684048,0.124422314135492,-3.3203469213261,8.9905649298271e-4,0.00459864020154186,329.805304004703,-0.369076679805969,0.143359696274335,-2.57448006237191,0.0100390872323852,0.0313771298859946
13750,SLC25A13,1663.09313760495,-0.440124389318411,0.0888669240474841,-4.95262319514108,7.32196716739899e-7,9.83743509865715e-6,1663.09313760495,-0.420130326599898,0.103611238814361,-4.05487214907873,5.01617310937906e-5,3.0880342383701e-4
13840,SLC35A5,1199.42395887255,-0.293125325344486,0.108616132119803,-2.69872734025522,0.00696051783130973,0.0252373859427309,1199.42395887255,-0.848223585836741,0.129405961552374,-6.55474891312051,5.57355753611718e-11,1.1163975716609602e-9
13861,SLC36A1,1112.37115298904,-0.473765704663806,0.0951641414207075,-4.9784057060879,6.41101633788932e-7,8.75298976957163e-6,1112.37115298904,-0.323312946423075,0.111346284134865,-2.90367073257219,0.00368815816330938,0.0133315615302215
13929,SLC5A3,14131.7634255165,-1.44872936328967,0.2218233011949,-6.53100623552966,6.53292786757911e-11,2.8423854220906804e-9,14131.7634255165,-1.46580416190522,0.256707673188216,-5.71001304207414,1.12967516256686e-8,1.55306746343474e-7
14036,SMC2,4578.2989004458,-0.539582026624483,0.143812274390565,-3.75198868741265,1.7543738242815e-4,0.00115360013666459,4578.2989004458,-0.923591828050898,0.166506700395002,-5.54687484563609,2.90820754004855e-8,3.6796649699594e-7
14283,SNX4,861.601418903814,-0.174422512500212,0.0779163629404554,-2.23858642674977,0.0251828382114826,0.0713386176690022,861.601418903814,-0.286167921960422,0.0946569597816401,-3.02321057659754,0.00250108140573251,0.00951556628119203
14291,SOAT1,4706.62322615702,-0.59922393755223,0.0954655209845846,-6.27686238311098,3.45473603922706e-10,1.25361610210313e-8,4706.62322615702,-0.604573228612808,0.110501111935758,-5.47119588230285,4.47008889771264e-8,5.45268736696553e-7
14299,SOCS4,2041.03426847243,-0.229636263866156,0.10832913204215,-2.11980156710575,0.034022783100807,0.09063677545545,2041.03426847243,-0.383640266601859,0.127010368107722,-3.02054290777646,0.00252321954335198,0.00958770473282917
14559,SRSF6,4897.53641138827,-0.263796234666906,0.109808563830531,-2.40232842926557,0.0162910746346683,0.0501708434140357,4897.53641138827,-0.918166740218465,0.12755500236373,-7.19820252599943,6.10114786835396e-13,1.6788356125291298e-11
14677,STIL,2546.59257353078,-0.374295300489597,0.133430356684637,-2.80517349866827,0.00502895021355333,0.0192796385324967,2546.59257353078,-0.829892953195125,0.154270146584136,-5.3794786066565,7.47018707665425e-8,8.69808406494546e-7
14680,STIM2,1021.01904267426,-0.367410016130556,0.0969542929863744,-3.78951776980304,1.5094001439368e-4,0.00101474782645531,1021.01904267426,-0.923597669005868,0.111467911267475,-8.28577173918359,1.17345653276406e-16,5.46185192345145e-15
14832,SVIP,1362.48353340507,-0.575346041761447,0.156165548804882,-3.68420593507663,2.2941670964721e-4,0.00145193391509396,1362.48353340507,-0.39448897846389003,0.180263071533005,-2.1884070603538,0.0286399644524294,0.0753780630254108
14865,SYNJ2BP,841.053243904704,-0.654983978918277,0.155308504455682,-4.21730916290666,2.47234900260844e-5,2.1418960928664e-4,841.053243904704,-1.10048553166944,0.18260769813172,-6.02650130815201,1.6754695671601202e-9,2.61292437407417e-8
14889,SYTL2,636.529425117926,-1.27136970019446,0.179108110767289,-7.09833683548994,1.2626714103491999e-12,8.25069569537402e-11,636.529425117926,-1.71728585746505,0.21714441782184,-7.90849644992495,2.6051607289107103e-15,1.01657414132882e-13
14923,TAF2,1826.6638967811,-0.196270268800736,0.078698035831205,-2.49396654856425,0.0126324448904686,0.041052548012556,1826.6638967811,-0.297568367860049,0.0929867171343915,-3.20011693100188,0.00137371843248738,0.00568645311811078
15167,TFAM,2866.66801174733,-0.233549680825142,0.0868818562935077,-2.68812949893882,0.00718535247184325,0.0259193769752292,2866.66801174733,-0.420627486792798,0.101528524438168,-4.14294888180873,3.42868390274672e-5,2.2021905194442e-4
15179,TFDP1,5361.9480345902,-0.329348835338178,0.10719812610019,-3.07233761745387,0.00212389354616514,0.00944260781207437,5361.9480345902,-0.305005918293871,0.123664979384498,-2.4663887853452,0.0136483104440204,0.0406976793312636
15187,TFIP11,1106.73846001965,-0.274693042123364,0.0976117573730097,-2.81413888568426,0.00489080929238754,0.0188438753154044,1106.73846001965,-0.304744444685286,0.112094542204765,-2.71863766684201,0.00655513711673678,0.0217455684565108
15192,TFRC,14209.8174597479,-0.925931047065765,0.10108176879479,-9.1602180898272,5.17925388530236e-20,1.4557813936656202e-17,14209.8174597479,-0.923833488319284,0.11671275895501,-7.91544554846312,2.46369204462904e-15,9.67627075055388e-14
15229,THAP7,872.365846858282,-0.441390251362326,0.140743756249845,-3.13612669665275,0.00171195228631405,0.00788843379808721,872.365846858282,-0.377000552500168,0.161137251848447,-2.33962381867319,0.0193031718688711,0.0544089740454081
15288,TIGD2,615.479943939212,-0.881823788946836,0.15246240818863,-5.78387682198895,7.299840340503891e-9,1.84138992520859e-7,615.479943939212,-0.467326545624092,0.178488139516769,-2.61824985620507,0.00883820644066198,0.0281090050614133
15293,TIMELESS,2740.33019140546,-0.5445829709782,0.162922738423092,-3.34258419818589,8.3002170053101e-4,0.00429013928511709,2740.33019140546,-0.809351351620481,0.187857277240308,-4.30833110918111,1.64491010923384e-5,1.136745894572e-4
15318,TIPIN,558.632441300484,-1.20504479919731,0.148533858572215,-8.11293001326993,4.94135342885983e-16,6.38696981885036e-14,558.632441300484,-0.377854197614959,0.166723684763698,-2.26634984795653,0.0234299716448616,0.0639178946213446
15373,TM7SF3,2122.12805437797,-0.616921073636801,0.131298083960104,-4.69862967554238,2.61912869528163e-6,3.05933581372342e-5,2122.12805437797,-0.708276379106385,0.150522395272833,-4.70545514388462,2.53300197275682e-6,2.12819181989489e-5
15444,TMEM135,629.80778834181,-0.838417163065762,0.211204338318949,-3.96969669155011,7.1964180070092e-5,5.3543768936184e-4,629.80778834181,-0.624629968783969,0.247604010636478,-2.52269729871632,0.0116458599952922,0.0355941831658947
15454,TMEM14A,758.035405175278,-1.15897382357675,0.229058369462316,-5.05973139640034,4.1984748956462e-7,6.10900521381289e-6,758.035405175278,-0.855391670306422,0.264054227297122,-3.23945455849078,0.00119758547604451,0.00504501689838573
15496,TMEM19,849.643878496494,-0.851610236314153,0.207755876325404,-4.09909096857647,4.14775998985922e-5,3.3522836102431e-4,849.643878496494,-1.60629354333791,0.244816995067333,-6.5612011245221,5.3376069772269197e-11,1.0738079103296702e-9
15512,TMEM209,765.722623841275,-0.336120286974697,0.120271218989657,-2.79468595893754,0.00519501531484475,0.0198218770082462,765.722623841275,-0.334612348973359,0.142519093125097,-2.34784225492967,0.0188825163508787,0.0534919896740163
15545,TMEM260,490.586460828141,-0.480424632599573,0.105889213862236,-4.53704976244903,5.70466494196821e-6,6.03454042965191e-5,490.586460828141,-0.434261425858006,0.125018340229021,-3.47358175658453,5.1356087725301e-4,0.00240957067725917
15650,TMX1,3597.62936747504,-0.445165516521337,0.104544054299695,-4.25816197299167,2.06114590296631e-5,1.8258515082404e-4,3597.62936747504,-0.683159737025546,0.121267597957752,-5.63348947724312,1.76599297972199e-8,2.33224426629076e-7
15673,TNFRSF19,332.679653382125,-0.458376059887695,0.154836566981329,-2.96038635332808,0.0030725345823177,0.0128019864432192,332.679653382125,-2.26009201441892,0.20258884094495,-11.156053827432,6.68954609223225e-29,1.1646242456341999e-26
15782,TPI1,22554.5277867531,-0.266786188237186,0.108678256691611,-2.45482579826641,0.0140952874668578,0.044891969507755,22554.5277867531,-0.356281277023921,0.125462007980761,-2.83975430298035,0.00451482929441083,0.0158289765571059
15885,TRIM21,700.326124692579,-0.646784151703362,0.143705336589522,-4.50076640891096,6.77088828866797e-6,6.95066027917289e-5,700.326124692579,-0.486842917249162,0.165584538506656,-2.94014719997297,0.00328056356231859,0.0120604840323534
15886,TRIM22,181.657888927449,-0.838092173177612,0.250707162729917,-3.34291275945903,8.2903959023446e-4,0.00428631622302832,181.657888927449,-1.25527151728814,0.300883818443738,-4.17194757691119,3.02007129191216e-5,1.9697914557406e-4
16206,TYW3,1323.58807894515,-0.202152394181094,0.0827449213560739,-2.4430791747469,0.0145625420971644,0.046040616935652,1323.58807894515,-0.32422304600226,0.0969192480729601,-3.34529056352343,8.2196410685188e-4,0.00362368690495746
16322,UBTD2,1457.31584346286,-0.248438922347701,0.103512046694509,-2.40009670643369,0.0163907409614903,0.0504164045416137,1457.31584346286,-0.575783553335402,0.119656116056084,-4.81198598377977,1.49437836425134e-6,1.32763565569846e-5
16361,UHRF1,2126.87130612642,-0.811945892220791,0.178416183855848,-4.55085337368725,5.3428772697901e-6,5.70637338319922e-5,2126.87130612642,-1.11606169254722,0.205714975958893,-5.42528169057676,5.78632125392358e-8,6.90165564054943e-7
16485,USP6NL,920.524012973539,-0.214385780269012,0.101026048446764,-2.12208419081128,0.0338306687316588,0.0902354996084069,920.524012973539,-1.08125126359361,0.121324350013893,-8.91207134816542,5.00878841612871e-19,3.22246345771219e-17
16584,VPS13C,1398.67656662193,-0.283282983909307,0.109566308968215,-2.58549353881663,0.00972396953173324,0.033158492676282,1398.67656662193,-0.296681865610811,0.129323371183933,-2.29410865874234,0.021784258129187,0.0602167058922584
16620,VRK2,609.082873668766,-0.569253029775987,0.123041888660132,-4.62649782098505,3.71900778413439e-6,4.16547690331763e-5,609.082873668766,-0.52727752792994,0.141106678101302,-3.73672979213218,1.8642907545405e-4,9.8669536397869e-4
16633,VTI1A,957.566474377751,-0.383429595578971,0.0750144903358874,-5.111407060984,3.19768129219225e-7,4.84384433893417e-6,957.566474377751,-0.375018595726179,0.0890454409441695,-4.21154178978473,2.53633619898055e-5,1.6815416777276e-4
16667,WASHC4,3940.18884254858,-0.267517275562885,0.0729193750308902,-3.66867208405941,2.4381355983255e-4,0.00152971354765344,3940.18884254858,-0.555891852456027,0.085860282167305,-6.47437719075779,9.520380695542449e-11,1.8495280351233e-9
16886,YTHDC2,1729.47569159879,-0.463480645267274,0.119414629101919,-3.88127190741175,1.0391158233192e-4,7.3426428568786e-4,1729.47569159879,-0.638597198263751,0.139171742929101,-4.58855500997121,4.46324699894442e-6,3.55067889529444e-5
16929,ZBTB2,1242.48323564192,-0.46964464097717,0.12506022538929,-3.75534778955698,1.7310093594638e-4,0.00113992985263616,1242.48323564192,-0.348724331163612,0.144409647775045,-2.41482710148868,0.0157426805462555,0.0458922836854776
17018,ZDHHC20,3083.28458853332,-0.271481791760004,0.121453472043235,-2.23527402875202,0.0253993640165969,0.0718370768257305,3083.28458853332,-0.744779207675031,0.141711788201969,-5.25559106355757,1.47549821406382e-7,1.6379749027492e-6
17020,ZDHHC21,329.253366122833,-0.472079560094391,0.183362169779568,-2.57457446463417,0.0100363479982416,0.0340727857271593,329.253366122833,-0.587223300280289,0.218642724896625,-2.68576647385789,0.00723636459149819,0.0236543811687428
17076,ZFR,7263.41100807097,-0.243879190868685,0.0918303455032414,-2.65575817592972,0.00791303361150358,0.0280957962974957,7263.41100807097,-0.325186542433918,0.106663847957099,-3.04870439855788,0.00229830505628642,0.008840686498645
17079,ZFX,1617.20124762952,-0.26408929356913,0.0931740184546127,-2.83436625305341,0.00459166738336598,0.0179490609325927,1617.20124762952,-0.432734141563097,0.111642440571091,-3.87607203272793,1.0615626946281e-4,6.0083320253007e-4
17118,ZMYM4,2452.69951878122,-0.209680455305119,0.0814778721420722,-2.57346503771602,0.010068581907054,0.0341429430122775,2452.69951878122,-0.429307120073942,0.0949647667182272,-4.52069893824677,6.1635792036662e-6,4.74884106645022e-5
17126,ZMYND8,4072.94926260944,-0.245727240703255,0.100351010770985,-2.44867728601198,0.014338184871279,0.0454611598389629,4072.94926260944,-0.456291544922262,0.1161100584051,-3.92981926966474,8.50097331978834e-5,4.9285502058305e-4
17128,ZNF101,489.535951975055,-0.261151642761467,0.0984726558935626,-2.65202192823703,0.0080011345384228,0.0283141667478799,489.535951975055,-0.322303145827648,0.116169730676609,-2.77441588226514,0.00553009332539939,0.0187962961797787
17130,ZNF107,614.069995762272,-0.341605134764769,0.158465412397897,-2.15570785823609,0.0311064841839509,0.0844448293621649,614.069995762272,-0.821691299538108,0.187150633095388,-4.39053443714137,1.13072405204058e-5,8.1306154433069e-5
17131,ZNF112,181.867011123941,-0.882667678371607,0.200495893190419,-4.4024227345809,1.07048718493076e-5,1.0274356135909e-4,181.867011123941,-0.755417746396394,0.242134332200616,-3.11982914414015,0.00180955967046455,0.00717849945415609
17163,ZNF180,595.210300625378,-0.631038702807607,0.122104057879942,-5.16804038919058,2.36561195773705e-7,3.72027145183017e-6,595.210300625378,-0.9134816576784,0.14450760023306,-6.32133988942554,2.59304962234656e-10,4.67161755842855e-9
17167,ZNF189,593.874487030746,-0.222607879013129,0.107316375054763,-2.07431418457372,0.0380501413067191,0.0992037547496144,593.874487030746,-1.01029807763106,0.130621038970414,-7.7345738909633,1.03750007531874e-14,3.74949628018386e-13
17169,ZNF195,1004.40615505035,-0.578451091833843,0.101242596713526,-5.7135149691055,1.10666134221892e-8,2.64463684858471e-7,1004.40615505035,-0.637489185430468,0.118550793778941,-5.37735062845027,7.55898782625704e-8,8.79017556725819e-7
17212,ZNF253,244.158950656197,-0.413022798576851,0.174242873249109,-2.37038560530603,0.0177695418215917,0.0538714340997682,244.158950656197,-1.07921711738745,0.21382919315692,-5.04709904879759,4.48568830517173e-7,4.47481390928041e-6
17260,ZNF324,455.056514707934,-0.517196106783711,0.122703957026673,-4.21499126284318,2.49787859307262e-5,2.1597868225649e-4,455.056514707934,-0.370020930590643,0.1392152073471,-2.65790596905181,0.00786278275355963,0.025403915870084
17280,ZNF347,1112.84421245005,-0.597156159242302,0.157923917569689,-3.78129018347578,1.5601768484046e-4,0.00104531258537837,1112.84421245005,-0.950141599745375,0.184911945498825,-5.13834623924507,2.77166847491139e-7,2.91258441130271e-6
17281,ZNF350,415.821717158025,-0.424845194567421,0.131893490933549,-3.22112328334284,0.00127689207898968,0.00615438348795569,415.821717158025,-0.571600369646317,0.156414117798188,-3.65440394826648,2.577801439375e-4,0.00131253298260195
17290,ZNF37A,1476.96509576963,-0.336769455101033,0.108701797053259,-3.09810384216583,0.00194763171078337,0.00878468220441972,1476.96509576963,-1.12759155640622,0.128675619190949,-8.76305521975315,1.9002851745248798e-18,1.11348101520865e-16
17323,ZNF43,272.046470116325,-1.07596309492284,0.178499351806822,-6.027826342402,1.6617946472940901e-9,5.04141232350482e-8,272.046470116325,-1.07286232976138,0.216214186639624,-4.96203485273415,6.97584739709347e-7,6.70407075221732e-6
17332,ZNF440,613.963743946755,-0.379791792137328,0.0980938871320265,-3.87171722154469,1.0807128637956e-4,7.5821170333172e-4,613.963743946755,-0.328161894474907,0.115597130233092,-2.83884118760729,0.00452776854391246,0.0158691012884396
17340,ZNF45,1025.29183219179,-0.733088961944459,0.109834367270154,-6.67449524374568,2.48084524230126e-11,1.21355821963179e-9,1025.29183219179,-0.806926324363549,0.127507882257233,-6.32844268196425,2.47647813623915e-10,4.478076052664861e-9
17386,ZNF521,121.011056660588,-0.682744488951993,0.24743218120812,-2.75931968759441,0.00579218416437742,0.0217301404075629,121.011056660588,-3.2427725454977,0.294364184867349,-11.0161925675809,3.19280139159152e-28,5.30356532074827e-26
17401,ZNF544,1079.75082563632,-0.420166792623895,0.10524764014304,-3.99217305065324,6.54705658661457e-5,4.9481552725467e-4,1079.75082563632,-0.574035045807578,0.122957862576867,-4.66855094727042,3.03331562311183e-6,2.49982761365784e-5
17407,ZNF552,261.549761042229,-0.944828754546689,0.191978207768513,-4.92154169751373,8.58651025143242e-7,1.13261811429442e-5,261.549761042229,-0.537365817335899,0.225025625079156,-2.3880205516455,0.0169393944898884,0.0488452881098898
17410,ZNF557,206.701837109676,-0.414780696145256,0.133034014810913,-3.11785445801062,0.0018217274047575,0.00832064711979516,206.701837109676,-1.16313201925253,0.162055013983356,-7.17738989163264,7.10548410730119e-13,1.9346149661172197e-11
17413,ZNF561,1012.08070478152,-0.20641661779657,0.0913752793828281,-2.25899848614155,0.0238834790447919,0.0683030902846192,1012.08070478152,-0.414463212812778,0.107083449865471,-3.8704693706961,1.08626005119e-4,6.1346926035083e-4
17451,ZNF594,373.02432590193,-0.918810559907527,0.224084791310432,-4.10028076664368,4.12649192724958e-5,3.3411942865905e-4,373.02432590193,-0.852792417012096,0.266033187200507,-3.20558658859864,0.00134787486351679,0.00559354166372565
17465,ZNF611,431.762854680898,-0.431677733962919,0.161464639007822,-2.67351252023675,0.00750614742287722,0.02685772046157,431.762854680898,-0.541934185289882,0.18934328366668501,-2.86217802287559,0.00420740509590495,0.0149085416810795
17470,ZNF618,786.937968575059,-0.207909519589334,0.10030608900044,-2.07275073389037,0.0381954835395085,0.0994509075897098,786.937968575059,-1.75984048643582,0.127497094574039,-13.8029850195046,2.4451426720755794e-43,1.02957565629303e-40
17493,ZNF654,888.813388887129,-0.257235338438014,0.0889940830097101,-2.89047686923127,0.00384657837462953,0.0155018684246563,888.813388887129,-0.877329661242177,0.111828538590406,-7.84531097607893,4.318819150527691e-15,1.61897597390175e-13
17499,ZNF664,5055.328736312,-0.173652408052056,0.0804093459665342,-2.15960478181639,0.0308032779366977,0.0838402160625641,5055.328736312,-0.202428590142954,0.0932011820376466,-2.17195303447103,0.0298592055900052,0.0780717700852323
17510,ZNF678,318.235150954579,-0.382061437259519,0.12133801903539,-3.14873640015571,0.00163978034531341,0.00760734355640812,318.235150954579,-0.37053225367722,0.146401054814735,-2.53093978145249,0.0113757376995551,0.0349396279538836
17535,ZNF708,239.034717418775,-0.619251218032394,0.15717386245613,-3.9399121988571,8.1511436039325e-5,5.9669471243669e-4,239.034717418775,-0.628149483838658,0.202717355595295,-3.09864679318675,0.00194406635779704,0.00763872948660442
17562,ZNF75D,604.533728596663,-0.476196954893663,0.163429304144869,-2.91377949251711,0.00357082033788697,0.01457296301989,604.533728596663,-1.29420413248211,0.192138268767845,-6.73579574116938,1.63035186516631e-11,3.55224438877272e-10
17574,ZNF772,381.955131201008,-0.444643860047958,0.168678272888701,-2.63604702866116,0.00838781055646467,0.0293830562480468,381.955131201008,-0.981436418376859,0.200739559455456,-4.88910317945895,1.01296394985253e-6,9.31947422562496e-6
17675,ZSCAN16,234.829389272995,-0.416947967110192,0.129318400067587,-3.22419676466982,0.00126326567054725,0.00610199358812076,234.829389272995,-0.562802411750034,0.154740802141876,-3.63706536323899,2.7576197133024e-4,0.00139156807494578
17683,ZSCAN26,815.761735880032,-0.307924625321773,0.124940561990944,-2.46456891513016,0.0137178180951572,0.0438633302327634,815.761735880032,-0.400076722664246,0.144383836800099,-2.7709245822173,0.00558973719604281,0.0189598691778852
