"","gene_name","baseMean.MDA24h10w_24h","log2FoldChange.MDA24h10w_24h","lfcSE.MDA24h10w_24h","stat.MDA24h10w_24h","pvalue.MDA24h10w_24h","padj.MDA24h10w_24h","baseMean.MDA24h10w_10w","log2FoldChange.MDA24h10w_10w","lfcSE.MDA24h10w_10w","stat.MDA24h10w_10w","pvalue.MDA24h10w_10w","padj.MDA24h10w_10w"
"30","ADAMTS2",4.65540812754075,2.45359978793721,1.13146449789055,2.16851681383868,0.0301193867486956,0.0823077315657256,4.65540812754075,2.91320521234679,1.17331059276355,2.48289347280603,0.0130320053325603,0.039130595116308
"33","ADAMTSL1",2025.04638130009,0.852449548050363,0.0959033791092031,8.88862890930774,6.18675795415152e-19,1.4607347980282e-16,2025.04638130009,0.563858994759636,0.111455834348316,5.05903524976085,4.21382972496492e-07,4.23864450001193e-06
"46","ADORA2B",2547.30648348478,0.37287465324597,0.104302065797437,3.57494983819518,0.000350295050556275,0.00208364956508247,2547.30648348478,0.952605325468371,0.120523663242027,7.90388625638948,2.70339729338824e-15,1.04813086496975e-13
"48","ADRB2",1437.34995420346,0.42794957283487,0.133096882524269,3.21532379059921,0.00130297461907182,0.0062647500826836,1437.34995420346,0.360511987227313,0.153093005378696,2.35485603235458,0.0185298832191188,0.0526690840761955
"55","AGAP1",1456.63272032096,0.331392568589332,0.138654654415484,2.39005729729275,0.0168457444821234,0.0515829920957013,1456.63272032096,0.369979369641468,0.160970732615047,2.29842632651896,0.0215375365634894,0.0596449429517496
"58","AGO2",4471.21294002638,1.24299049531129,0.181526553858379,6.84743068653763,7.51881009995314e-12,4.22676473809429e-10,4471.21294002638,0.438661839823621,0.209852113380674,2.09033796589831,0.0365874511007493,0.0921231770852951
"66","AKAP8L",2165.0734994594,0.431006335948838,0.105486141739833,4.0859048292036,4.39053737363294e-05,0.000351322348903263,2165.0734994594,0.829161108040071,0.120960055370786,6.85483406483568,7.13953428666337e-12,1.65728727941445e-10
"69","AKT1",5611.89374730268,0.275356070704876,0.0718681163267635,3.83140792855779,0.000127412054298148,0.000875858950897361,5611.89374730268,0.420218661178843,0.0831175986982705,5.05571224096957,4.28787462311377e-07,4.30117772443755e-06
"77","AMPD3",1169.37003698116,0.930124165527078,0.156075968455268,5.95943228629494,2.53115715930595e-09,7.22931144790159e-08,1169.37003698116,0.771583867884512,0.176927378334462,4.36102018324103,1.29457422995051e-05,9.1991997674584e-05
"80","ANGEL1",486.298757716361,0.371661388074824,0.128241051966066,2.89814675080152,0.00375374903439852,0.0151795816170653,486.298757716361,1.54543314079921,0.150023283162747,10.3012886281305,6.95236580130569e-25,8.56323368696876e-23
"87","ANKRD11",7167.2385704809,0.416616577811662,0.137640706411513,3.02684132240702,0.00247123646039699,0.0107493626236084,7167.2385704809,0.525306774293261,0.158839499458778,3.3071545559081,0.000942488758434812,0.00408735364316664
"88","ANKRD27",2797.5338289212,0.421095493351088,0.0990202461471921,4.25262014320926,2.11283796383954e-05,0.000186697278760832,2797.5338289212,0.668936227449446,0.114491495921682,5.84267173788204,5.13701824676344e-09,7.42305286320022e-08
"97","ANTXR2",7573.47147636519,0.886588342437604,0.11179553485752,7.93044501792971,2.18361971176618e-15,2.47868832409972e-13,7573.47147636519,0.554604900216637,0.128955197520906,4.3007564710738,1.70216041438279e-05,0.000117362210444839
"106","AP3S2",406.055896766399,0.431824951615999,0.186128578288986,2.32003572791246,0.020338944673273,0.0600570338960011,406.055896766399,0.456124219655881,0.217791130659958,2.09431953575757,0.0362315252106582,0.0914424303685778
"109","APBB2",4342.2189110059,0.27010195000108,0.066872355219206,4.03906740110606,5.36641442040245e-05,0.000417157447570178,4342.2189110059,0.35305051139446,0.0785565528157229,4.49422102599948,6.98250751561441e-06,5.29862871239373e-05
"116","APPL2",2032.60137997614,0.215884530071929,0.0708298808026062,3.04793016203955,0.00230423471785277,0.0101198879919982,2032.60137997614,0.824560765126066,0.082149919053144,10.0372681389089,1.04528974455471e-23,1.16110528312316e-21
"118","ARAP3",1592.8960591271,0.203885164010301,0.0821637130601848,2.48145022196058,0.0130848984875422,0.0422636569269876,1592.8960591271,0.368099752308661,0.0944048013104364,3.89916346625442,9.6525594763293e-05,0.000552873649953848
"121","ARFGEF3",1106.68972797862,1.25454244638181,0.211497502210948,5.93171282529154,2.99790639433732e-09,8.41314206512285e-08,1106.68972797862,0.669740532304558,0.246244046467657,2.71982426341635,0.00653166190678961,0.0216756360858381
"123","ARHGAP10",955.122108427627,0.384802745404247,0.0887704853821105,4.33480501709405,1.45889375294843e-05,0.000135186240592417,955.122108427627,0.219483048372094,0.102138834935902,2.14886970768594,0.0316447297015151,0.0818761477505538
"126","ARHGAP42",1511.82200836879,0.500487701214225,0.113549595870409,4.40765726533644,1.0449472417012e-05,0.000100729046031817,1511.82200836879,0.5769273755682,0.132595748079001,4.35102470423459,1.35502782609744e-05,9.57616464454342e-05
"141","ARNT",2105.18065874404,0.420854294515747,0.147455273029377,2.85411491816846,0.00431569169467171,0.0170585420824211,2105.18065874404,0.844548310124575,0.170743853530005,4.94628821280621,7.56419402895758e-07,7.18935942720766e-06
"145","ARRDC4",262.908590763962,2.1130246554465,0.276560923130383,7.64035870118328,2.16617401974145e-14,2.06229083556891e-12,262.908590763962,2.4230596928667,0.323401088611692,7.4924289935711,6.76105089211502e-14,2.16281956630096e-12
"151","ASNS",72.6839794141143,3.16281959002889,0.392843098278429,8.05110132744964,8.20523015875201e-16,1.02322687078296e-13,72.6839794141143,2.2881088503228,0.445944664258448,5.13092550199618,2.88321013403981e-07,3.01753772756791e-06
"171","AUP1",5294.21165910904,0.214790187148199,0.0947622565753738,2.26662170056445,0.0234133452777668,0.0672338383740128,5294.21165910904,0.490819833147984,0.109352772718949,4.48840775541609,7.17574831151259e-06,5.42933969612399e-05
"177","B3GNT7",176.896217100426,1.3104016160969,0.325624237541944,4.02427542245869,5.71510015474631e-05,0.000439439833001509,176.896217100426,3.11646299848263,0.350690255235248,8.88665411130988,6.2976678799652e-19,3.90498543269349e-17
"182","BAIAP2L1",1797.21890841547,0.644440281510829,0.101796136677894,6.33069488236067,2.44059544498075e-10,9.33435510577088e-09,1797.21890841547,0.82057170100751,0.120324824273853,6.81963764301814,9.12704292102065e-12,2.06052667241895e-10
"198","BET1",1209.73788165902,0.614999199176588,0.122766249205586,5.00951363388727,5.45677611984496e-07,7.62055138250904e-06,1209.73788165902,0.311258445472772,0.143232876392909,2.17309358934428,0.0297732741101784,0.0778897415169614
"200","BHLHE41",330.71711175926,0.920763564443631,0.176821199830052,5.20731431145476,1.91593406498878e-07,3.13272026064832e-06,330.71711175926,0.515162507533673,0.202085619028047,2.54922893579168,0.0107961402207626,0.0334088044500303
"209","BRD2",260.226485930331,0.335902987142297,0.15405236933284,2.18044674416241,0.0292243623957772,0.0804453613095635,260.226485930331,0.401177674637079,0.177282312110408,2.26293119635778,0.0236399309639826,0.0643839636031693
"234","CAPN15",2189.96283980813,0.619265220909491,0.225741415522912,2.74325036668621,0.00608342830262966,0.0226504096684117,2189.96283980813,0.608451546833845,0.260434600713342,2.33629304695793,0.0194759736558202,0.0548241493935041
"240","CASC3",4568.68911669086,0.47507172555478,0.0863095709939176,5.50427629385691,3.7068781971212e-08,7.57983823494483e-07,4568.68911669086,0.449530788015847,0.0994636810756772,4.51954706636908,6.19720698801401e-06,4.7727192566985e-05
"244","CBX7",393.783181298855,1.02481156531242,0.146536905056021,6.99353903319187,2.68037243273009e-12,1.64235415359116e-10,393.783181298855,0.74807508309136,0.17347892448755,4.31219576269075,1.61641217396948e-05,0.000111875989380319
"266","CDC34",2889.08145548664,0.334453931900114,0.129727049200709,2.57813566222924,0.00993349908081087,0.0337754227578723,2889.08145548664,0.363590817299968,0.149475648453822,2.43244181283679,0.0149974010052742,0.0440667455879732
"274","CDH20",9.344625827462,2.29023569761025,0.874685463872146,2.61835344498764,0.00883552357384433,0.0306542812393486,9.344625827462,2.50100349478054,0.978402667438171,2.55621083017805,0.0105818982646832,0.0328525119993748
"290","CFAP36",1334.4617401371,0.586294859866466,0.106002560463367,5.53094998180807,3.18501142815059e-08,6.69041309248999e-07,1334.4617401371,0.852720987557313,0.124077273401259,6.87249940446113,6.30866439127832e-12,1.47959426772649e-10
"292","CFDP1",1783.63167799787,0.379301863922219,0.146349184507056,2.5917593268443,0.00954865455716519,0.032686560003534,1783.63167799787,0.526541830214036,0.168377039732766,3.12715932676877,0.0017650424611262,0.00702833930089092
"318","CMTR1",5716.45560562963,0.352049383682972,0.103019267210473,3.41731593725781,0.000632418418543187,0.0034184570682426,5716.45560562963,0.580886487636727,0.11908668214959,4.87784592828818,1.07250645659798e-06,9.82235806937939e-06
"325","COG6",1084.44565042134,0.923901788078151,0.17512087171377,5.27579482123778,1.32181916078267e-07,2.25281748788638e-06,1084.44565042134,0.493859910667891,0.205184751912364,2.40690356405637,0.0160884175703386,0.0467571249644544
"327","COL4A1",2770.50589855373,0.582734803464872,0.129498740646406,4.49992641284457,6.79769903507233e-06,6.97010159311296e-05,2770.50589855373,0.595921103141282,0.149262303298344,3.99244209671721,6.53963048081081e-05,0.000389367147272478
"328","COL4A2",7420.06197011454,0.299620501650798,0.111290090520983,2.69224780255082,0.00709721901862172,0.0256560304368327,7420.06197011454,0.572745750321935,0.128291304941203,4.46441596789767,8.02874508358427e-06,6.0020007631452e-05
"342","CPNE7",513.189239961893,0.724836709819199,0.165832668252951,4.37089216169144,1.23739898139404e-05,0.000116497930849133,513.189239961893,1.082459120198,0.183205468810893,5.9084432753224,3.45355689737061e-09,5.09617776559025e-08
"348","CRADD",230.387370880626,0.534134092584448,0.203762780640311,2.62135258905463,0.00875816293219048,0.0304754468860737,230.387370880626,1.05379174873735,0.231734013179086,4.54741940676171,5.43077061248497e-06,4.23469133116506e-05
"357","CSNK1D",5337.33664311475,0.155868218414801,0.0680748592634211,2.28965906211655,0.0220410883034592,0.0640156784775553,5337.33664311475,0.261721938121501,0.0788708734951407,3.31835982693441,0.000905477568504534,0.00394764672654541
"360","CTNNA1",24701.2906484308,0.165248942268401,0.0767457806218274,2.15319905445593,0.0313030379655433,0.084909742565131,24701.2906484308,0.219954828505846,0.0887306413189176,2.47890497844234,0.0131786409426657,0.039511918017537
"371","CYC1",5999.22767894676,0.204911328720094,0.0810240685378043,2.52901801178357,0.0114382157069325,0.0379303227974458,5999.22767894676,0.322204524430195,0.0930713842927105,3.46190751194651,0.000536361439872798,0.00250163839009193
"374","DAB2",1595.10860176089,0.415739491799289,0.110589073499726,3.75931797457656,0.000170377184750925,0.0011257608908841,1595.10860176089,0.280596657222583,0.130066680911868,2.1573292656919,0.030980018279208,0.0805694069180322
"382","DDHD1",1453.44852658708,0.425194307906909,0.115987694378106,3.66585705653246,0.000246511599236784,0.00154466645409942,1453.44852658708,0.556041863329291,0.134488626131499,4.13448987712617,3.55743932655878e-05,0.000228003527244861
"383","DDIT3",1394.20904088523,0.909570447491465,0.158631575436881,5.73385497172586,9.81732849840252e-09,2.38798424518835e-07,1394.20904088523,1.36075519049252,0.178165591907295,7.63758689837578,2.21330655502985e-14,7.60419895358072e-13
"389","DENND5A",3637.31240093991,0.881893633080547,0.119458934748768,7.38239994300337,1.55461359004745e-13,1.19173582045716e-11,3637.31240093991,0.631947348221701,0.138058407194583,4.57739127274602,4.70810352949596e-06,3.72086086883692e-05
"399","DLG1",7901.66659770943,0.487975969942651,0.0937800249282635,5.20341053775497,1.95663966125366e-07,3.19043969811048e-06,7901.66659770943,0.351109707486426,0.109013872068994,3.22078007892622,0.00127842208255201,0.00534451863927191
"421","DSP",8810.52542986936,0.349709860514454,0.129182305462038,2.70710341686247,0.00678731103978344,0.0247660630316269,8810.52542986936,0.755225692592904,0.149183493268876,5.06239447840082,4.14023231912884e-07,4.17854216110071e-06
"431","DUSP5",2633.91791515856,1.22985006610305,0.213556318588257,5.75890272988942,8.46624686045687e-09,2.09385893023701e-07,2633.91791515856,1.04796528165758,0.246675026056858,4.24836392402379,2.1533738225038e-05,0.000145427028833472
"432","DYM",933.661195029432,0.658479685568524,0.145868680529068,4.51419511837775,6.35576820308127e-06,6.58945804099316e-05,933.661195029432,0.802189721508771,0.171705811908513,4.67188450170916,2.98448775694245e-06,2.46632292684619e-05
"437","DYRK2",852.737594310739,0.845399499656714,0.173858193967671,4.86258070651485,1.15865112362656e-06,1.4686753111796e-05,852.737594310739,0.572869011830769,0.202827449652025,2.82441559470177,0.0047366922240746,0.0164579829992506
"439","E2F7",6772.72608011087,0.593931977711535,0.0654697812031363,9.07184913095575,1.17014045700013e-19,3.00302133515338e-17,6772.72608011087,0.428008562528144,0.0757110648256091,5.65318376533216,1.57502755412721e-08,2.09533055804755e-07
"446","EEF2",41364.6023644713,0.355544475314072,0.0868635666637569,4.09313696144162,4.25576170108675e-05,0.000342394494333686,41364.6023644713,0.229031540106525,0.100306871634228,2.28330857472753,0.022412198286559,0.0616594780941053
"456","EHD4",2600.06077234486,0.198942064970638,0.0810923320916869,2.45327837835154,0.0141560739577067,0.0450451903409181,2600.06077234486,0.312796885246866,0.0938083654587601,3.33442421384452,0.000854761893261889,0.00375456546322168
"457","EIF2B5",3799.07883855309,0.288673925566005,0.116277594707482,2.48262725327454,0.0130417476637144,0.0421834451700277,3799.07883855309,0.420731460366439,0.134329273725613,3.13209063592381,0.0017356628458215,0.00692396251981955
"461","EIF4ENIF1",662.181855419308,0.386903562110477,0.119797337811165,3.22965075167486,0.00123941519814877,0.00600026198787467,662.181855419308,0.402268633694941,0.138619161737267,2.90196989112793,0.00370824179291719,0.0133881208180576
"466","ELL2",5673.21903522191,0.330349990607569,0.136075426376849,2.42769763361015,0.015195005501104,0.0475646380437598,5673.21903522191,0.896646423495668,0.157654565831982,5.68741170776656,1.28979248140455e-08,1.75322692705036e-07
"494","ERBB3",340.82363161718,0.820728345911149,0.175997202055202,4.6633033725941,3.1117349889224e-06,3.55730169037043e-05,340.82363161718,0.846238408233801,0.209995816720542,4.02978698075665,5.5827421221153e-05,0.000339198419003422
"495","EREG",648.067082943019,1.17681322788481,0.172484796004312,6.82270701619051,8.93407479552529e-12,4.88562443107676e-10,648.067082943019,0.953848886143559,0.205994819874293,4.6304508371892,3.64870410877747e-06,2.95983138859878e-05
"497","ERRFI1",26338.9601044461,1.87070859975551,0.172253076015055,10.8602333440594,1.7829303640492e-27,1.66169109929385e-24,26338.9601044461,1.04640235861838,0.198920972670471,5.26039232852453,1.43748358836779e-07,1.59871485571174e-06
"504","EXOC2",3816.38224849983,0.482342033198526,0.117185467476757,4.11605673966524,3.85409464797452e-05,0.000314943738007996,3816.38224849983,0.574478488958328,0.13597110258136,4.22500426967252,2.38936247828225e-05,0.000159343635476164
"520","FARP1",1612.20927380781,0.702449471252046,0.103399963268964,6.7935176091391,1.09431873649074e-11,5.81927813386728e-10,1612.20927380781,0.589300877099922,0.120015614924861,4.91020170557696,9.0982758547899e-07,8.45140090177455e-06
"529","FBXO11",1463.32908951408,0.4390681156018,0.131320933418389,3.34347391670549,0.00082736471429602,0.00428156536362141,1463.32908951408,0.413676089028609,0.153589549579666,2.69338695347913,0.00707301267495388,0.0231725478247804
"554","FRMD6",10578.2267179007,0.283195270884439,0.0999414739800317,2.83361110864766,0.00460253048515536,0.0179756528079248,10578.2267179007,0.51480725126492,0.115439784851762,4.4595305849365,8.21393519517292e-06,6.12526814842672e-05
"569","GADD45A",2386.90936195704,0.823312271261472,0.122264419313022,6.73386645016996,1.65212831675873e-11,8.50461867243129e-10,2386.90936195704,1.80033524571457,0.141187209567206,12.7514046862552,3.06178047225269e-37,9.39603342891647e-35
"573","GAN",543.626473004506,1.41015233618973,0.25333068144606,5.56644907020464,2.59982720567091e-08,5.64880247337675e-07,543.626473004506,0.902667415703299,0.294376167986881,3.06637395912948,0.00216672137223581,0.00838978981302429
"576","GATA2",475.836676421558,0.83666192604038,0.242974640230437,3.44341255221899,0.000574422326957339,0.00315700514145269,475.836676421558,1.4405008113462,0.278402076726152,5.17417408765646,2.28921311723771e-07,2.44822756649179e-06
"582","GDF15",169.00963759745,0.773022960602343,0.311815691449725,2.47910218054879,0.0131713567369323,0.0424301228120061,169.00963759745,1.85716950047552,0.360514550876615,5.15144117195737,2.58492311290345e-07,2.73859671633878e-06
"596","GNAI1",827.954710025655,0.272136801067275,0.125355396791727,2.1709220985469,0.029937061560848,0.081948598874555,827.954710025655,0.510740126464638,0.148496745960588,3.43940281762264,0.000582999057773792,0.00269417583972748
"599","GNB1",18650.4529231143,0.227073618670125,0.0743657938602717,3.05346862963342,0.00226212371755606,0.00996212056465625,18650.4529231143,0.206110368865164,0.0859777437548477,2.39725258961035,0.0165185322127623,0.0477999910890642
"645","HAS2",555.063167687395,1.83349790942559,0.36032606654439,5.08844094186485,3.61019171926763e-07,5.36319420845563e-06,555.063167687395,1.82449565905824,0.413203865533852,4.41548545704195,1.00783555767897e-05,7.3498558714765e-05
"646","HBS1L",2475.92344350391,0.403856964448698,0.130088051827042,3.1044892961088,0.00190607824438799,0.00863243824849683,2475.92344350391,0.686498553433723,0.150819987013069,4.55177438368454,5.31953638574459e-06,4.15870145942537e-05
"681","HSPA5",66909.977713242,0.948493586019155,0.339797284651419,2.79135128166832,0.00524884722810705,0.020005722495764,66909.977713242,1.00077789728107,0.392341484674989,2.55078276545265,0.0107481296028266,0.0333000743649518
"685","IDH2",797.774966376787,0.71530151358869,0.112666472098315,6.34884096632143,2.16943156946767e-10,8.38783716858812e-09,797.774966376787,0.712962610556998,0.131164416551357,5.43564046791487,5.45999514621292e-08,6.54693192830008e-07
"687","IFT57",1471.18185901002,0.2324747296324,0.0851110220973099,2.73142918394993,0.00630602915723244,0.0233369204422721,1471.18185901002,0.504314130267117,0.099110037761603,5.08842637594572,3.61046896666586e-07,3.70794958085378e-06
"701","INPP5F",1432.02330238525,0.522601656085506,0.104118770666649,5.01928377313145,5.18644870702385e-07,7.31223198280083e-06,1432.02330238525,0.286095928036891,0.121751037122875,2.34984386825514,0.0187812872438342,0.053258259488937
"721","JARID2",3647.28682108704,0.541748854323999,0.142122281258152,3.81185025689226,0.000137930431133432,0.000937969306647779,3647.28682108704,0.941098824454579,0.164426606006775,5.7235191269216,1.0433981448241e-08,1.44764496629771e-07
"726","KCMF1",2699.52720115448,0.464007782177095,0.123928114570207,3.74416881743349,0.000180991935319233,0.0011870389594937,2699.52720115448,0.466491273449218,0.144019957208058,3.23907382346533,0.00119918530403435,0.00505058132469082
"742","KDM7A",934.912325227332,1.7486184501553,0.238408347123739,7.33455212978651,2.22464165187241e-13,1.68350232356225e-11,934.912325227332,1.56372373989434,0.277323352890953,5.63862986507745,1.71408526187188e-08,2.27197860552359e-07
"768","KRT15",320.92743105504,1.36125939151318,0.201637308677459,6.7510293627786,1.46799883430954e-11,7.71374580354701e-10,320.92743105504,0.650225049450846,0.226163280681396,2.87502483821342,0.00403995715548457,0.0143679953363197
"781","LEF1",161.95237928851,0.755893317013184,0.231271141577208,3.26842904764594,0.00108146288967718,0.00535679576235063,161.95237928851,0.52692033743852,0.218364322592783,2.41303309616722,0.0158203829382988,0.0460891156043183
"782","LEMD2",4020.63609309596,0.560203481444605,0.103566437825109,5.40912184689223,6.33345302776117e-08,1.19949503973898e-06,4020.63609309596,0.485871172789248,0.119999839229899,4.04893186447028,5.14519200752013e-05,0.000315792699959863
"788","LIMA1",9192.40433783288,0.220151502685839,0.102094186407147,2.15635689389683,0.0310558078725593,0.0843410485958058,9192.40433783288,1.44660940858807,0.118493501637469,12.2083438213681,2.80541725677441e-34,7.3615775146605e-32
"789","LIMCH1",6113.01699129356,0.538192523990687,0.108980457022988,4.93843151967293,7.87534238400763e-07,1.05012472090367e-05,6113.01699129356,1.25828597448149,0.126909079481862,9.91486172320181,3.58752869650567e-23,3.73309164246734e-21
"798","LPP",4034.18109555858,0.827809788165353,0.106475126569618,7.7746776626191,7.56397631237686e-15,7.74236373061095e-13,4034.18109555858,0.681496915115489,0.125061135006138,5.4493101720374,5.05655609868177e-08,6.10360031484881e-07
"821","MAGED1",5332.70186079635,1.13982801308649,0.198110542143829,5.75349499704547,8.74170368453588e-09,2.15296368352937e-07,5332.70186079635,0.859478080913221,0.229349915630302,3.747453224699,0.000178639135857099,0.000952426441056722
"825","MALT1",2652.04721119247,0.560226740493968,0.107129853109802,5.22941761079207,1.70044860359596e-07,2.81416297873619e-06,2652.04721119247,0.43270427035789,0.126997355174008,3.40719119516317,0.000656351324428322,0.00298140920223261
"859","MED24",3336.61752136991,0.251274821080472,0.0862893028939958,2.91200430010608,0.00359117691637714,0.0146358022635688,3336.61752136991,0.214134910946616,0.0994327343223488,2.15356554766378,0.0312742585328582,0.0811597713911323
"888","MORC2",2007.13386155671,0.480071485487182,0.130100047433048,3.69001775909601,0.000224238397142301,0.00142476266113953,2007.13386155671,0.376838276103376,0.149889422704858,2.51410852949507,0.0119333704354086,0.0363196512192819
"891","MRC2",3417.02844631064,0.696721271271846,0.141215739615379,4.93373665831774,8.06711900679832e-07,1.07166199079058e-05,3417.02844631064,0.804885920092118,0.163061054144806,4.93610153763229,7.96996246803944e-07,7.51079468756104e-06
"903","MTHFD1L",1923.30077841786,0.565614521535974,0.134035512801066,4.21988553418267,2.44426391094073e-05,0.00021246847374207,1923.30077841786,0.751021789371313,0.15407013526784,4.87454488221041,1.09059589299557e-06,9.96283009009979e-06
"907","MTMR3",214.501331418191,0.429792112785048,0.197338373076305,2.17794494849139,0.0294101355592334,0.0807809338425476,214.501331418191,0.674930748250157,0.229359164875537,2.94268052735722,0.00325384010251042,0.0119792657373025
"909","MTSS1",28.4557426056521,2.2533395667075,0.614810153452042,3.66509816738619,0.000247243728346092,0.00154761114936465,28.4557426056521,2.00317438796048,0.603046641674892,3.3217569745466,0.000894525689987263,0.00390931260992261
"914","MYC",6036.73646406899,0.82934074830178,0.12637886465886,6.56233738560998,5.29707941955119e-11,2.3568010643571e-09,6036.73646406899,0.759975934578283,0.145894741906402,5.20907007783627,1.89789427032947e-07,2.06668200042635e-06
"921","MYO10",6220.67912654076,0.960796796453984,0.148230056383427,6.48179471758877,9.06379086715373e-11,3.82146687322758e-09,6220.67912654076,0.539024192354007,0.171263462726166,3.14733909833329,0.00164763759728374,0.00661906508462822
"927","MYO9B",6064.14130216799,0.400389531964935,0.119039548451359,3.36350009029594,0.000769608111044546,0.00403679515117797,6064.14130216799,0.419347642731565,0.137300361136054,3.05423554069188,0.00225634851455939,0.00869777436759895
"933","NAMPT",14458.4698328823,1.3258269761336,0.132834123124311,9.98107221961966,1.84462540331427e-23,9.60724312996738e-21,14458.4698328823,1.4079603924982,0.15342232719636,9.17702408917446,4.43169175936676e-20,3.28356573847467e-18
"937","NAV2",4263.58679320542,0.556933295061563,0.101351260405881,5.4950801088335,3.90533094250054e-08,7.92418342587834e-07,4263.58679320542,0.709221295491029,0.116152532732811,6.10594774650733,1.02192440127221e-09,1.65057655748748e-08
"938","NAV3",2581.57568995481,0.848697695430589,0.141377590094367,6.00305674233165,1.93636908401093e-09,5.71487062327759e-08,2581.57568995481,1.04691006928494,0.161587668279204,6.47889829981333,9.23947510617443e-11,1.80269327879735e-09
"949","NDRG1",12519.7669728927,0.445678635652902,0.125882396427889,3.54043653679731,0.000399465694715052,0.00233329117703321,12519.7669728927,0.304687684147915,0.145755091761306,2.09040850968611,0.0365811191261412,0.0921231770852951
"958","NEURL1",48.2359967107177,1.5956075608004,0.370072808336235,4.3116044325815,1.62074193471587e-05,0.000147560414669682,48.2359967107177,3.95110571814772,0.463401630533131,8.52630948579546,1.51090693497752e-17,8.11765013789407e-16
"975","NME7",1397.15136433594,0.539026843715433,0.107925415321742,4.99443844722314,5.90072068593615e-07,8.13151454525738e-06,1397.15136433594,0.55582050701383,0.12658057141917,4.3910412220627,1.12809149181632e-05,8.12017835403441e-05
"985","NR1D1",604.494019954376,1.19559354316941,0.357363026364977,3.34559944639697,0.000821049106013773,0.00425369735789699,604.494019954376,1.46159314990757,0.412206808838719,3.54577633985527,0.000391458305175477,0.00189664010530029
"992","NRIP1",802.545296806137,0.400521027204369,0.134521475987087,2.97737609749998,0.00290727128903129,0.0122401236296163,802.545296806137,1.0202601130221,0.152495743740889,6.69041697816606,2.22535581812262e-11,4.77396829892513e-10
"1001","NUDCD1",4443.60478023494,0.352990862397233,0.101960714123448,3.46202814909528,0.000536121079206156,0.00298354244832892,4443.60478023494,0.491662569017333,0.118660777790834,4.14342951538711,3.42150263589137e-05,0.000219835793915717
"1008","NUMB",5218.58716151338,0.412187250754532,0.0927491984179684,4.44410580129261,8.82581672567961e-06,8.71777747702161e-05,5218.58716151338,0.355703829624168,0.107341289313165,3.31376520535741,0.000920487676051323,0.0040015245768512
"1009","NUP93",2618.62150270288,0.270048422867037,0.118346726730777,2.28184108109185,0.0224987244051575,0.0651377411787519,2618.62150270288,0.303753939474788,0.136142502317939,2.23114702832051,0.0256713914662115,0.0688703828548266
"1021","OSTF1",1529.75282550255,0.256174835748333,0.122761002839767,2.08677698798781,0.0369082982170809,0.096696574171929,1529.75282550255,0.46301523071735,0.139615612691659,3.31635711644886,0.000911992088228153,0.00396935787246609
"1024","OXR1",2363.68819889335,0.64351750412067,0.100816816657674,6.3830373290376,1.73609564198265e-10,6.80150036022759e-09,2363.68819889335,0.4135766044382,0.117450128468412,3.52129546243477,0.000429443825241317,0.00206356419846584
"1040","PARD6G",137.485323444765,0.801173549227203,0.215928741596063,3.71036085008986,0.000206964031371931,0.00132642745839093,137.485323444765,1.10164059101919,0.255710818300305,4.3081501140301,1.64625643673298e-05,0.000113724223744706
"1058","PDE10A",1209.22043100847,0.60939441851646,0.152665462329018,3.99169798603903,6.5601886287359e-05,0.000495385160928168,1209.22043100847,0.760488635492391,0.181198336209637,4.196995686608,2.70479082770952e-05,0.000178342835857642
"1060","PDE4A",2035.3734350531,0.290958878711843,0.0889990125626685,3.26923715593996,0.00107837875827039,0.00534600533355319,2035.3734350531,0.703964689931865,0.101962545981148,6.9041497851772,5.05049889246744e-12,1.19848404910898e-10
"1064","PDIA5",1219.12595745252,1.01698090758098,0.15881105331613,6.4037161541683,1.51639913408558e-10,6.07520268470304e-09,1219.12595745252,0.50136794256285,0.184265059385366,2.72090620020535,0.00651032318173931,0.0216167085143172
"1071","PELI1",542.518242996956,0.575593379654542,0.114024902955927,5.0479620217438,4.46547884401862e-07,6.42361489600989e-06,542.518242996956,1.15584449929465,0.122599583173709,9.42780121574269,4.18775291206635e-21,3.51034510304969e-19
"1089","PHF2",1728.34979027519,0.493039841049604,0.11273256003031,4.37353539134606,1.22250415015795e-05,0.000115210768978164,1728.34979027519,0.481271402210868,0.130668411654497,3.68315032008965,0.000230369220059287,0.00119003283834335
"1099","PIM1",2240.60425359345,0.958559390695169,0.116943910727442,8.19674478758671,2.46984043082629e-16,3.47110590072e-14,2240.60425359345,0.572084471551575,0.136256958707171,4.19857067836835,2.68605019483737e-05,0.00017730085609816
"1101","PITPNA",2941.50401915295,0.68262579034263,0.118416971148479,5.76459424457585,8.18545279402032e-09,2.03293124931994e-07,2941.50401915295,0.403373422503212,0.136752240724479,2.94966590943037,0.00318117720420368,0.0117499784698719
"1103","PITPNC1",437.182817542677,1.12707051263547,0.170603770369313,6.60636344786317,3.93875231168616e-11,1.8022590680966e-09,437.182817542677,0.641545353868019,0.193680868229568,3.31238371519277,0.000925045732321162,0.00401844482471376
"1129","POFUT2",2604.41019540884,1.09434245245435,0.164466422328357,6.65389589535486,2.85434607139648e-11,1.35146417733392e-09,2604.41019540884,0.91890106330036,0.190336567771743,4.82776943000429,1.38070818643841e-06,1.23330549697355e-05
"1130","POLB",919.661467807124,0.259096145679714,0.106443266889687,2.43412432980124,0.0149278665687401,0.0469441770909697,919.661467807124,0.499327852559438,0.125648559675124,3.97400379161128,7.06744370174498e-05,0.000418043566363263
"1135","PPARA",1736.14171624332,1.20363825169759,0.159632033552848,7.54007967516816,4.6968440290129e-14,4.01795720124447e-12,1736.14171624332,0.475359793342839,0.186417778395675,2.54997027340321,0.0107732104559729,0.0333492474809103
"1136","PPARG",1868.42409561456,0.249928647202951,0.0924119148216618,2.7045067476988,0.00684058803686077,0.0249038904015381,1868.42409561456,0.705013623209668,0.111584750418616,6.31818972184614,2.6464499952912e-10,4.74892206290808e-09
"1140","PPIF",4984.17284913831,0.655491178452587,0.149838316404919,4.37465659104982,1.21623791031877e-05,0.000114742359701251,4984.17284913831,0.368666646682611,0.17272437019919,2.13442171627232,0.0328082755013976,0.084306931057097
"1145","PPP1R15A",8231.03909069117,0.412249720950986,0.135130641320978,3.05074938534305,0.0022827102232706,0.0100386687558434,8231.03909069117,1.06864245855347,0.155338662189481,6.87943647441705,6.00897862109668e-12,1.41642292963253e-10
"1173","PSME4",4309.57616603762,0.583461354981437,0.142422808812233,4.09668479260691,4.19108950881573e-05,0.000337805248166176,4309.57616603762,0.38825462067902,0.165082765143415,2.35187858854755,0.0186788706436558,0.0530254785726671
"1186","PTPN2",1697.34682907534,0.187203007382034,0.0882405467318509,2.12150779109421,0.0338790929929987,0.0903149211595091,1697.34682907534,0.218882629175313,0.101874398456613,2.14855383188871,0.0316697847819106,0.0819161604658962
"1187","PTPN3",1451.81482783617,0.456032330221253,0.113423995998947,4.02059834169028,5.80505093161879e-05,0.000444811085664672,1451.81482783617,0.529554452828157,0.129825094030941,4.0789837803002,4.52329922914e-05,0.000281632929308146
"1189","PTPRM",7340.19623455921,0.561383852974839,0.121936114178463,4.60391785286194,4.14616061641564e-06,4.59314728463596e-05,7340.19623455921,0.435162892720723,0.14168298522026,3.07138427415415,0.0021306874057431,0.00827148931569136
"1194","PVR",6408.7033200838,0.539763400170452,0.124565955454461,4.33315345433833,1.46988577882926e-05,0.000135991313330766,6408.7033200838,0.746024084757884,0.143834154592716,5.18669635087953,2.14057320457971e-07,2.31077662227623e-06
"1198","QSOX1",21487.2697808691,0.299153859570499,0.0623983575569676,4.79425855556185,1.63277579262311e-06,1.99263912720675e-05,21487.2697808691,0.477083707016803,0.0719822143994405,6.62779981134494,3.40727113618122e-11,7.09104036686175e-10
"1199","R3HDM2",644.436587064832,0.73209073204388,0.150674808735886,4.85874671543234,1.18131140168415e-06,1.49346548745978e-05,644.436587064832,0.675977810862687,0.176306936905639,3.83409650650601,0.000126026658769516,0.000700165291095693
"1205","RAB3B",122.598546204924,2.2547883672883,0.44492369988834,5.06780908244305,4.0242072653266e-07,5.88931093011599e-06,122.598546204924,2.82600051425143,0.548612279274724,5.15117984232409,2.58852814867959e-07,2.73921044184645e-06
"1226","RBMS3",962.034534071271,0.733219829629939,0.117494053540888,6.24048458226676,4.36217392205473e-10,1.53875250621006e-08,962.034534071271,1.40232142242679,0.145415325435968,9.64356004583769,5.23405905330414e-22,4.71481956314053e-20
"1238","RFX3",271.957022850024,0.528478233082185,0.139570190911984,3.78646922834301,0.000152803008610477,0.00102571481291673,271.957022850024,0.405801023733711,0.175468669635077,2.31266940461597,0.0207408224073377,0.0578138517493646
"1242","RGMB",2250.36881623113,1.89307144741386,0.24177735424411,7.82981290093252,4.88596527007807e-15,5.21208873509292e-13,2250.36881623113,1.74783099118109,0.278562793750123,6.27445958468142,3.50850748017992e-10,6.17347292868199e-09
"1247","RHOC",6602.85096263707,0.526655044912872,0.0925060572941566,5.69319523842834,1.24683672546006e-08,2.94779502462573e-07,6602.85096263707,0.418001934707784,0.106709489432745,3.91719552712539,8.95850855624506e-05,0.000515912073534901
"1250","RNF10",7039.71470719722,0.512543489446246,0.112481109127863,4.55670728551947,5.19617577591892e-06,5.55639375845243e-05,7039.71470719722,0.411694642216082,0.129956815282482,3.16793421969597,0.00153526253528082,0.0062270303458321
"1254","RNF216",3018.66269411119,0.460079974964616,0.090363573145457,5.09143185633034,3.55369590844846e-07,5.29258596693065e-06,3018.66269411119,0.605379503445436,0.104886845087354,5.77173908645312,7.84575361233403e-09,1.11678628069906e-07
"1258","RNF44",1562.7970818572,1.12991806782289,0.164936824839262,6.85061125024109,7.35350986148675e-12,4.15556164715045e-10,1562.7970818572,1.03263993888108,0.190147309536254,5.43073652422199,5.61219417561135e-08,6.71608643381487e-07
"1263","RPL13A",36091.0608403985,0.3293203417248,0.0922000385236276,3.57180264778747,0.000354532535913538,0.00210531929777228,36091.0608403985,0.36057236035106,0.106403058926426,3.38874054927671,0.000702144123512623,0.00316559300306762
"1284","SAMD4A",4237.98652089888,1.03019095174292,0.11707255515486,8.79959398152888,1.37312037143226e-18,3.11733532529776e-16,4237.98652089888,0.631065177770865,0.135086632111019,4.67155904258708,2.98922146447432e-06,2.46910783922318e-05
"1287","SAT1",5818.00869095732,1.11294569163417,0.166826678737876,6.67126924814508,2.53600460100175e-11,1.23712312602036e-09,5818.00869095732,0.595319540810531,0.192546240465324,3.09182635491522,0.00198929178897584,0.00778770100133981
"1290","SCARB1",1796.26551489013,0.242029818092981,0.114768422546921,2.10885374846057,0.0349572075344572,0.0925986882603095,1796.26551489013,0.74256757271897,0.130971268475886,5.66969825794799,1.43049230775618e-08,1.92568726574226e-07
"1296","SCYL1",5170.74556241828,0.51611345116691,0.135419787546498,3.81121149661895,0.000138287386078287,0.000938954383694133,5170.74556241828,0.540331796141559,0.1565188597022,3.45218331624457,0.000556069796847001,0.00258260477231121
"1305","SEC24C",4193.80776810475,0.547647810209721,0.124092780135024,4.41321251416748,1.01847933061948e-05,9.84455894465595e-05,4193.80776810475,0.386135419814613,0.143214829257869,2.69619718722945,0.00701361343085366,0.023017669889258
"1310","SEMA4A",13.9615992333248,3.50221469937825,0.734191532654878,4.77016492782755,1.84075142711981e-06,2.21290062942549e-05,13.9615992333248,3.2393145612087,0.725507210949714,4.46489643702966,8.01074908215774e-06,5.99102118469839e-05
"1316","SERTAD2",3479.48230061502,0.615860540412867,0.123029766808173,5.00578483069966,5.56348774996489e-07,7.75123847965211e-06,3479.48230061502,0.582361642246829,0.142745839691053,4.07971008827468,4.50919016265108e-05,0.000280981229665326
"1322","SFI1",911.464136812079,0.485733679023287,0.128093126295695,3.79203547504963,0.000149417563255018,0.0010064230544389,911.464136812079,0.490103200853513,0.146348282887258,3.34888248214756,0.000811382028899228,0.00358751721984113
"1334","SHOX2",892.500316085838,1.15263375785049,0.154636626564856,7.45382115127214,9.06748985622894e-14,7.26548010742543e-12,892.500316085838,0.839166699670928,0.178684502975372,4.69635970494089,2.64838989586631e-06,2.21290180270798e-05
"1385","SLC7A2",1016.96082663183,0.858215573279694,0.160237492396088,5.35589742729052,8.51327971707405e-08,1.54618622799946e-06,1016.96082663183,0.803864627189208,0.184870214223781,4.34826470323743,1.37218928857837e-05,9.67855834008571e-05
"1401","SMTN",3851.87617692024,1.20812292828996,0.200519081427034,6.02497737218878,1.69133284773625e-09,5.11967898593394e-08,3851.87617692024,0.86727210884872,0.231038234189174,3.75380339921833,0.000174171489131798,0.000931899817440998
"1405","SNAPC1",2308.37226479177,0.580800076118049,0.168427428917026,3.44836989944301,0.000563981094209386,0.00311217738119658,2308.37226479177,0.512125232821592,0.194769324052811,2.62939369591245,0.00855372703285808,0.0273194181790313
"1428","SPATA2L",185.204140695039,0.397076746166077,0.172075758474181,2.30756935019209,0.0210231008780149,0.0616761216613466,185.204140695039,0.711008860441955,0.185237782366949,3.83835765769142,0.000123859982010723,0.000688761926992063
"1437","SPIRE1",2235.28117013431,0.353308101241505,0.0984824017232561,3.58752523353696,0.000333831434585346,0.00199915016693855,2235.28117013431,0.532719483859179,0.113874742266914,4.67811802032909,2.89519900377629e-06,2.39910632322075e-05
"1442","SPRY2",3637.81355333103,0.752107794709068,0.135353587730002,5.55661513907814,2.75056307281911e-08,5.914462804049e-07,3637.81355333103,0.531195957451451,0.15666524101893,3.39064334881575,0.00069728777899773,0.00314526470516515
"1460","ST6GALNAC2",36.1468878001224,2.65041520084798,0.546650764665686,4.84846152638035,1.24422655542697e-06,1.56149991803691e-05,36.1468878001224,3.30246707203432,0.88951863594745,3.7126451752377,0.000205104340942531,0.0010720609691413
"1474","STXBP5",1117.17517466103,0.306543244975248,0.121039971941125,2.53257861894047,0.0113226975402406,0.0375965362915019,1117.17517466103,0.330324031573552,0.14060493969208,2.3493060222276,0.0188084413918252,0.0533102128741997
"1477","SUCLG2",2758.38128501109,0.444760817405232,0.0948562579418687,4.68878729833299,2.74828866088117e-06,3.18770223892451e-05,2758.38128501109,0.681362049986388,0.109959923972188,6.19645799463014,5.77479319498688e-10,9.71732393944539e-09
"1479","SUPT3H",506.348620617262,0.641891089869342,0.128802734400913,4.9835206748902,6.24376387887201e-07,8.54606154281941e-06,506.348620617262,0.394698219419502,0.151339690081903,2.60802846368918,0.00910653816529085,0.0288256958078245
"1510","TCF3",4512.15879190371,0.346063380505611,0.148876469680701,2.32450017956378,0.0200987019530897,0.0595064059831653,4512.15879190371,0.390598839031822,0.171796283804694,2.27361634595003,0.0229890637927095,0.0629522064474892
"1524","THSD4",1703.35863245026,0.910030585605852,0.126117015574406,7.21576372118443,5.36321111950599e-13,3.72438205898871e-11,1703.35863245026,0.825918422270247,0.147404282840303,5.60308293867581,2.10572401754462e-08,2.72330279011878e-07
"1532","TK2",784.724459408514,0.459393799353333,0.153587521785591,2.99108803900521,0.00277985336356566,0.0118330873466396,784.724459408514,0.400414377554287,0.178429539811019,2.2441036275629,0.0248257346254081,0.0670487397266766
"1544","TMEM178A",38.9599909701436,1.17922100901178,0.350868398679235,3.36086411158912,0.000776990425552503,0.0040682869472749,38.9599909701436,3.35041602042507,0.549492022743394,6.09729692470836,1.07877030774465e-09,1.7331158111823e-08
"1571","TRAF3",2221.55955102817,0.31314098588798,0.0728705636887324,4.29722195131584,1.72951998857781e-05,0.00015617715429748,2221.55955102817,0.514934090422623,0.0831375850470426,6.19375809546611,5.87463665016189e-10,9.86699176139436e-09
"1573","TRAFD1",1758.79660792422,0.316914740707698,0.123407069469107,2.5680436466975,0.0102274277640432,0.0345822590883476,1758.79660792422,0.455294624879764,0.142993130951122,3.18403144158998,0.00145239235711365,0.00594282847862143
"1577","TRIB1",555.873998639741,0.645560859511969,0.219927860737341,2.93533005480811,0.00333193070114409,0.0137469312338908,555.873998639741,0.944149306853802,0.248476015214849,3.79976033516727,0.000144836090413506,0.000792745542027488
"1582","TRIM44",6890.17303026739,0.144877906726018,0.0661931519944926,2.18871442680464,0.0286176027387709,0.0791565931424796,6890.17303026739,0.357074840538891,0.0768501155065684,4.64638001107978,3.37810470130119e-06,2.76010666614437e-05
"1585","TRPM4",294.104893367702,0.419679890697906,0.184533242931625,2.27427797848547,0.0229492783456139,0.0661331346209519,294.104893367702,1.38760818513388,0.222629261153531,6.23282033073336,4.58111491506577e-10,7.81768771462591e-09
"1613","UBASH3B",4244.41865722761,0.598588414128146,0.13338603216988,4.4876394056447,7.20166874585758e-06,7.30814614049548e-05,4244.41865722761,0.332357936859567,0.154467858942495,2.15163166716318,0.0314263759519491,0.081454657485871
"1629","URI1",2715.10145810965,0.487084596311659,0.11290442972726,4.31413185017003,1.60231301674099e-05,0.000146181138075473,2715.10145810965,0.452745295877432,0.130813269774074,3.46100435115919,0.000538164113721478,0.00250810796474674
"1637","UTP6",2837.02447937305,0.489558516772447,0.152207077223221,3.2163978554984,0.00129810734334982,0.00624643609674963,2837.02447937305,0.437963718705995,0.175368036990739,2.49739762285829,0.0125108584599877,0.037867202152547
"1639","UVRAG",1296.41169462679,0.228090053646322,0.102927442156595,2.21602761000612,0.0266896112899353,0.0748407975807085,1296.41169462679,0.278846930909605,0.119047267760311,2.34232113139324,0.0191642175540781,0.0541153030309011
"1641","VAMP2",1462.56213380569,0.531316009303555,0.12571894214826,4.22622080829295,2.3764880361401e-05,0.000207202610260802,1462.56213380569,0.697733237104528,0.146689564434191,4.75652947635243,1.96949492902502e-06,1.6964640906245e-05
"1655","WBP2",5195.46440355597,0.302655069014979,0.111901631840236,2.70465286374988,0.00683758016180914,0.0248981841466824,5195.46440355597,0.370069706327729,0.129434393419003,2.85912960653158,0.00424805184290716,0.0150313126182679
"1666","WWC2",3555.46115564715,0.621800766238365,0.111217035965257,5.59087698068673,2.2592560916731e-08,5.03120714038277e-07,3555.46115564715,0.578740793102754,0.129664460148196,4.46337255745561,8.06795927428565e-06,6.02633954703861e-05
"1676","YBX3",4742.52174669374,0.880168373698977,0.107358356418413,8.19841513099036,2.43576936642049e-16,3.45060831524593e-14,4742.52174669374,0.31578300824648,0.123831216417264,2.55010826335107,0.0107689471736688,0.033347452971857
"1691","ZFP36L1",17607.7143930581,0.810786161536486,0.162126017249344,5.00096267886186,5.70447555349143e-07,7.9079752027282e-06,17607.7143930581,0.863114413404351,0.187147018042589,4.61195920956611,3.98891283634338e-06,3.21134974721357e-05
"1694","ZFYVE9",1640.3221807434,0.346852748375265,0.11880338529609,2.91955273421556,0.00350534081373005,0.014355359650678,1640.3221807434,0.295982005891349,0.138586090621808,2.13572664156509,0.0327017015528994,0.0841046886813633
"1702","ZNF217",2843.76159701063,0.603393476087442,0.08845403517377,6.82154833187724,9.00644570813668e-12,4.89726623612304e-10,2843.76159701063,0.235139068199396,0.103038038235911,2.28206080225472,0.0224857507872118,0.0618076520044415
"1710","ZNF516",634.453855576801,0.572117270589415,0.132071374524829,4.33187942995064,1.47841899773313e-05,0.000136638014675669,634.453855576801,1.09307275480865,0.154302424919056,7.08396355651607,1.40088762973695e-12,3.61832687931772e-11
"8","ABCC5",1743.64625850689,-1.00195458772944,0.108561541925991,-9.22936953504673,2.72229479374819e-20,8.4572624925777e-18,1743.64625850689,-0.604946192909864,0.12441268116848,-4.86241585044407,1.15961681787562e-06,1.05190491505291e-05
"10","ABHD6",575.247917854996,-0.507274094491368,0.118068756863312,-4.29642953790594,1.73571105150181e-05,0.000156425140237736,575.247917854996,-0.424717836959223,0.137113450945756,-3.09756507497755,0.00195117552330061,0.00765835335462407
"13","ACACB",290.457116885361,-0.793240311470815,0.263148039896261,-3.01442606900484,0.0025746595220522,0.0111173057343332,290.457116885361,-0.917530253128972,0.306643748540051,-2.99217009150647,0.00277001881270065,0.0104205195559439
"18","ACOT11",21.9005460823266,-2.73586428597554,0.644172841667174,-4.2470966004945,2.16558603263689e-05,0.000190787052069324,21.9005460823266,-2.83120230605609,0.786234462521459,-3.60096439550158,0.000317038995967917,0.00157182586555178
"31","ADAMTS3",53.9848010003546,-0.923543128448122,0.330712287885243,-2.79258788463461,0.0052288261552932,0.0199379960288398,53.9848010003546,-1.81955749524241,0.376357695301961,-4.83464937200909,1.33380520001367e-06,1.19672333753457e-05
"35","ADD1",8390.70247799937,-0.168357971350176,0.0528766563278875,-3.18397536913436,0.00145267372690554,0.00686887753165374,8390.70247799937,-0.292426515485685,0.061750993448934,-4.73557588555255,2.18433952265652e-06,1.85941003277945e-05
"37","ADD3",2997.2722040584,-0.487691830232712,0.130262629457024,-3.74391206645809,0.000181177082521096,0.00118781331998651,2997.2722040584,-0.668555952845283,0.151501163851353,-4.41287667929233,1.02006105749591e-05,7.42630699920424e-05
"41","ADGRD1",253.18486335509,-0.900267177256243,0.196980374716905,-4.57033944904452,4.86934846935063e-06,5.26026111375213e-05,253.18486335509,-1.44072595183,0.22715818439134,-6.34239068114742,2.26226732854906e-10,4.12493577549942e-09
"45","ADGRV1",204.339980667048,-0.649865229851353,0.18117705763796,-3.58690685412255,0.000334623787467718,0.00200321772429964,204.339980667048,-0.544308635694682,0.192317263160719,-2.83026404779797,0.00465096024909054,0.016206752553894
"54","AGA",681.613665114801,-0.36207440006876,0.130360916198141,-2.77747664429135,0.00547827770640685,0.0207152128176495,681.613665114801,-0.891466305617986,0.155433624915981,-5.73535041790261,9.73109419670239e-09,1.36476523257547e-07
"56","AGFG2",2163.87428582573,-1.42988637997386,0.209492458096872,-6.82547903138672,8.76324014760007e-12,4.83425098235832e-10,2163.87428582573,-1.64412177417582,0.243661054565605,-6.74757719122137,1.50334263123495e-11,3.31541067979781e-10
"57","AGL",1150.38952735992,-0.480104084993069,0.132643705981429,-3.61950144140488,0.000295171166990256,0.00180611300105855,1150.38952735992,-0.770494055627667,0.156388975902903,-4.92677985247528,8.35958503125085e-07,7.83024555487987e-06
"74","ALKBH8",817.367823424544,-0.441684969696163,0.108456853474147,-4.07244867934002,4.65214528103158e-05,0.000369086866651018,817.367823424544,-0.490437748705272,0.124159294743801,-3.95006873804557,7.81287523893118e-05,0.000456620532034067
"82","ANK1",1163.39864612613,-1.19611615899868,0.147071127095358,-8.13290944743452,4.19107703478128e-16,5.62239334332629e-14,1163.39864612613,-1.39536018378307,0.186542878482756,-7.48010428021811,7.42636594075576e-14,2.3548473156449e-12
"83","ANK2",360.649316494465,-0.799921273609361,0.227479730135712,-3.51645077621701,0.000437357747518783,0.00252600489010522,360.649316494465,-1.13588604521476,0.258202959362568,-4.39919839810877,1.08651462779764e-05,7.84700193494381e-05
"110","APC",1919.61726944532,-0.340176207828744,0.100722689086178,-3.37735430730696,0.000731867124181731,0.00387325255080995,1919.61726944532,-0.733183863435485,0.117271585511829,-6.25201629393446,4.05187108483906e-10,7.00698928959847e-09
"111","API5",4008.61914005005,-0.248129082221261,0.0607670613379395,-4.08328256720132,4.44039757272804e-05,0.000354831047914568,4008.61914005005,-0.227138371920063,0.0711108659203653,-3.19414436851926,0.00140245962861165,0.0057790018287762
"117","AQP1",249.802086351249,-0.829441253236998,0.20317097035147,-4.0824791642336,4.45578079709453e-05,0.000355739253178314,249.802086351249,-2.31986930782318,0.32479110122289,-7.14265045775115,9.15482198897752e-13,2.45202968834951e-11
"144","ARRB1",1644.17968818827,-0.725455434365685,0.119808679055443,-6.05511587378384,1.40316623464313e-09,4.33634689058648e-08,1644.17968818827,-1.23879666259474,0.138805130122508,-8.92471813902982,4.46835586290866e-19,2.88943040192229e-17
"148","ASAH1",2624.95806068266,-0.504505070845355,0.0896445264419791,-5.62784021366756,1.82480005146586e-08,4.16411846795844e-07,2624.95806068266,-0.258078858774453,0.103046110080139,-2.50449879741937,0.0122625022133767,0.0372025578209446
"157","ATP1A1",20331.1147529007,-0.37111605937313,0.0957166523964578,-3.87723609300469,0.000105649826975544,0.00074446762279464,20331.1147529007,-0.574378538994251,0.110702063194544,-5.18850798638558,2.11985671992499e-07,2.2914701952813e-06
"158","ATP1B3",6411.52385121517,-0.517217054865019,0.0995949760458616,-5.19320426993075,2.06705171746143e-07,3.33929654282797e-06,6411.52385121517,-0.447704688665517,0.115287367365226,-3.88338027745231,0.000103014265489602,0.000584878109424503
"163","ATP6V0E2",1320.80524621623,-0.92159165735631,0.184286300404253,-5.00086905719357,5.7072466168323e-07,7.9079752027282e-06,1320.80524621623,-0.462322708835957,0.211482356190854,-2.18610534307992,0.0288078991839125,0.0757900460467034
"174","AXIN2",152.918978231058,-0.757319999331518,0.295554160878505,-2.56237299140185,0.0103959603680192,0.0350560590186497,152.918978231058,-2.47536115327659,0.338995383299386,-7.30204974824231,2.83416431375745e-13,8.21046065038278e-12
"197","BEND6",412.972782492989,-1.12815566801658,0.193724059319154,-5.82351862737906,5.76213887688348e-09,1.50273866320843e-07,412.972782492989,-1.16199985422122,0.229059108395318,-5.07292577169995,3.91745339266842e-07,3.98703828710818e-06
"204","BMP4",10444.5253259637,-1.31516910115063,0.191784435525254,-6.85753824364673,7.00572737878086e-12,3.97619937254652e-10,10444.5253259637,-4.0955626405367,0.223236793111888,-18.3462707174976,3.53562616777689e-75,8.00200592422106e-72
"218","C2CD5",1463.94731313166,-0.323477260811531,0.0871637596951739,-3.71114396559745,0.000206324712887526,0.00132424719674241,1463.94731313166,-0.53779612667708,0.100467029572622,-5.35296135423547,8.65263341250277e-08,9.96594023961673e-07
"233","CANX",1297.6375677058,-0.300613563512373,0.114032461034693,-2.63621043328106,0.00838377214761057,0.0293747204570415,1297.6375677058,-0.472726293570918,0.129202405615728,-3.65880411682808,0.00025339492203095,0.00129339047563563
"236","CAPNS1",12973.2112193498,-0.205055290167432,0.0683724560717705,-2.99909206058336,0.00270785473206946,0.0115850909870708,12973.2112193498,-0.219308426925767,0.0790849346851237,-2.77307464182581,0.00555293822603394,0.0188597823148697
"239","CARHSP1",1540.48000376006,-0.279111846773911,0.127416052337566,-2.19055481356819,0.0284840241046603,0.078885689528515,1540.48000376006,-0.310537979100683,0.147744202485969,-2.10186236668186,0.0355653339969921,0.0899994321942052
"246","CCDC171",43.3198469999864,-1.26638011267286,0.356286020506538,-3.55439180822314,0.000378854351099952,0.00222660233962096,43.3198469999864,-1.15828721161162,0.415514916375965,-2.7875947793017,0.00531009186731078,0.0181678993479836
"251","CCND1",13933.2905709769,-0.373749265551716,0.0820140010366618,-4.55713976671669,5.18549199360865e-06,5.54831977177172e-05,13933.2905709769,-0.227044127341896,0.0948884650790009,-2.39274739192869,0.0167227500439912,0.0483137246364297
"253","CCND3",5449.33642167602,-0.494899335627262,0.130043511980646,-3.80564418854605,0.000141435588710157,0.000958859649647574,5449.33642167602,-0.313868048217931,0.150362114928276,-2.08741442861221,0.0368506888261808,0.0926949947050334
"259","CD164",4852.66207532566,-0.684326018053938,0.134381007776794,-5.09243106131931,3.53501266560639e-07,5.27807793276206e-06,4852.66207532566,-0.938188825114374,0.156076988235855,-6.01106438379396,1.8430918392488e-09,2.86446530827801e-08
"260","CD180",28.7511249572175,-2.91252489182939,0.385496442130103,-7.55525751608995,4.18031938056636e-14,3.64655643305759e-12,28.7511249572175,-3.21708086622805,1.4314475074588,-2.24743195224757,0.0246124348890841,0.0666117707177513
"261","CD24",95.1593691653343,-0.785260118091497,0.279939796534186,-2.80510355374071,0.00503004167301502,0.0192796489060065,95.1593691653343,-0.820963979104117,0.337088495803251,-2.43545534577748,0.0148730602191571,0.0437610271643602
"282","CDON",935.466044730917,-0.945883015121218,0.15598979649146,-6.06374927332509,1.32984412488656e-09,4.11693702158937e-08,935.466044730917,-1.13502893377635,0.185115033039172,-6.13147897899879,8.70658407696846e-10,1.42791133421731e-08
"297","CHD3",8391.88080470541,-0.253667441386042,0.0570231983089133,-4.4484955054931,8.64738583313826e-06,8.56899319156196e-05,8391.88080470541,-0.141497619454138,0.0658313820228135,-2.14939463681778,0.0316031302322766,0.0818138798949957
"305","CHST2",606.322577943655,-0.390239688967595,0.132151090959269,-2.95298121366151,0.00314721115515037,0.0130700785964828,606.322577943655,-0.345723043678848,0.151325234240731,-2.28463577415558,0.0223341934510913,0.061484401189822
"307","CLCN4",2062.30760278179,-0.365337249713354,0.123170605961631,-2.96610743172896,0.00301595117508195,0.0126316138619563,2062.30760278179,-0.485281906348335,0.146316754089026,-3.31665303382185,0.000911026785967118,0.00396706372937004
"309","CLEC16A",909.865609011835,-0.262324761797721,0.109635779184715,-2.39269300358376,0.0167252289158447,0.0512760307551554,909.865609011835,-0.304286326100759,0.12677891067709,-2.40013362219041,0.0163890879963696,0.0474785323619629
"310","CLGN",1673.65892797508,-0.558046936699673,0.142528829251397,-3.9153267421805,9.02818581691575e-05,0.00065092676576474,1673.65892797508,-0.742902406154366,0.163997713591129,-4.52995587491257,5.89960065009809e-06,4.56487903293487e-05
"324","COG2",914.10234919137,-0.28476875969733,0.0716677016913408,-3.97346019164638,7.08360015678214e-05,0.000529490888882643,914.10234919137,-0.42340513921163,0.0849261254646975,-4.98556995147075,6.17794219510343e-07,5.97850461702527e-06
"330","COL4A5",645.60174596912,-0.409406832389502,0.189696745670696,-2.15821747991508,0.0309109269832708,0.0840556964096681,645.60174596912,-0.696213713397833,0.22435252166454,-3.10321322993122,0.00191431659559393,0.00753327891324139
"339","CPE",884.942059157678,-1.02059724718075,0.169669399245776,-6.01521106173281,1.79652472665128e-09,5.38980204172077e-08,884.942059157678,-1.84419236842253,0.199035334589546,-9.26565311745104,1.93887045913506e-20,1.50022173218374e-18
"344","CPQ",234.158423079176,-0.646569854867818,0.179102491930826,-3.61005504667987,0.00030613203056739,0.00186160233423329,234.158423079176,-0.566157799402886,0.209964496533689,-2.69644539314791,0.00700838875305045,0.0230088643268779
"354","CSGALNACT1",251.061366849372,-0.516855065451105,0.245187121447755,-2.10800250192275,0.0350307730194706,0.0926964926223527,251.061366849372,-2.34475292428887,0.307832965429898,-7.61696500247904,2.59709713333114e-14,8.78935340113899e-13
"359","CTCF",2294.68837094176,-0.363312254995113,0.0861350359800205,-4.21793815793361,2.46546412200818e-05,0.000213892193975526,2294.68837094176,-0.60723187445361,0.0995772421241447,-6.09809893807426,1.07337308012901e-09,1.72751048789475e-08
"362","CUEDC1",2233.26371586325,-0.324224337027437,0.114779674875889,-2.82475392422936,0.00473169396581755,0.018386841506846,2233.26371586325,-0.766359642617053,0.132854231296782,-5.76842480014871,8.00159032668544e-09,1.13539807566588e-07
"368","CYB5B",3425.29199571404,-0.83670083450307,0.101937016879346,-8.20801765754434,2.24870150238937e-16,3.23739887839926e-14,3425.29199571404,-0.519662314964816,0.118348165911673,-4.3909621324648,1.12850194735495e-05,8.12017835403441e-05
"369","CYB5D2",398.413161672739,-0.623289495191659,0.151426522103407,-4.11611840867628,3.85306411931805e-05,0.000314943738007996,398.413161672739,-0.624743056437696,0.178603038762264,-3.49794192062591,0.000468863224600058,0.00222697732020164
"372","CYP39A1",65.7986772532284,-0.773767809437281,0.330355820871808,-2.34222544465937,0.0191691319372076,0.0572423251844977,65.7986772532284,-1.53241762821627,0.411649036401679,-3.72263139885252,0.000197157245676494,0.00103500408530548
"375","DACH1",29.3563218495521,-1.83425763288997,0.474087824436788,-3.86902497457945,0.000109271450216172,0.000764813770920146,29.3563218495521,-1.76427638104205,0.575679420351447,-3.06468551536022,0.00217898988321745,0.00843188519460037
"386","DDX39A",4527.95540300986,-0.378326613944449,0.0784540105570312,-4.82227245310077,1.41931898533052e-06,1.76374039243739e-05,4527.95540300986,-0.406526509278483,0.0899924042239069,-4.51734246667106,6.26205832537077e-06,4.81651775867303e-05
"392","DHCR24",8858.00212304685,-1.09414257719699,0.0770662101763247,-14.1974358761594,9.50262211017289e-46,4.20681080817354e-42,8858.00212304685,-0.373959188168047,0.0888377948180363,-4.20946049971205,2.5598118818846e-05,0.00016952433772276
"400","DLX4",39.7018059761425,-1.22260636950606,0.316982823280473,-3.85701142053452,0.000114781801469016,0.000799274927413815,39.7018059761425,-1.55910934665771,0.435354934572642,-3.58123733727327,0.000341970825916636,0.00167979483831976
"428","DTWD2",146.502805906757,-1.40096663108013,0.280652248318127,-4.99182400809453,5.98117431467032e-07,8.2295753507523e-06,146.502805906757,-2.03504828901151,0.335816505092293,-6.06000079850817,1.36120872834014e-09,2.15249303365298e-08
"434","DYNC1I1",52.692973317832,-1.5672839620039,0.38047826357659,-4.11924704258015,3.80112451635671e-05,0.00031147761654625,52.692973317832,-1.06888059170417,0.389404710258983,-2.74490925133722,0.00605276326532718,0.0203172657919937
"440","EAPP",1072.35372734256,-0.261510085622068,0.124176080649967,-2.1059618265713,0.0352076683864198,0.0930116950300942,1072.35372734256,-0.379889106910293,0.144666380761011,-2.62596675821918,0.008640325506447,0.0275668253074413
"452","EFR3A",3491.03329794797,-0.188983753318984,0.0771104649184301,-2.45081849161326,0.0142531805955555,0.0452564679910518,3491.03329794797,-0.318899684742298,0.0900492690485975,-3.54139115299421,0.00039802304279852,0.00192586991258952
"474","EML5",98.808805584562,-1.31861852413466,0.218951612056708,-6.02241980202065,1.71828516888682e-09,5.18354238000813e-08,98.808805584562,-0.958948231321121,0.268870997259044,-3.56657371414895,0.000361679105964332,0.00176606307782907
"485","EPHA4",477.017419450454,-0.741610245426125,0.134443499912719,-5.5161480168813,3.46510449589281e-08,7.20188619874059e-07,477.017419450454,-1.51256796880003,0.169783082315006,-8.90882618088946,5.15756981677474e-19,3.28813236276491e-17
"491","EPM2A",167.364609410289,-0.446987972525048,0.173822930913722,-2.57151326453535,0.0101255136401167,0.0342956597580012,167.364609410289,-0.581032131996744,0.210035377993549,-2.76635363788375,0.00566870247817516,0.019198938845836
"509","FABP5",263.335320404063,-0.489219815784825,0.168707424071464,-2.89981201762402,0.00373386515324633,0.0151097930983623,263.335320404063,-0.42728730356536,0.181302977564239,-2.35675833516834,0.0184352398301234,0.0524247608550673
"517","FANCC",763.465574074777,-0.43404518902905,0.0933067079134885,-4.65181120130704,3.29032257839956e-06,3.73973249154682e-05,763.465574074777,-0.685528559626458,0.111402096130608,-6.15364147926573,7.57237621103877e-10,1.25438160045663e-08
"524","FAXC",40.7924352826682,-0.762151259958767,0.339941521129554,-2.24200697057041,0.0249609217998288,0.0708156487420066,40.7924352826682,-1.19089939209828,0.383045790497359,-3.1090261834022,0.00187705083083179,0.00741402319874355
"531","FBXO9",2072.39932355548,-0.307016033635185,0.0762431154226769,-4.02680336359746,5.654027778857e-05,0.000435500321478903,2072.39932355548,-0.509149771366243,0.0906988102919615,-5.61363230374554,1.98122987424064e-08,2.57887477375996e-07
"542","FHL1",1166.04150062524,-0.576048852875414,0.19018718818938,-3.02885203971683,0.00245484879291367,0.0106859543817393,1166.04150062524,-0.543216913370884,0.220565409400122,-2.46283818867286,0.0137842108675569,0.0410218477922394
"544","FLRT2",904.416143750592,-0.911765602016615,0.14969163523316,-6.09095892764112,1.12236346431537e-09,3.53644345660083e-08,904.416143750592,-1.21002036619557,0.175356302970029,-6.90035285701919,5.18735273187435e-12,1.22934827962457e-10
"545","FLVCR2",87.3052278708081,-1.39802156009271,0.260115797486735,-5.3746122826854,7.67476458068596e-08,1.41420115707375e-06,87.3052278708081,-1.38783642937627,0.310660698244011,-4.46737046952163,7.91869286621261e-06,5.92707122925364e-05
"551","FOXQ1",688.178142740357,-0.491917137240146,0.218385023931251,-2.25252230388749,0.0242892848649041,0.0692393200881715,688.178142740357,-1.6709885375197,0.260412231943203,-6.41670525631898,1.39255157353524e-10,2.6429285943846e-09
"566","FZD2",2111.63556722682,-0.602252733431876,0.137525697751177,-4.37920143856693,1.19114989846417e-05,0.000112796162577559,2111.63556722682,-0.554880357259674,0.159779632813309,-3.4727852823896,0.000515087261636187,0.00241485498684226
"572","GALNT5",2617.13647239142,-0.567404391713073,0.148877060471603,-3.81122780041255,0.000138278264305783,0.000938954383694133,2617.13647239142,-1.65117732715117,0.174200219562996,-9.47861794487609,2.57673106520243e-21,2.19034237871151e-19
"577","GATA3",338.421161960822,-0.545872102944528,0.234559990520899,-2.32721744971205,0.0199536947490067,0.0591562073690626,338.421161960822,-1.62936820586027,0.283781972858369,-5.74161984092437,9.3775157712103e-09,1.31926418456514e-07
"584","GGT5",558.001630189147,-0.521850809572651,0.191147205546645,-2.73009907772523,0.00633152937113427,0.0234215003350837,558.001630189147,-1.15495062938141,0.226423411701274,-5.10084456683817,3.38141176676686e-07,3.5005055145272e-06
"636","GTF3C6",1196.87663140433,-0.774496710753889,0.112024025535217,-6.9136661270078,4.72286000876772e-12,2.76014538070161e-10,1196.87663140433,-0.535934466573984,0.127036730097757,-4.21873631477742,2.4567538773172e-05,0.000163335998701952
"654","HEXIM1",5585.41328430742,-0.36784389369169,0.0592048697366431,-6.21306820415187,5.19598821782162e-10,1.77075733937801e-08,5585.41328430742,-0.455406243925524,0.0687101019359346,-6.62793724786125,3.40410113832015e-11,7.09104036686175e-10
"660","HIVEP3",1326.7742583189,-0.505018631254672,0.169131922211859,-2.98594508150904,0.00282703408448631,0.0119763443942784,1326.7742583189,-0.922968540772775,0.19640713476241,-4.69926177523678,2.61103596681584e-06,2.18564111027127e-05
"666","HNRNPDL",9264.61656476701,-0.252723142924592,0.0918421345393131,-2.75171242689719,0.00592845557980804,0.0221853532137026,9264.61656476701,-0.894783486272294,0.106085455452632,-8.43455384580803,3.32468664482702e-17,1.7101356929329e-15
"668","HNRNPU",18929.3125581147,-0.348292041372993,0.069200446644705,-5.03308949956963,4.82637657221625e-07,6.87021513993612e-06,18929.3125581147,-0.481885716562139,0.0799997391344447,-6.0235910988697,1.70589019912708e-09,2.65807641526635e-08
"673","HS3ST1",701.665342161985,-1.41831967202562,0.187641073668367,-7.55868448361328,4.07166219661737e-14,3.56935614741091e-12,701.665342161985,-2.21846986743373,0.231955401371147,-9.56420869839543,1.13063052844513e-21,9.93747395535321e-20
"676","HS6ST1",688.959550915252,-1.34373412278195,0.138965278489391,-9.66956737243206,4.06091103522515e-22,1.75391738077481e-19,688.959550915252,-0.900768134701524,0.166516159479602,-5.40949381439384,6.32031336745147e-08,7.47456524043608e-07
"677","HSD17B10",1638.07771441554,-0.698682653335108,0.0918812488584562,-7.6041919544589,2.86689466651328e-14,2.65795658401137e-12,1638.07771441554,-0.240475379831753,0.10323034425417,-2.32950283726327,0.0198324428700497,0.0556291573361922
"743","KDM8",112.149873554106,-1.34807622411753,0.262337496178932,-5.13870965360609,2.76631439910037e-07,4.27078425276978e-06,112.149873554106,-0.955062328027117,0.298856175122459,-3.19572559488113,0.00139479695589678,0.00575922318893207
"745","KIAA0825",30.0805901770534,-1.72394123285046,0.458248893594414,-3.7620194111724,0.000168546963031054,0.00111700210380011,30.0805901770534,-1.83676677778236,0.588074693979669,-3.1233562616892,0.00178801175812615,0.00710573768494996
"762","KLHL4",1856.89568644024,-0.626048413249691,0.167073185264109,-3.74715076066835,0.000178854599078221,0.001174326006851,1856.89568644024,-3.78288532210553,0.215708729320317,-17.5370061936072,7.47637564961569e-69,1.04128659624571e-65
"765","KPNA3",2338.02083353121,-0.289637305602652,0.0866072281805196,-3.34426250195823,0.000825016342744398,0.00427175128576544,2338.02083353121,-0.271088841600861,0.101866013949539,-2.66122950226707,0.00778558696603729,0.0251814643813989
"779","LASP1",19085.2529304009,-0.194614932078951,0.0554854123525695,-3.50749726508861,0.000452343003501059,0.00259478131065654,19085.2529304009,-0.298934290584626,0.0640986792933025,-4.66365756487375,3.10638133704376e-06,2.55655184038701e-05
"786","LHFPL2",2477.27757833113,-0.234488530872914,0.104701780637912,-2.23958493775614,0.0251178814627987,0.0712229695665716,2477.27757833113,-0.270981341199509,0.121761111466674,-2.22551632401678,0.0260465965130144,0.0696911004085471
"796","LNX1",165.664627270155,-1.27695826251081,0.282699301458042,-4.51701951835329,6.27161265345755e-06,6.52129870037735e-05,165.664627270155,-1.97933533208811,0.348885585827642,-5.67330784787981,1.40066193648666e-08,1.88693340937704e-07
"797","LPCAT2",910.95842813733,-1.19540403687999,0.191016395015265,-6.25812269561711,3.89639229905928e-10,1.39670677797048e-08,910.95842813733,-1.26668144557999,0.225397817212921,-5.61975914959028,1.91223847832169e-08,2.50709557483653e-07
"835","MAP2K6",89.0460301205797,-1.95989158925902,0.498540977513675,-3.93125475669703,8.45036687508401e-05,0.000615292338092054,89.0460301205797,-4.14229523434821,0.654870891291898,-6.32536166965138,2.52640142783944e-10,4.55607811279492e-09
"840","MARCKS",5422.00270487747,-0.410260432953706,0.124254869006754,-3.30176544575814,0.000960783766875464,0.00486344008007994,5422.00270487747,-0.815753296125295,0.144793847386367,-5.63389474656714,1.76184574093402e-08,2.33122503013302e-07
"849","MBTPS1",4654.96848584829,-0.289302944962999,0.110414705063558,-2.62014869121343,0.00878914355119692,0.0305532300754996,4654.96848584829,-0.463333224615406,0.127626531396917,-3.63038327175439,0.000283000670069177,0.00142294088649612
"871","MFSD11",425.856668368721,-0.337671229000569,0.112433627156644,-3.00329392140059,0.00267074357659326,0.0114595413749245,425.856668368721,-1.00134577887656,0.133627171306729,-7.49357910583965,6.70204084576275e-14,2.14773719563505e-12
"876","MGAT5B",493.384990415324,-0.683384493754022,0.148470276760897,-4.60283707057793,4.16774269502893e-06,4.60401669641748e-05,493.384990415324,-1.76383025188439,0.180727354411586,-9.75961971903529,1.6778317260153e-22,1.61589474634218e-20
"881","MID1",2393.38796082446,-0.305702656447146,0.0964773334190109,-3.16864744923502,0.00153150042992484,0.00717455280770082,2393.38796082446,-1.23683632626078,0.114408092355112,-10.8107416250047,3.06184618906015e-27,4.778672392851e-25
"885","MKLN1",3835.13757711657,-0.291673839384509,0.11678060717608,-2.49762222031204,0.0125029356934147,0.0407213509764554,3835.13757711657,-0.579291633659924,0.136671329871965,-4.23857464621592,2.24943391098068e-05,0.000151237468964783
"896","MSH2",2656.61180726411,-0.414413443771798,0.130406461307772,-3.17785974418662,0.00148366503706563,0.00698557311256534,2656.61180726411,-0.495029186254305,0.151204891555768,-3.27389663893067,0.0010607540425801,0.00453613903990443
"897","MSI2",417.867178545723,-0.8472682772964,0.273254870998514,-3.10065205498572,0.00193095043834579,0.00872722571777111,417.867178545723,-2.47149623628094,0.312533186064672,-7.90794816832513,2.61665707797267e-15,1.01886436674781e-13
"923","MYO18A",6194.13090443571,-0.962890071949041,0.138132293608811,-6.97078175416342,3.15184602802378e-12,1.89870270405649e-10,6194.13090443571,-0.489120909849201,0.16047410645107,-3.04797403560143,0.00230389832831327,0.00885843770066683
"936","NAT1",295.202501128203,-1.1088309013,0.15724716717113,-7.0515159112105,1.76978985451034e-12,1.11528251756829e-10,295.202501128203,-0.814103839442159,0.19132919180815,-4.25499021737613,2.0905815527456e-05,0.000141567288289608
"943","NCOA4",8856.16829463511,-0.182201892918424,0.0856865026682384,-2.12637798538557,0.0334717992990648,0.0895074935046572,8856.16829463511,-0.274791700376288,0.0991206782191948,-2.77229439218137,0.00556626710493273,0.0188979621604935
"951","NDST1",7451.67696283006,-0.614956178139459,0.0745016332552955,-8.25426438682467,1.52840676104511e-16,2.29364634954126e-14,7451.67696283006,-0.461824815858259,0.0866573069725609,-5.32932342340723,9.85793106035985e-08,1.12256414955268e-06
"980","NOS1AP",85.6702688696042,-0.504885167877228,0.21840136162092,-2.31173086161229,0.0207925195625855,0.0611414706765631,85.6702688696042,-0.639936067532181,0.293764711269429,-2.17839666570862,0.0293765179166783,0.0770187132058178
"984","NPY1R",20.5089747185043,-2.08425613409966,0.464914520787083,-4.48309536680225,7.35680310715989e-06,7.43584637355634e-05,20.5089747185043,-2.55498616043205,0.533181108706217,-4.79196677960293,1.65154253980876e-06,1.44807889713207e-05
"991","NRG1",4045.22649637436,-1.10434087771493,0.190794193853701,-5.78812622863001,7.11759178332322e-09,1.80412564682777e-07,4045.22649637436,-0.65994310484522,0.221059653695432,-2.98536206771801,0.00283242845529493,0.0106112041406104
"1010","NWD1",54.0701304554782,-1.78224687695459,0.334489600652962,-5.32825795921738,9.91592254217231e-08,1.7682895909042e-06,54.0701304554782,-2.22865558872817,0.452073179739554,-4.92985580346113,8.2290333348135e-07,7.71994184249395e-06
"1012","NYAP2",62.2460346911241,-2.13364826720412,0.508000842939287,-4.20008804485216,2.66811206832824e-05,0.00022890953733506,62.2460346911241,-3.0030956058113,0.71143879917693,-4.22115803816942,2.43050454467292e-05,0.000161872701537767
"1013","OASL",1942.39796683392,-0.76751916443579,0.33127420135491,-2.31686971486653,0.0205108299614444,0.0604436307134726,1942.39796683392,-3.20821318092713,0.382977865058734,-8.37701985840648,5.4284690716155e-17,2.68546068335165e-15
"1052","PCDH9",145.908716344886,-1.51030392417113,0.238211060454796,-6.34019227019786,2.29478596933723e-10,8.82975189539564e-09,145.908716344886,-2.04361266459309,0.288014024865786,-7.09553177330655,1.28855045087531e-12,3.36174271809055e-11
"1057","PCSK9",1481.77437435169,-0.741718911545171,0.178351950662033,-4.158737310088,3.20011659009693e-05,0.000267552712830201,1481.77437435169,-1.12225161957917,0.207913117789294,-5.39769511184233,6.75024489609601e-08,7.92606576450806e-07
"1061","PDE4B",124.749062896653,-1.60778775644617,0.312043529630394,-5.15244702670345,2.57109257488174e-07,4.00430143500491e-06,124.749062896653,-3.51970911794975,0.421702683844041,-8.34642332807978,7.03612831199512e-17,3.37920793679001e-15
"1063","PDE7B",486.327729966763,-1.05382088589435,0.420906490604484,-2.50369359802675,0.0122904419477139,0.0400827000443992,486.327729966763,-2.87628399177146,0.532895554176941,-5.39746291600028,6.75898380840451e-08,7.93118346305716e-07
"1097","PIK3R1",584.641518688208,-0.515599700297866,0.116660100876349,-4.41967473390379,9.88495686409594e-06,9.57041094310612e-05,584.641518688208,-0.577968521335288,0.134721419676556,-4.29010117858685,1.78591735034081e-05,0.000122809985423434
"1120","PLXDC2",70.8463381281282,-0.829530726112407,0.248900690061249,-3.33277792804944,0.000859835432940661,0.00442101215055552,70.8463381281282,-1.06485101623719,0.318642738401732,-3.34183362087061,0.000832269319349119,0.00366465668680329
"1137","PPARGC1A",226.118315953291,-2.7254092417534,0.234670727898415,-11.6137588448321,3.50846067407973e-31,5.64798378332762e-28,226.118315953291,-2.26246162977029,0.273909710287913,-8.25988106588904,1.45817687065936e-16,6.68398744814134e-15
"1153","PPP3CA",3445.68892580999,-0.399606978863249,0.10465201399233,-3.8184356288885,0.000134300617131465,0.00091680621748804,3445.68892580999,-0.623090253300603,0.123205310268699,-5.0573327719536,4.25160970173264e-07,4.27190040286189e-06
"1166","PROX1",27.270361070203,-0.921164057880461,0.378202083859762,-2.43563982641098,0.0148654779908923,0.046781212771054,27.270361070203,-1.76731833528257,0.432314267265868,-4.08804073587443,4.35031774859857e-05,0.000272644005386382
"1182","PTN",235.59712747696,-0.793807411893249,0.168019821891665,-4.72448668827345,2.30697325684366e-06,2.72164439921302e-05,235.59712747696,-1.84585537951272,0.20253514178539,-9.11375360957665,7.95799053558005e-20,5.67273136366978e-18
"1192","PTTG1IP",20491.9361476354,-0.202850380880248,0.0887605499405535,-2.28536642704563,0.02229135088125,0.0646525879044301,20491.9361476354,-0.556884042680824,0.102613092204278,-5.42702720206697,5.73003982650034e-08,6.84354228882686e-07
"1206","RABEP2",539.091793788065,-0.67954040896498,0.155469993740025,-4.37087821654704,1.23747802082234e-05,0.000116497930849133,539.091793788065,-0.550545459197239,0.173982193946978,-3.16437818553444,0.00155414704616136,0.00629094263755816
"1219","RASSF10",37.1740727034774,-2.30359542887528,0.523306075326465,-4.40200398483465,1.0725558659442e-05,0.00010283180012133,37.1740727034774,-1.99553650140205,0.50301592610508,-3.96714377783972,7.27391149261785e-05,0.000428855231147309
"1231","REEP1",63.5290653957198,-1.25295924391004,0.357844967998918,-3.50140243948834,0.00046281638719325,0.00264092858278587,63.5290653957198,-1.67207751467394,0.403947635518884,-4.13934225045308,3.48303005195062e-05,0.000223551017797298
"1240","RGL1",685.68779974317,-1.09128859721409,0.15802166474366,-6.90594292234781,4.98710483423198e-12,2.89546401326491e-10,685.68779974317,-0.723691281443397,0.180420213514085,-4.01114302742414,6.04254881807202e-05,0.000363718048204827
"1257","RNF43",64.6870463552571,-0.767021537957984,0.313978575764623,-2.44291043135691,0.0145693526684641,0.0460457071306731,64.6870463552571,-1.86065527348469,0.43321001566348,-4.29504214170814,1.746601553803e-05,0.000120243223319989
"1261","ROR1",1619.9404158413,-0.950965433067908,0.16435504597527,-5.78604342461743,7.20635923348696e-09,1.8230029900941e-07,1619.9404158413,-1.17389920139763,0.194605431594055,-6.03220162860805,1.61740792875523e-09,2.52891087720572e-08
"1262","RPAP3",2000.16823700377,-0.400288836055832,0.0979339729834108,-4.0873337807263,4.36359102636792e-05,0.000349481998620186,2000.16823700377,-0.385175666426076,0.113909695883448,-3.38141247273793,0.000721142032261105,0.00324236345570389
"1286","SASH1",856.367458030239,-0.572555631868717,0.147942350508237,-3.87012663988218,0.000108778832034519,0.000761968179456984,856.367458030239,-0.630209453733168,0.170358449407632,-3.69931433353922,0.000216182721614303,0.00112477136711166
"1289","SC5D",3358.32592923151,-0.78014380789911,0.11333159633598,-6.88372733748772,5.83064279157179e-12,3.34139231563602e-10,3358.32592923151,-0.740358403549669,0.133665834458452,-5.53887540933132,3.04420107929281e-08,3.84635762328511e-07
"1294","SCPEP1",1427.05772717842,-0.465161574290659,0.146626063702249,-3.17243444000006,0.00151166685697811,0.00710230742991999,1427.05772717842,-0.531055797693165,0.16864301310011,-3.14899377051523,0.00163833687645779,0.00658901099181359
"1325","SGCB",2798.87019284779,-0.731594229745437,0.114495813244571,-6.38970289841693,1.66208366046171e-10,6.56968246862857e-09,2798.87019284779,-0.713824040514521,0.133245808641615,-5.35719695644955,8.45229675932047e-08,9.75381039670213e-07
"1331","SHH",473.069883120864,-1.61239907673127,0.272352294915347,-5.92026983738998,3.21413822454797e-09,8.93500151966962e-08,473.069883120864,-3.2450425060431,0.29273466169027,-11.0852691215519,1.47904978711742e-28,2.5263844759951e-26
"1345","SLC12A2",904.228556685942,-0.567574532444708,0.105171499372219,-5.39665722969273,6.78939165322197e-08,1.26955171483901e-06,904.228556685942,-0.88324434651492,0.123640170583343,-7.14366813267653,9.08726475178537e-13,2.43754097179001e-11
"1352","SLC16A2",201.445490204638,-0.672162911597943,0.266588642768279,-2.5213486389298,0.0116905958703434,0.0386003257632668,201.445490204638,-2.9815295572136,0.316706382905005,-9.41417577336262,4.76808530710056e-21,3.96013543900747e-19
"1362","SLC2A1",19705.1632093804,-0.226592069283741,0.0958002212202291,-2.36525622172461,0.0180176007988827,0.054437071309779,19705.1632093804,-0.761772183015927,0.110859336730418,-6.87152030205958,6.35212490755809e-12,1.48785994277163e-10
"1374","SLC38A4",975.225322134491,-1.71577385626564,0.22908781395452,-7.48959024335648,6.90889668540963e-14,5.66401585672379e-12,975.225322134491,-1.93656594057773,0.280118215175907,-6.91338811851852,4.73212921405724e-12,1.12885285309249e-10
"1390","SLIT2",1606.7120568692,-0.498203249981688,0.152476507985181,-3.2674098886768,0.00108536412505754,0.00537161205324731,1606.7120568692,-1.7244962604729,0.177932323184203,-9.69186615232144,3.26507413605739e-22,3.01619552589056e-20
"1393","SMAD6",138.632315279134,-0.889536465413709,0.279274172288573,-3.18517268576685,0.00144667653395889,0.00685149720870392,138.632315279134,-2.54332526819794,0.34860067300517,-7.29581284589266,2.968613211125e-13,8.57252165879253e-12
"1397","SMC2",4578.2989004458,-0.539582026624483,0.143812274390565,-3.75198868741265,0.000175437382428153,0.00115360013666459,4578.2989004458,-0.923591828050898,0.166506700395002,-5.54687484563609,2.90820754004855e-08,3.6796649699594e-07
"1419","SOX4",791.984277300166,-0.775287040541652,0.226218360658257,-3.42716231470203,0.000609924376077904,0.0033120093631885,791.984277300166,-0.935235312178481,0.260814096286658,-3.58583115519406,0.000336006315589977,0.0016544973378499
"1421","SOX9",2145.30045917713,-0.33085453856448,0.143637135401167,-2.30340529724733,0.0212560499861374,0.0622049468111919,2145.30045917713,-0.819803547751697,0.168093309568902,-4.87707422653639,1.07670927030801e-06,9.85586352284977e-06
"1423","SP110",412.050610355791,-0.536444545019192,0.148724856406494,-3.60695957609793,0.000309805902608926,0.00187942546193863,412.050610355791,-0.649352885613856,0.170474710137351,-3.80908631603287,0.000139481262972896,0.000766272763103508
"1436","SPIN1",3946.80117361258,-0.182555820088586,0.0744202565002335,-2.45303938300741,0.0141654828806044,0.0450619421609638,3946.80117361258,-0.31361728857549,0.0873469933607735,-3.59047606000748,0.000330074547520665,0.00162842772681448
"1444","SPTBN1",16891.0217081346,-0.326352655460431,0.0900989196037783,-3.62215947644666,0.000292153910326739,0.00179198525946169,16891.0217081346,-0.466422082934646,0.104172074026135,-4.47741957040836,7.55506764739771e-06,5.68309326230922e-05
"1447","SREBF1",3113.77368951485,-0.743635042370567,0.1583168717431,-4.6971307238641,2.63841601701651e-06,3.07577819811247e-05,3113.77368951485,-0.814591865478665,0.183416634228307,-4.44121041096363,8.9454271690564e-06,6.60546102458952e-05
"1453","SRSF2",5366.52512478917,-0.5052043904593,0.116031561998293,-4.35402559233611,1.3366009263291e-05,0.000124571206333872,5366.52512478917,-0.438983400068867,0.134148706877209,-3.27236400773274,0.00106652166430306,0.00455289624130725
"1466","STARD4",3303.40220650151,-0.271837004426912,0.115015616930176,-2.36347907947091,0.018104248798965,0.0546243035835869,3303.40220650151,-0.31634490553163,0.134572494248674,-2.35073970574598,0.0187361353564599,0.0531718599943672
"1469","STIM2",1021.01904267426,-0.367410016130556,0.0969542929863744,-3.78951776980304,0.00015094001439368,0.00101474782645531,1021.01904267426,-0.923597669005868,0.111467911267475,-8.28577173918359,1.17345653276406e-16,5.46185192345145e-15
"1473","STXBP4",367.390990784216,-0.635935694493756,0.163251549592379,-3.89543435319064,9.80229092671737e-05,0.000697384362114549,367.390990784216,-0.860317757203778,0.190019303016744,-4.52752822237207,5.96776328110777e-06,4.60974069828231e-05
"1478","SUMF1",855.328539783697,-0.395784510311365,0.140304762125986,-2.82089149587077,0.00478903980707142,0.018559056725526,855.328539783697,-0.516050252732229,0.163166355247112,-3.16272464351295,0.00156300092671178,0.00632395414056838
"1492","TACSTD2",3798.9302169704,-0.995154021847995,0.1750012166078,-5.686554877377,1.29627744090893e-08,3.05652209369047e-07,3798.9302169704,-0.854934359900464,0.203344538543612,-4.2043635202777,2.61817860711248e-05,0.000173199641433608
"1518","TET2",937.723789224361,-0.340890341537372,0.103780525639744,-3.28472359757277,0.00102082462499884,0.00510931669289978,937.723789224361,-1.60099904625692,0.126745497488024,-12.6316048931694,1.4136526184042e-36,4.12832166271393e-34
"1522","TGFBR3",1838.70958623346,-0.876124391145865,0.12628480657594,-6.9376864478073,3.98573116563515e-12,2.36051262478486e-10,1838.70958623346,-2.13584295436523,0.149065848985626,-14.3281842816405,1.45885070606052e-46,7.33720857886992e-44
"1529","TIGD2",615.479943939212,-0.881823788946836,0.15246240818863,-5.78387682198895,7.29984034050389e-09,1.84138992520859e-07,615.479943939212,-0.467326545624092,0.178488139516769,-2.61824985620507,0.00883820644066198,0.0281090050614133
"1541","TMEM135",629.80778834181,-0.838417163065762,0.211204338318949,-3.96969669155011,7.1964180070092e-05,0.000535437689361844,629.80778834181,-0.624629968783969,0.247604010636478,-2.52269729871632,0.0116458599952922,0.0355941831658947
"1549","TMEM45A",426.123083080256,-1.02569162359483,0.185402624094063,-5.53223897777437,3.16168734844684e-08,6.64930636179295e-07,426.123083080256,-0.793547728581637,0.215208223915863,-3.68734853223769,0.000226602893064429,0.00117291937730833
"1550","TMEM50A",3788.24154424632,-0.263697114713647,0.0863532738605727,-3.05370141657184,0.00226036929192542,0.00995934795257909,3788.24154424632,-0.442039823133887,0.100086726896442,-4.41656787908807,1.00280419723035e-05,7.32340410007759e-05
"1552","TMPRSS2",91.8476436592846,-1.17664914287774,0.465110303594571,-2.52982815857678,0.0114118402562145,0.0378570377027063,91.8476436592846,-1.44699471637795,0.549266317605268,-2.63441370788338,0.00842827243538046,0.0269949231761894
"1555","TMX1",3597.62936747504,-0.445165516521337,0.104544054299695,-4.25816197299167,2.06114590296631e-05,0.000182585150824049,3597.62936747504,-0.683159737025546,0.121267597957752,-5.63348947724312,1.76599297972199e-08,2.33224426629076e-07
"1557","TNC",8462.75816198543,-1.18590336690091,0.117566609722289,-10.0870763365738,6.30185330740142e-24,3.84302168475718e-21,8462.75816198543,-1.34814528797645,0.135281476006249,-9.96548328548825,2.15821632974573e-23,2.29862734508095e-21
"1578","TRIM24",1781.33435406281,-0.369304824192028,0.0847908382621283,-4.35548028255521,1.32775469001554e-05,0.000123877134092704,1781.33435406281,-0.412365744222703,0.101475468162653,-4.06369885933152,4.83011345681305e-05,0.000298655851540482
"1579","TRIM29",401.305546736359,-1.62875178357737,0.250913713085264,-6.49128245543078,8.51087407694457e-11,3.61416206605598e-09,401.305546736359,-3.8161110171796,0.350678664679177,-10.8820735378094,1.40333819560636e-27,2.22884573417971e-25
"1584","TRIM61",170.686646752265,-0.439097200704082,0.180540454289803,-2.43212637539531,0.0150104689999858,0.0471369719900247,170.686646752265,-0.650903082674069,0.209755990123318,-3.10314419288524,0.00191476323346273,0.00753339919710478
"1619","UBTD2",1457.31584346286,-0.248438922347701,0.103512046694509,-2.40009670643369,0.0163907409614903,0.0504164045416137,1457.31584346286,-0.575783553335402,0.119656116056084,-4.81198598377977,1.49437836425134e-06,1.32763565569846e-05
"1620","UBXN2B",464.842382036217,-0.551325845413349,0.130525251445403,-4.22390180680067,2.40108696903468e-05,0.00020914140702246,464.842382036217,-0.362454943436063,0.153687483042269,-2.35838948144123,0.0183544242259645,0.052211344074676
"1626","UMPS",1116.30872023994,-0.471544211507883,0.102910851680958,-4.58206499903191,4.60406730419845e-06,5.01407280582694e-05,1116.30872023994,-0.4670426684148,0.118634455079537,-3.93682145799615,8.25679913266851e-05,0.000479928106247499
"1632","USP38",1406.55370475565,-0.201551265894333,0.0971706596541367,-2.07419880251634,0.0380608514097951,0.0992170700374874,1406.55370475565,-0.253265220743739,0.114259076086754,-2.21658733308364,0.0266513039526757,0.0709317226763406
"1651","VRK2",609.082873668766,-0.569253029775987,0.123041888660132,-4.62649782098505,3.71900778413439e-06,4.16547690331763e-05,609.082873668766,-0.52727752792994,0.141106678101302,-3.73672979213218,0.000186429075454054,0.00098669536397869
"1653","VTI1A",957.566474377751,-0.383429595578971,0.0750144903358874,-5.111407060984,3.19768129219225e-07,4.84384433893417e-06,957.566474377751,-0.375018595726179,0.0890454409441695,-4.21154178978473,2.53633619898055e-05,0.000168154167772764
"1674","XXYLT1",1320.1316129847,-0.4612983764551,0.118519010798305,-3.8921888847025,9.93438516281709e-05,0.000704800049932552,1320.1316129847,-0.421965159793303,0.136272287434156,-3.09648548313382,0.00195829450432941,0.0076829643110267
"1682","ZBTB7C",60.1833237088532,-1.41369060993978,0.291130860380757,-4.85585969172376,1.19865556356589e-06,1.51060263572178e-05,60.1833237088532,-4.46072166585621,0.796892460903058,-5.59764571094224,2.17282212452307e-08,2.80007952929642e-07
"1705","ZNF326",1272.31425002949,-0.965263222577884,0.11209204647509,-8.6113444524576,7.22086670966524e-18,1.37491513650271e-15,1272.31425002949,-0.561568542450134,0.128753073334109,-4.36159330343042,1.29118712257842e-05,9.17900636997813e-05
"1713","ZNF583",183.008794656287,-0.794769273768828,0.202462207236311,-3.92551916042871,8.65428805816842e-05,0.000628331828347873,183.008794656287,-0.582942796921389,0.239068883982076,-2.43838841429942,0.014752912650748,0.0434618022216795
"1716","ZNF644",1980.12066669352,-0.247202086656972,0.0889695625151279,-2.77850176699407,0.00546102162679733,0.0206676150817113,1980.12066669352,-0.313477139485747,0.104757492599117,-2.99240781454509,0.00276786245969872,0.0104167361661412
"1717","ZNF703",1033.15174763278,-1.06767817464074,0.192092987522111,-5.55813196729967,2.72677193122042e-08,5.88849723878673e-07,1033.15174763278,-1.29441274077473,0.224937588359203,-5.75454173851849,8.68771393303668e-09,1.22507592267572e-07
