...1,gene_name,baseMean,log2FoldChange,lfcSE,stat,pvalue,padj
2,BAG1,917.939217413917,-0.949901491180218,0.0587379071326039,-16.1718647727057,7.96505019945233e-59,6.812033893165659e-55
37,IQCE,592.185733988343,-0.673800530288244,0.0596010473220737,-11.3051793645025,1.23701138631813e-29,6.839335656732399e-27
41,ZNF544,431.88697791886,-0.749545402570398,0.0676725533673592,-11.0760620853406,1.63924837833405e-28,8.179049774531649e-26
44,PIK3C2B,461.61188166791,-0.975013018468394,0.0887477885607525,-10.986335933328,4.44611313818332e-28,2.06713946517764e-25
72,ZW10,509.725599806024,-0.558125478538504,0.0560762072118204,-9.95298195597037,2.4473771117268198e-23,6.953610218693821e-21
89,RNPEP,1449.32110480127,-0.429166061267666,0.0444859530824579,-9.6472264058764,5.050318200899279e-22,1.1608354992786098e-19
107,IDH1,1808.65404997169,-0.527835560346924,0.0565280019766519,-9.33759449988944,9.85475340876667e-21,1.88409991105738e-18
129,SAMD9,1668.35780017817,-1.45861771381818,0.163000865041788,-8.94852744152151,3.6025589719511395e-19,5.71298828598484e-17
148,RMI1,551.293065586391,-0.560039835819542,0.0644724292360459,-8.68650122937246,3.73772904678209e-18,5.16640021013657e-16
207,TMEM123,3697.19356303831,-0.29812438957936,0.0358993133390898,-8.30445938515322,1.0027496089724001e-16,9.909782005192422e-15
214,TBL1X,835.269807645206,-0.870040675756926,0.105519635420528,-8.2452964539685,1.64751248608152e-16,1.57491415550325e-14
218,SRBD1,299.11168164205,-0.643505713211557,0.0783162787813744,-8.21675548461578,2.0908276296093498e-16,1.9620211384825e-14
232,AKAP1,1489.41191007326,-0.522525491035166,0.0645842292065063,-8.09060505103196,5.93690700841629e-16,5.23497011513673e-14
254,ATPSCKMT,531.445977762345,-0.680333751608098,0.0859453278736024,-7.91588988535418,2.4549081876151704e-15,1.97716759031668e-13
270,ZHX1,1472.73783716098,-0.482339329297385,0.0617079028820156,-7.81649200135045,5.4315767613917506e-15,4.10013895969708e-13
276,PHKB,1428.1581969426,-0.517054227493614,0.0664524355723186,-7.78081680589293,7.20577768848086e-15,5.3408910932338e-13
281,GTF3C6,500.588247539116,-0.399505208208374,0.0515396350112727,-7.75141710105232,9.08726620040222e-15,6.61559447194406e-13
301,FDX1,326.052405458515,-0.480845225511571,0.0626381537805407,-7.67655488691865,1.63424050643808e-14,1.1106863136280299e-12
319,SUSD1,301.526352771736,-0.54037899252221,0.0712932396246169,-7.57966667481362,3.46443871450232e-14,2.2216935041559198e-12
321,SRD5A1,1070.27441316424,-0.394323611406422,0.0520519021225891,-7.57558504735789,3.5751281125442404e-14,2.27839239247095e-12
333,S100A4,1260.08579711803,-1.83233879949144,0.243674284821132,-7.51962317581625,5.49343418724073e-14,3.3747502452967997e-12
337,BRCA1,1472.2820194588,-0.468508284900553,0.0623981988890998,-7.50836231239994,5.98716121106459e-14,3.6344022817432697e-12
340,PGRMC1,2384.39485195492,-0.250281266313229,0.0334073866223913,-7.49179422928816,6.79383786009762e-14,4.08769238541227e-12
387,PARVA,965.93048955975,-0.487846187126566,0.0670338860917836,-7.27760563453835,3.3979691598430997e-13,1.7961823024007897e-11
403,SRRT,3428.70686700882,-0.303987345230913,0.0421042195936624,-7.21987839139689,5.20340853772498e-13,2.64134313787196e-11
406,TSC22D3,285.068072277717,-0.775230204010109,0.107436930132552,-7.21567717035153,5.3666237408633e-13,2.7083321089759e-11
407,FES,33.1481748453053,-1.67240079188911,0.23193066233865,-7.21077918299212,5.56326083715415e-13,2.7962561903111196e-11
413,DBI,1436.26550648895,-0.342061966120432,0.047588299700735,-7.18794258823137,6.57749066939877e-13,3.2580079085687794e-11
429,RXRA,2493.38110021125,-0.489435082176715,0.0687334289993479,-7.12077207993448,1.07324142961602e-12,5.11778553045571e-11
440,LRRCC1,360.238698005772,-0.457936917463266,0.0646635364891648,-7.08184151882877,1.42251287965453e-12,6.613714995248359e-11
451,IFT46,180.553605688781,-0.638464236041559,0.0906153858857713,-7.04587007824918,1.84306164603362e-12,8.359980508405729e-11
457,UHRF1,1024.8669194462,-0.626649219523204,0.0891907936512364,-7.02594061415797,2.12628888773376e-12,9.51805071692987e-11
497,DHX9,6079.67142555105,-0.396194956743938,0.0577779917253908,-6.85719501340557,7.0225737900021295e-12,2.88475485988099e-10
546,PIK3R3,425.232732299924,-0.530385002431467,0.0791459438844013,-6.70135418697052,2.0649684556526198e-11,7.73682412038198e-10
559,WWOX,275.772927131033,-0.537908033903558,0.0807225651775516,-6.6636637812539,2.67084095552583e-11,9.76631220414646e-10
564,DNAJB6,1296.15045748915,-0.511255558617185,0.0769816581397204,-6.64126456836335,3.1100321165881196e-11,1.1280483512241702e-9
579,ZDHHC3,738.760077535493,-0.464861208770848,0.0708559833036653,-6.56064861563781,5.3574230202659e-11,1.89286360493229e-9
595,SEPTIN11,1751.30531352527,-0.446977122638524,0.0685997650725574,-6.515723809925,7.233997291318509e-11,2.4871576905630703e-9
619,CHEK1,1038.97810424568,-0.328914950837043,0.0508766772351292,-6.46494560399346,1.01335255115905e-10,3.3489746589758904e-9
637,POGLUT3,1479.92281778247,-0.472875636377857,0.073628798040245,-6.42242775876074,1.34117904476609e-10,4.30045843072947e-9
681,CALM3,3389.17904842714,-0.364054599507302,0.0575372247709206,-6.32728813314778,2.49507198975957e-10,7.495108325185251e-9
722,NARF,1230.18778446183,-0.408537630757668,0.0655000303065772,-6.23721285082588,4.45435723944059e-10,1.2603428222301e-8
730,MT1E,180.905472850407,-1.37638360263272,0.221026838761871,-6.2272238536407,4.74772538931741e-10,1.33046874368858e-8
737,GAMT,288.392600756242,-0.616808603467254,0.0995043924574802,-6.19880779364414,5.68924574116388e-10,1.5791709650880502e-08
744,KLF3,902.262207246171,-0.321734405319612,0.051957048606546,-6.1923148821636,5.92869610361747e-10,1.63015236816804e-8
757,PRCC,1152.53016241312,-0.245215377685395,0.0398394744368185,-6.15508565692256,7.50369282189334e-10,2.02778129534309e-8
821,MORC2,835.604002925826,-0.416411054731248,0.0692078092200841,-6.01682179256738,1.7787471224649902e-9,4.43213518687776e-8
852,SLC24A1,179.061701617577,-0.472400534171148,0.079640017201253,-5.93169804292452,2.99817637352099e-9,7.19879038416889e-8
866,SPINT1,1320.64156685351,-0.39404401648297,0.0668622723314427,-5.89336860299416,3.78401016445815e-9,8.93874087001391e-8
889,CYP7B1,33.2561670966003,-2.59329242413608,0.443376217508196,-5.84896600613935,4.94638154699311e-9,1.13822415418265e-7
913,PRRX1,5.49238160982395,-3.75176591004341,0.647087351277963,-5.79792805814219,6.7139240363950606e-9,1.50434549849435e-7
915,SUMO1,1279.02139257212,-0.258881951049915,0.0446827650840067,-5.79377642729136,6.882106168878291e-9,1.53865842510102e-7
937,ORC1,832.183973634014,-0.505353392809467,0.087816777751974,-5.75463374705875,8.682983765728531e-9,1.89570756558707e-7
980,RIPK4,403.573318452618,-1.30760235502659,0.229875493643755,-5.68830689300454,1.28305090277628e-8,2.67830329776474e-7
983,KTN1,7263.18723371957,-0.237775552462256,0.0418271370467457,-5.6847197597225,1.31027337022651e-8,2.72678151930049e-7
993,LDAH,187.867061917283,-1.12116744573924,0.197606947595295,-5.67372483297207,1.39725507672189e-8,2.87851431062434e-7
1023,BRAT1,1066.63961875493,-0.424293354823227,0.075167813067796,-5.64461486248835,1.65551425210246e-8,3.30731006399024e-7
1031,RNF216P1,91.4928740135873,-0.579590309137196,0.102934778591139,-5.63065581011595,1.79525674921994e-8,3.56206493456318e-7
1060,ARPC3,1986.03127752079,-0.253767361621654,0.0453629050129352,-5.5941602846928,2.21692080679203e-8,4.27844801363628e-7
1080,MRPL15,736.735608393441,-0.337516357019285,0.0608291266851987,-5.54859777563453,2.8796982409786e-8,5.4546284181203e-7
1087,DAGLA,157.50299691496,-0.923300075545202,0.16682747877271,-5.53446040387104,3.12187944561348e-8,5.87527946816145e-7
1094,PSMD14,1716.27182748609,-0.232281971961363,0.0420454816157639,-5.52454064111077,3.30348764945592e-8,6.17728033317366e-7
1113,XPO1,6793.73405101388,-0.194535451980008,0.0354009372611441,-5.49520625809897,3.90254021956023e-8,7.16645110157482e-7
1139,PTBP3,4009.89394879538,-0.256250373679461,0.0470823519145729,-5.44259925979074,5.25086840279142e-8,9.43081781526813e-7
1194,RPUSD4,681.227271840966,-0.320140130622769,0.0596890221735107,-5.36346750148042,8.16393456710567e-8,1.39874044756516e-6
1219,SIK2,713.492441812577,-0.278419401162166,0.0521201184755212,-5.34187966769356,9.19877125839417e-8,1.54371832348621e-6
1243,DDX49,608.494663745567,-0.397902897347153,0.0750140460060003,-5.30437856018758,1.13057477238957e-7,1.86067321953126e-6
1268,SRSF9,1581.24542891868,-0.191484015102696,0.0363256660511319,-5.27131463558475,1.35450040917877e-7,2.18525353868849e-6
1280,MED20,286.965750104517,-0.49296977011042,0.0936620613450571,-5.26328123715201,1.41506861460518e-7,2.26156708195141e-6
1299,TSPAN6,464.839403658676,-0.490417267033789,0.0937595581063309,-5.23058424057008,1.68975153210118e-7,2.66106598092332e-6
1321,ZNF580,239.317813482629,-0.402793817951178,0.0775273540909648,-5.19550580145648,2.041639687147e-7,3.15929070196416e-6
1333,SAAL1,466.011848271592,-0.310084893004731,0.0598969393775968,-5.17697391931702,2.25513726860046e-7,3.46086594926929e-6
1350,NACC1,2162.9551394674,-0.265109098704113,0.0513919243361596,-5.15857505101401,2.48836361792089e-7,3.77070033568946e-6
1353,SKA2,1319.29850099401,-0.353013056121827,0.0684656028840972,-5.1560643776033,2.52194220961552e-7,3.81310951826347e-6
1357,ABCC5,1135.54257549478,-0.539743197047602,0.104781380163494,-5.15113654931271,2.58912584341229e-7,3.90315013844401e-6
1403,VANGL2,296.704712624819,-1.2486386416276,0.245212693031252,-5.09206365377041,3.54187144368844e-7,5.16436665171307e-6
1409,MPHOSPH10,746.68246138338,-0.256407513172379,0.050423473024173,-5.08508235934992,3.67466577840826e-7,5.33517656699062e-6
1410,ZNF664,3487.44531820114,-0.253043759020017,0.049767946506072,-5.08447257290682,3.68649032117532e-7,5.3409725566773e-6
1421,DECR1,563.932246961995,-0.395891628323998,0.0779935823345085,-5.07595133438094,3.85561975541629e-7,5.54891138217275e-6
1450,CFAP68,157.362129620928,-0.659129836737912,0.13051209508848,-5.05033526809188,4.41035304588527e-7,6.22224774204654e-6
1456,MEA1,698.790342156833,-0.351012680414923,0.069544203010158,-5.04733198773811,4.48022456705604e-7,6.29477705825998e-6
1468,MCM6,2785.12465506417,-0.350976982835721,0.0697069662543791,-5.03503454095123,4.77762676825202e-7,6.65775959115338e-6
1490,CHD9,1818.30037401742,-0.225182510597778,0.044882699679904,-5.01713382224649,5.24480365683479e-7,7.20086902066237e-6
1507,PDCL3,266.734502292888,-0.322046612773058,0.0644117135407232,-4.99981439819094,5.73855275570247e-7,7.78479806177133e-6
1527,TPI1,8648.08058439803,-0.345103693079401,0.0693332768273139,-4.97746116830652,6.44237012116083e-7,8.63075085583412e-6
1537,FAM43A,64.7140437172679,-0.990779877430816,0.199429481825777,-4.96807126188277,6.76221140399932e-7,9.0002965967218e-6
1569,RIF1,2584.8494753543,-0.260372649882432,0.0526646077933722,-4.94397776404213,7.65444380848878e-7,9.98004824667017e-6
1578,NT5C3A,508.21084706673,-0.374089817239633,0.0757981459919447,-4.93534257789615,8.00101940486625e-7,1.0375567890754e-5
1605,MGST2,275.470032121085,-0.351283089218039,0.0716790842165339,-4.9007753524983,9.54591620398432e-7,1.21670285224241e-5
1615,GEMIN6,196.915802303927,-0.350253737626338,0.0716097329821118,-4.89114709747391,1.0025000646885e-6,1.2698541067079e-5
1627,WIPI2,1047.14528973278,-0.31205699429915,0.0639451770975234,-4.88007084292266,1.06047740136033e-6,1.33338575289664e-5
1631,TRIM14,1214.34048313724,-0.436936680330215,0.0896688252410455,-4.8727824765815,1.10037358075237e-6,1.38015587623858e-5
1676,AP2S1,1307.47875609362,-0.349715636829551,0.0724373175342457,-4.82783803616442,1.38023273863896e-6,1.6846909984688e-5
1679,ZNF671,13.7959679803621,-1.65815335992896,0.343623591154331,-4.82549336720085,1.39657113005013e-6,1.70158758829276e-5
1681,PXDN,188.940646037133,-1.27772544356949,0.264961892455166,-4.82229890392894,1.41913073227609e-6,1.72701709638144e-5
1697,BMPR2,1135.19461873749,-0.302801252992306,0.0630611154022822,-4.80171102367384,1.57315607151033e-6,1.89640858897388e-5
1718,CASP8,510.695718406315,-0.295680036070002,0.0618118900704473,-4.78354626808878,1.72229223882817e-6,2.04961793657404e-5
1739,UNC5B,389.669092734888,-0.761318114550399,0.159605968613143,-4.76998524031204,1.84239418279108e-6,2.16732937305102e-5
1751,FAM111B,642.771835192733,-0.902233979474747,0.189846150682635,-4.7524481072203,2.00968358912543e-6,2.34792102699822e-5
1776,NETO2,1990.21362591088,-0.268044499439016,0.0567694151486084,-4.72163573884531,2.33955411293029e-6,2.69483437433642e-5
1798,RAN,8301.56958512332,-0.23493913852956,0.049969666390484,-4.70163512186867,2.58086387492922e-6,2.93641447660885e-5
1803,CUL1,1629.90345471472,-0.401715878869352,0.08560779784708,-4.6925150391899,2.69866689558768e-6,3.0619317073232e-5
1808,TWF1,1475.03170875256,-0.237306106432631,0.050610669816454,-4.68885528077876,2.74737592533212e-6,3.10857684206412e-5
1822,WASF1,547.441132180432,-0.406893299129966,0.0870426028649907,-4.67464535454078,2.94462019901803e-6,3.30615232773391e-5
1847,YBX1,12607.0660063631,-0.182590298479642,0.0392266409629493,-4.65475233151123,3.24370372768593e-6,3.59266091809805e-5
1857,NOTCH1,1530.22057689564,-0.601143931133618,0.129481117427573,-4.64271503889265,3.43860453457749e-6,3.78802008421388e-5
1864,APCDD1,83.6577492732085,-1.33421500905863,0.287973932090547,-4.63311036305578,3.60212382621628e-6,3.95325360047781e-5
1865,NPAT,687.973028408362,-0.212069069844984,0.0457742344340026,-4.63293537220694,3.60517109950369e-6,3.95447641729475e-5
1883,LEO1,596.860771821683,-0.314436641741093,0.0681027714324909,-4.61709024650764,3.89158062308458e-6,4.22593638447478e-5
1885,RARG,1937.25660553558,-0.242914253870106,0.0526176424814009,-4.61659326443541,3.90090753701164e-6,4.23122298433972e-5
1929,CTR9,1218.89453332698,-0.354017095616936,0.077397448597209,-4.57401506165026,4.78465421219414e-6,5.0741146303191e-5
1972,ZNF587B,270.287991734658,-0.421949107728731,0.0930216935592929,-4.53602908723412,5.73232776719772e-6,5.94354937321661e-5
1977,GINS2,1034.18850254278,-0.363531499710184,0.0802055535615199,-4.53249785791136,5.82902674279666e-6,6.03158321079369e-5
2020,BIRC6,2365.34480463909,-0.297435187703618,0.0661660292820043,-4.49528543470438,6.94766855740969e-6,7.03606216232326e-5
2027,PSMD12,2040.29115414355,-0.225012407743482,0.0501266844864217,-4.48887473905108,7.16003814280074e-6,7.22609276207571e-5
2030,TIMM17A,1423.06655050261,-0.185139471566827,0.0412659798328811,-4.48649159226569,7.24055732384663e-6,7.29655572285372e-5
2082,TET3,937.170327667004,-0.378548121343527,0.0851949022437606,-4.44331892371237,8.8581710379822e-6,8.7037274219021e-5
2108,C1orf122,407.469076809423,-0.311793659770871,0.070628174641157,-4.41457904518999,1.01206731928919e-5,9.82156601076804e-5
2140,MCM3,4714.0026794059,-0.296512614485605,0.0675619635385272,-4.38875069574494,1.14003665528421e-5,1.0898004606144e-4
2157,COL9A3,151.503947948975,-0.639721141791867,0.146053130799938,-4.38005771110891,1.18647881757817e-5,1.1252571706628e-4
2172,ZNF3,509.744763800472,-0.381070554413692,0.0871930565777455,-4.37042316636659,1.24005983663754e-5,1.1684600574842e-4
2174,PARP3,366.139555013785,-0.300851791303476,0.0688703526859339,-4.36837883893866,1.25172227814886e-5,1.1778510875847e-4
2179,MSH2,1286.18986750471,-0.258827367118495,0.0592913048654387,-4.36535117089938,1.26918692622041e-5,1.1915446053093e-4
2180,ACTMAP,565.575525533944,-0.321849486387706,0.0737654971784973,-4.36314399954353,1.28206493420562e-5,1.2030826770203e-4
2197,MYCBP,507.565403755061,-0.339140982705253,0.0780192947241332,-4.34688603510727,1.38083918758039e-5,1.2857454374297e-4
2217,ZNF75A,334.516334594153,-0.422404270031737,0.0975240068105468,-4.33128502249003,1.48241638853366e-5,1.3683576363306e-4
2245,PPIA,10409.8689663627,-0.230200789097283,0.0534535376655604,-4.30655853944723,1.65814062912778e-5,1.5109391024528e-4
2257,ZNF407-AS1,121.549308858941,-0.447246276843388,0.10400995257624,-4.30003346569698,1.70772319131184e-5,1.5478464033968e-4
2293,HYLS1,260.28819365359,-0.609253703398764,0.142471931044345,-4.27630691135315,1.90019217326553e-5,1.6952564888134e-4
2308,MAIP1,285.438421625602,-0.288234109333424,0.0675900350229519,-4.26444681136128,2.00398072618921e-5,1.7762319634164e-4
2318,FOXP4,688.146675926243,-0.399851766931498,0.0939333585137964,-4.25676003986134,2.07410762423113e-5,1.8299251417963e-4
2330,TYW1,303.274088764724,-0.344212661520786,0.081158848609005907,-4.24122159715545,2.22306516575243e-5,1.9518130513217e-4
2343,ATP5F1C,2014.59273876397,-0.133677004065558,0.0316041303565427,-4.22973208113871,2.3396979290895e-5,2.0428169242588e-4
2394,CARD6,313.991141075541,-1.07234779144299,0.256243975108059,-4.18487026276725,2.85329014700585e-5,2.4381686105805e-4
2481,CWF19L2,272.984114884789,-0.334282845368114,0.0811893386660197,-4.11732440318573,3.83296367224359e-5,3.1604569868233e-4
2486,OXCT1,1918.10213094115,-0.49766479800508,0.120943695213167,-4.11484697179072,3.87436362714759e-5,3.1881680096765e-4
2506,SELENBP1,45.7534003893095,-0.945092411176811,0.230368369068332,-4.10252681389813,4.08662477200768e-5,3.3362369256561e-4
2523,ZWINT,1876.01652291378,-0.424372317481552,0.103941393337458,-4.08280381718355,4.44955840199539e-5,3.6077929540079e-4
2529,SNAPIN,419.781263053413,-0.20762939633383,0.0509050423378809,-4.07875893621098,4.527675470911e-5,3.6624221869682e-4
2554,SUPT16H,6189.08492137755,-0.178734265609696,0.0440069830229411,-4.06149781993737,4.87588736818577e-5,3.9054826895448e-4
2577,SLFN11,646.04391579011,-1.03792311728162,0.25657814374009,-4.04525148616331,5.22669851190068e-5,4.149110262241e-4
2584,BORCS8,165.381582064987,-0.443536001362617,0.109701181020813,-4.04312877250123,5.27426342613777e-5,4.1755265831463e-4
2611,PAG1,36.022708713193,-0.747520644444817,0.18555922238647,-4.02847476310249,5.61398857885523e-5,4.3985202741341e-4
2649,TXNDC17,762.686426091034,-0.241298692875205,0.0602508681826915,-4.00489984880457,6.20437618000625e-5,4.7895442835618e-4
2681,ALKBH8,328.653171141612,-0.263761446324108,0.0661303208779472,-3.98851000301234,6.64895997529806e-5,5.0733970240459e-4
2696,FAIM,298.130931779313,-0.31031316942478,0.0779258921214021,-3.9821574187606,6.82925209859966e-5,5.181973671404e-4
2736,C1QBP,3653.47788883569,-0.206244838882145,0.0521265686250805,-3.95661644957983,7.60188391431578e-5,5.6839085977762e-4
2750,BAIAP2,618.975189039866,-0.391157469008518,0.0991323039715857,-3.94581234710973,7.95298827007426e-5,5.9161556742148e-4
2762,FAM118B,279.44257292511,-0.270119131781446,0.06859773401814,-3.93772674342297,8.22571908872967e-5,6.0924524039877e-4
2805,SPR,624.24818596411,-0.546072677267531,0.139625634472072,-3.91097723088061,9.19234386204108e-5,6.7040206198137e-4
2850,PDCD10,1086.78660053701,-0.179337424420119,0.0461925530982496,-3.88238822908697,1.0343556386083e-4,7.4244958943896e-4
2862,YDJC,578.29280577499,-0.217249827226753,0.0561012194807556,-3.87246176174969,1.0774158326811e-4,7.7011515335985e-4
2869,POLR2J,380.449625397617,-0.288360293511737,0.0745060869396101,-3.87029174871931,1.0870518313403e-4,7.7510698200523e-4
2882,POMP,1395.53628776391,-0.256980339848261,0.0665764404030618,-3.8599291024343,1.1341992718082e-4,8.05076839118e-4
2906,CDC6,1970.81354338268,-0.304530392429056,0.0791795069037874,-3.84607588929668,1.2002460211343e-4,8.4477624730223e-4
2929,FH,1568.49233502663,-0.246864601181433,0.0644524735968949,-3.83018040122708,1.2804934756859e-4,8.9433441557213e-4
2958,ARHGEF3,402.200155590922,-0.382292797879566,0.100251331071073,-3.81334386082654,1.3709915315952e-4,9.4815327119144e-4
3033,TMEM98,122.446657873806,-1.14728109264561,0.303669050853191,-3.77806394633302,1.5805230025939e-4,0.00106603228038456
3073,MCM4,10084.6587501414,-0.190584922842873,0.0508059930039248,-3.75122916755411,0.00017596976690905001,0.00117134168203432
3081,MRPL24,655.30938517938,-0.245421126065815,0.0655561158775598,-3.74368009422937,1.8134451448291e-4,0.00120407813462415
3102,ARPC2,3801.80400423293,-0.267851154767336,0.0717805572830783,-3.73152793605407,1.9032189935618e-4,0.00125513059159557
3104,FOXN3-AS1,26.8302021207637,-0.735854665892441,0.197257171767318,-3.73043301442263,1.9115096139548e-4,0.00125978583030525
3122,CCDC34,288.841760390322,-0.466749636395518,0.125501828657269,-3.71906641830819,1.9996047203404e-4,0.00131024707764267
3146,TNS2,187.080709512221,-0.658524989754821,0.177611993306847,-3.70766060047046,2.0918275423216e-4,0.00136021983576843
3152,BDH2,175.765767103546,-0.565886079484153,0.15276270108316,-3.70434717029585,2.1193583705919e-4,0.00137549854654818
3162,STK38,1556.25748898031,-0.271743550596026,0.0734421635967535,-3.70010273782346,2.1551220154119e-4,0.00139428624507532
3169,TIMM8B,318.362487235728,-0.510391493121416,0.138121167642607,-3.69524455832918,2.1967523898714e-4,0.00141808026631747
3190,LANCL2,451.79847159942,-0.318492847671791,0.0864981580753922,-3.68207664484822,2.3134183313905e-4,0.00148356109107389
3195,SEC61B,896.611336208736,-0.15591597624492,0.0423846007818855,-3.6785996179904,2.3451809008438e-4,0.00150157639087833
3220,CACNB3,375.673011267025,-0.328087933801519,0.0894981115529978,-3.66586431946373,2.4650460224621e-4,0.00156606976650646
3240,CSTB,1765.71702336022,-0.230613291607878,0.0630974039533736,-3.65487765199171,2.573046536638e-4,0.00162459299382728
3247,TFRC,6085.82851749429,-0.310164001101875,0.0849848072755148,-3.6496405774781,2.6260749485147e-4,0.00165450000682989
3285,ADGRA3,989.947176575369,-0.255889852846216,0.0706245700603437,-3.62324121233696,2.9093427404879e-4,0.00181176330113124
3295,RARRES1,143.819809960332,-2.07042369709177,0.572079509489377,-3.61911878112848,2.9560793786704e-4,0.00183528120939182
3296,KANSL3,1318.13199547475,-0.154808331013061,0.0427838907635253,-3.61837897980611,2.9645406882061e-4,0.00183886018370625
3363,LSM3,879.902265795468,-0.228667535771841,0.0638214835677198,-3.58292416579766,3.3976927026056e-4,0.00206680343791863
3370,ORC4,536.710834635896,-0.250741446365356,0.0700720801485239,-3.57833599108072,3.4578874916836e-4,0.00209905057618317
3376,RBM4B,462.837783814209,-0.251150667718768,0.0702328933568215,-3.57596926048291,3.4893265440639e-4,0.00211434570657993
3391,COPZ2,72.3284732906743,-0.581985207391401,0.163002925294636,-3.57039731857225,3.5644016077604e-4,0.00215030857239619
3422,SH3BP2,1135.29916059076,-0.202355671134305,0.0568789733875711,-3.55765336612989,3.7418263847077e-4,0.00223625375689671
3428,FBXO4,267.582858065136,-0.431349011905831,0.121299345122714,-3.55607040969143,3.7644322919186e-4,0.00224646999404259
3431,CIAO2A,800.027462125345,-0.234011060192233,0.0658396593916402,-3.55425684692934,3.790488334176e-4,0.00225872472625225
3439,HSPD1,12193.0478100356,-0.296151508728737,0.083435638976671,-3.54946054660817,3.8602130533982e-4,0.0022962599137356
3487,LSM5,871.267615262094,-0.253431929958978,0.0718027192229655,-3.52955894569965,4.162529653304e-4,0.00244200943841813
3514,POLR1A,2353.74191932265,-0.234030795105085,0.0666011315019664,-3.5139162027326,4.4155208273119e-4,0.00257032380630867
3522,IRAK4,329.79362880064,-0.33283907275055,0.0948137517351485,-3.51045145518868,4.473464816253e-4,0.0025976062942404
3525,STARD3NL,581.649799734638,-0.28268978286450003,0.0805483130442529,-3.50956801179923,4.4883525428956e-4,0.00260477242468129
3538,BID,677.951606086579,-0.189969046606486,0.054281961137635,-3.49967176249968,4.6583138163907e-4,0.00269347444154621
3580,TP53I11,1156.08377457974,-0.470840027933784,0.135334866676708,-3.47907408856094,5.0314946142821e-4,0.00287511970179807
3582,LRRFIP1,1665.95962136848,-0.183395731831318,0.0527401356771047,-3.47734660665525,5.064027179374e-4,0.00289209391425057
3587,NPL,68.6118846281062,-0.686269779527173,0.197524887663467,-3.47434587937295,5.1210045573298e-4,0.00292055729660709
3594,RPUSD1,883.329331642851,-0.236006508698877,0.0679977057798487,-3.47080105118514,5.1890830447465e-4,0.0029536191387418
3634,INPPL1,3770.57819195142,-0.179686621788383,0.0521043267391212,-3.44859310222061,5.6351516566083e-4,0.00317221511940666
3643,STK36,618.530357375638,-0.419167221892284,0.121700566710527,-3.4442503697563,5.7264515779516e-4,0.00321564699231835
3647,DBN1,1866.34310464236,-0.224278534578918,0.0651427363531002,-3.44287862522749,5.7555756472202e-4,0.0032284565674577698
3648,LXN,92.0619954777844,-1.30642043987012,0.379553320299678,-3.44199449721223,5.774419961158e-4,0.00323813895683692
3681,APAF1,456.33720968601,-0.478560265543684,0.139629126309452,-3.42736704148016,6.094646785805e-4,0.00338707387387161
3688,DOCK8,43.4012224878129,-0.842187163689137,0.245953245260037,-3.42417585423085,6.166670223842e-4,0.00342059579092022
3690,CLTA,1382.3030719059,-0.237819236284668,0.0694654026893068,-3.42356377531339,6.180574728695e-4,0.00342645033129847
3704,CAND1,3682.63326221669,-0.140390678254647,0.0410797845358417,-3.41751252692568,6.3196185742336e-4,0.00349029258026723
3739,ANXA4,943.028536528826,-0.326014948670192,0.0957529369015279,-3.40475142820387,6.622430492498e-4,0.00362329661901664
3788,DARS1,1574.13267629644,-0.173283870502392,0.0512904470489901,-3.37848235826216,7.2887108940913e-4,0.00393617603785942
3817,GCC2,720.771471704143,-0.228920502423261,0.0680540533936893,-3.36380407936861,7.6876096081315e-4,0.00412013177242725
3847,SULF1,29.7312406364129,-1.51753404371011,0.453384975971877,-3.34712027114952,8.1655774604167e-4,0.00434216839375473
3848,OAS2,445.860725165797,-1.15244713881744,0.344423888009212,-3.34601396401002,8.1982266936421e-4,0.00435839717962154
3862,ARID4B,1060.92310187635,-0.129511000524733,0.038757036397197,-3.34161258351785,8.3293229549164e-4,0.00441174184316713
3918,ARMCX1,17.9276877440011,-1.08071623388127,0.325960586280313,-3.31548131697093,9.1485456140752e-4,0.00477671765255583
3954,GTF2I,982.419984960556,-0.320017226158683,0.096982366186018,-3.29974652860986,9.6772189396209e-4,0.00500674931329856
3955,TMEM9,996.856437669465,-0.210876664495629,0.0639252920613252,-3.29879860843389,9.7099545885662e-4,0.0050224157021062
3975,SSR2,1690.28210534261,-0.261146350039189,0.0794084828623036,-3.28864550267285,0.00100670733802183,0.00518093383997802
3994,UQCR11,450.187195571046,-0.158670287974475,0.0483443675995855,-3.28208426033553,0.00103042808954928,0.00527778353227581
4005,ZNF480,251.799482443804,-0.74674963991555,0.227805361968371,-3.27801608119843,0.0010453943985355,0.00533973363566559
4009,CEP350,1626.75609370562,-0.162365668351138,0.0495446873466331,-3.277155978706,0.00104858425338864,0.00535068298118521
4019,NUP160,1166.88579099577,-0.140069353136364,0.0427969924660931,-3.27287842124274,0.00106458258866585,0.00541880219366444
4054,VPS50,448.620980180128,-0.283709435026406,0.0870565059548026,-3.25891134631225,0.00111840610973351,0.005643619582343
4060,UNG,2581.09439240995,-0.158482767343853,0.0486540364980009,-3.25734057749483,0.00112461410310508,0.00566655928749277
4062,CCNE1,529.713592737867,-0.321299192901887,0.0986794633778897,-3.25598844889825,0.00112998348539041,0.00569081047775275
4076,YAP1,2455.55532464275,-0.226830693693496,0.0697433851512329,-3.25236139888582,0.00114450398786289,0.00574414084389381
4113,IMPDH1,1281.02508500832,-0.324746958788653,0.10031535079165,-3.23726086013631,0.00120683039748872,0.00600246278663427
4163,PYM1,370.396943966697,-0.247362472317341,0.0768711413770505,-3.21788473393463,0.00129139703673156,0.00634593062224779
4174,SUMO2,2221.68412140764,-0.159554273898281,0.049686295371138,-3.2112330514173,0.0013216670187269,0.00647756162005182
4182,NMRK1,122.998357936341,-0.684739337918473,0.213531714548022,-3.20673366655555,0.00134251225320498,0.00656713848967342
4195,FAM136A,1284.30523073766,-0.307547166281116,0.0960303242857107,-3.20260468314256,0.00136190791613612,0.00664137073668573
4196,SETD2,1951.5298389868601,-0.172488099443262,0.0538639527564323,-3.20229189683195,0.00136338769314052,0.00664700239241556
4204,ELP6,518.518218949364,-0.209265569601896,0.0654072067235284,-3.19942679231734,0.0013770115392266,0.00670064820598442
4210,TOR3A,892.369960820302,-0.183580954890149,0.0574519906788967,-3.1953802247897,0.0013964673274092,0.00678563708237765
4258,TWIST1,57.1817294529037,-0.724298576738774,0.228134390918818,-3.17487676374281,0.00149900149098348,0.00720175516699134
4261,NXN,792.363812213299,-0.461525715808554,0.145423863928196,-3.17365873345544,0.00150530566308744,0.0072269509386951
4290,SPC25,18.7756416014155,-0.709459268209291,0.224402808128812,-3.16154362828671,0.00156935307286333,0.00748451564948641
4306,EIF5B,2731.305050112,-0.185449066854641,0.0588240597776007,-3.15260571194471,0.00161820217646404,0.00768719051727649
4311,RWDD1,501.409052033652,-0.161266772022304,0.0511786270567132,-3.15105701924355,0.00162680728030444,0.00771969300236324
4316,RNF214,340.454802558118,-0.320024375030342,0.101604351808932,-3.14971130008438,0.00163431876381311,0.00774635286175274
4325,BZW1,2644.28022842229,-0.27269262900995,0.0867398169993777,-3.14379991154358,0.00166769426782308,0.00788733396072563
4363,BOLA3,183.930317377583,-0.250634065340907,0.0800547643088032,-3.13078262742878,0.00174341152664582,0.00817441430222175
4369,GATAD2A,1717.21389477423,-0.154601151907167,0.0494315883592911,-3.12757807383117,0.00176253001134488,0.00825270689908041
4379,SMC2,1557.43955194854,-0.217366317403326,0.0696223164503146,-3.12207821408021,0.00179579222741318,0.00838541921848697
4399,LTBR,2568.29281442031,-0.241088055074563,0.0773710925857184,-3.11599651778815,0.00183324437243431,0.00852527395473714
4402,NSD1,3565.72587190438,-0.171737810624479,0.05515239104311,-3.11387788228872,0.00184645895451606,0.00858087479157998
4426,CDC5L,1373.73277025269,-0.170116698299388,0.0547833447643041,-3.10526308737237,0.00190109847823944,0.00878688919325446
4453,TRAPPC14,396.284552637193,-0.35589529143638,0.114979725038116,-3.09528737626047,0.00196622290038641,0.00903279179726134
4463,CWC15,634.079605470621,-0.177806452620105,0.0575104395341501,-3.09172480788506,0.00198997237065949,0.00912141267904576
4513,FGD4,447.421367324194,-0.470866583803992,0.153175758044449,-3.07402809566874,0.002111895426377,0.0095709004735034
4515,RBM17,1489.17339974511,-0.127615682666073,0.0415195587601419,-3.07362810388491,0.002114728729229,0.00957509834055144
4528,RNF8,466.625245722612,-0.17699193334639,0.0576642007363694,-3.06935552884129,0.0021452113299491,0.00969182601077047
4554,FAM174B,76.0139845855777,-0.5388249736428,0.17607997035525,-3.06011508609237,0.00221251954755984,0.00993884769091602
4571,RRM1,2972.33405928832,-0.235806979562159,0.0772908033071239,-3.05090605185138,0.00228151950922328,0.0102106857580793
4598,LINC01116,9.54593715752884,-1.76897833146291,0.581431771804895,-3.04245212808308,0.00234659139122582,0.0104402392540902
4599,GALM,67.1888941090061,-0.681527885249417,0.224075754700112,-3.04150659298918,0.00235397410096108,0.0104708084764864
4603,PPP4R3B,1596.16455925772,-0.156970995295907,0.0516214268865867,-3.04081085632863,0.00235941996727785,0.0104836347242839
4618,ELF2,431.102286432838,-0.197602622647059,0.0650915239408537,-3.03576580610731,0.002399256415285,0.0106283214567963
4673,REXO2,628.567584829532,-0.199532921107327,0.0661513995022375,-3.0163068749676,0.00255874156211614,0.0112014072621891
4686,FAM133B,192.746355151703,-0.272494459599197,0.0905420320537718,-3.0095907217696,0.00261599939358069,0.0114202944076996
4697,SDHAF3,263.489560966388,-0.237142291944209,0.0788961917759031,-3.00575080502984,0.00264926013759424,0.0115384106099139
4704,PTMA,12104.464848092,-0.226864456255888,0.0755527194989899,-3.00273051400779,0.00267569250238213,0.0116361907995815
4719,VEGFA,5281.33797303219,-0.223207124447583,0.0744836497696168,-2.99672646463994,0.00272895457908631,0.0118275897932984
4739,C2CD2L,326.850622392705,-0.279253211555132,0.0934528929642725,-2.98817086017757,0.00280652609135706,0.0121150251637247
4744,NSRP1,692.081102655268,-0.168408618034747,0.0564292943149904,-2.98441828981033,0.00284118074303709,0.0122516936046184
4758,PSMA1,680.506894728395,-0.169498264965727,0.0569032318674069,-2.97871068836096,0.00289463948126402,0.0124454896738583
4778,DCUN1D5,816.003519449597,-0.207171211782662,0.0698028954945729,-2.96794581821851,0.00299797171845542,0.012835811520394
4803,FBXO41,969.038102390697,-0.315403092114611,0.106566130065551,-2.95969359045507,0.00307945155535112,0.0131160400724168
4832,TLE3,1820.09851093224,-0.339694513976882,0.115228562005644,-2.9480061893009,0.00319830661264166,0.0135405129086942
4896,PPCDC,209.400856480626,-0.362945457085586,0.124119469826875,-2.9241621607942,0.00345384767398208,0.0144312422113258
4923,ATP1B3,4812.10961699433,-0.170081758505824,0.058362978251186,-2.914206293137,0.00356594178621971,0.0148178897259185
4932,NARS2,428.281805878816,-0.215377183118852,0.0739792347755874,-2.91131942324341,0.00359905874909093,0.0149282126581819
4933,SYK,482.465619995728,-1.11524819337086,0.38309312633844,-2.91116732902591,0.00360081124295344,0.0149314925180182
4961,TRAF3IP1,432.761556490521,-0.251631755566131,0.0867167898858315,-2.90176511258572,0.00371066652315124,0.0153011701399123
4966,PAXIP1,725.871723306842,-0.249281591590654,0.0859484152060641,-2.90036286292182,0.00372730896637776,0.0153543212898087
4999,CNRIP1,76.8657344314305,-0.467940027344262,0.162197383976289,-2.8850035424287,0.00391409257563589,0.0160173218283224
5007,FBLIM1,570.988329342472,-0.371626841959406,0.128916193973839,-2.88270100523462,0.00394281491562356,0.0161090802334554
5008,GTPBP10,498.94648892244,-0.229195627420764,0.079515049792298,-2.88241820912454,0.00394635574117338,0.0161203273556677
5016,ADI1,97.8457959318939,-0.428657234262276,0.148916957050218,-2.87849847830105,0.00399573208535468,0.016295991082556
5021,USP3,377.525947009312,-0.210333186929947,0.073134166716802,-2.87599074922699,0.00402761515516792,0.0164099271256325
5066,UPF1,2583.48294393884,-0.15203266337336,0.0531814511233186,-2.8587535721961,0.00425309037929615,0.0171743920034073
5078,CLNS1A,1384.69458354688,-0.173123193521628,0.0606459178203366,-2.85465534604497,0.00430835555566854,0.0173530280768481
5121,RANBP1,2710.63694003903,-0.187048312664738,0.0659275569430122,-2.83717949425038,0.00455140169816288,0.0181812579223862
5122,MORN2,127.219441427074,-0.377063555996839,0.132903476931204,-2.83712333720225,0.00455220233066736,0.0181812579223862
5136,CMTM6,1968.5961853716,-0.169186697891147,0.059708728926845,-2.8335337383992,0.00460364480546279,0.0183343955452122
5177,SART3,1478.57811118798,-0.149438556005028,0.0531003165786823,-2.81426864534028,0.00488883537285843,0.019318312772371
5242,LIPT2-AS1,63.4945038438442,-0.399708189776466,0.143071703127373,-2.79376131715309,0.00520989166066446,0.0203316966238483
5286,SMARCC1,3207.01916338883,-0.166533690555847,0.0599878495307187,-2.77612369602561,0.00550112747425378,0.0212895506509288
5302,POP4,486.436535631106,-0.150791063716879,0.05439774594369,-2.7720094114372,0.00557114257829792,0.0214954477035535
5358,RXYLT1,297.662325268574,-0.274979104353175,0.0999474313529068,-2.75123733177538,0.00593706121069899,0.0226678725620137
5363,ZKSCAN4,95.894764306164,-0.274040987820913,0.0996864530337518,-2.74902937642017,0.00597720290031286,0.022803040174447
5405,PRIM2,454.062371503624,-0.245368617186409,0.0896445003044574,-2.73712962148341,0.00619778669829986,0.0234591867142586
5423,HSPH1,4777.63961719462,-0.349109443735232,0.127833422314897,-2.73097158327857,0.00631479162735958,0.0238210754786825
5430,TGFBI,2735.64480592315,-0.692765756705282,0.253818652778173,-2.72937291693345,0.00634549013687223,0.0239060205764264
5437,SP110,352.314519263643,-0.538517292541604,0.197410497955303,-2.72790605423392,0.00637377576074317,0.0239816683350236
5449,USP51,42.5240254521089,-0.439856413379062,0.161564554801248,-2.72248089266955,0.00647937801880724,0.0243253140265626
5455,CDC45,803.656654594378,-0.236040683087377,0.0867562234674049,-2.72073487818496,0.00651369793224616,0.0244272628047589
5459,TTF1,513.783124206062,-0.186762052739765,0.0686702909827521,-2.71969217061675,0.00653427143899955,0.0244819763420538
5464,THNSL2,394.287246962369,-0.448957014369539,0.165111293224237,-2.71911754552011,0.00654563424246299,0.0245065958451803
5485,TCF12,1475.18271384346,-0.141438767730439,0.0521810519613531,-2.71053883381257,0.00671739819445666,0.0250490315656307
5505,ACAP3,1120.78042267283,-0.349518486733243,0.129236890242848,-2.70447924022674,0.00684115442546844,0.0254222517859778
5531,PAIP1,1405.74974451276,-0.134413197349341,0.049942706491353,-2.69134788225008,0.0071163944002722,0.026320752168933
5587,TAX1BP1,1892.61579976353,-0.236088883494346,0.088299440615584,-2.67373022805626,0.0075012767265021,0.0274665839767799
5592,SEM1,1079.69953240472,-0.225166006157621,0.0842845610300262,-2.67149764329206,0.00755136027490005,0.0276150010453793
5597,NCL,15397.3917473529,-0.203797589589421,0.0763035051666566,-2.67088109706495,0.00756524397811583,0.0276509194318948
5666,FIGNL1,884.783013228605,-0.1806074876624,0.0683237529332136,-2.6434070130624,0.00820763064898331,0.0296335157406021
5675,TANC1,976.470761008574,-0.287165104039849,0.108781756859006,-2.63982778299904,0.00829481663348296,0.0298979646923877
5696,NUP42,411.960340406822,-0.232294203932763,0.0880987244701963,-2.63674877621353,0.00837047975158742,0.0300623076331151
5707,POSTN,5.57412382113709,-2.13130695856249,0.809628192345129,-2.63245151134011,0.00847711224517938,0.0303865928157762
5753,CCDC137,1210.31139871298,-0.182670815094247,0.0697643929926705,-2.61839610807535,0.00883441884545593,0.0314139783775283
5769,GPT2,694.625571678699,-0.165371305888804,0.0633335766107506,-2.61111585257815,0.00902473151632648,0.0319963488092705
5776,ZC3H15,1313.23868348544,-0.136062642913807,0.0521367961410988,-2.609723899136,0.00906153257253989,0.0320878954191533
5800,STRADB,209.464937938368,-0.406719871135275,0.15617473972596,-2.60426155887276,0.00920724615129452,0.032474592158109
5822,GGCT,512.424999851158,-0.1247628337838,0.0480341593730433,-2.59737727093059,0.00939386834149143,0.0330076201755222
5831,HSPE1,982.548359263431,-0.203801338048361,0.0785331652196884,-2.59509899388682,0.00945636783310294,0.0331759418216064
5850,ILKAP,432.792718369513,-0.201547179231104,0.0778615096323737,-2.58853418309917,0.00963853800578945,0.0337052259802453
5851,TMEM69,826.209119559505,-0.145067571045298,0.0560650900385302,-2.58748484922796,0.0096679447226926,0.0338018228842992
5854,SRSF3,6147.41010380191,-0.117891744468942,0.0455824202312828,-2.58634236336653,0.00970005286656932,0.0338971611703807
5861,JTB,257.055667443926,-0.198685665552833,0.0768627349117409,-2.58494139950885,0.00973955492928841,0.0339945530094614
5872,PSMA4,3559.99308270695,-0.145488480092758,0.0563742369281814,-2.58076185187402,0.0098582561770305,0.0343444050772331
5895,KIF18A,609.255017562889,-0.43611427447754,0.169453321005228,-2.57365433672489,0.0100630753931021,0.0349211761351467
5922,PHF14,683.968513747825,-0.269821649523326,0.105279344392094,-2.56291156713918,0.0103798482909291,0.0358562236554436
5927,ZDHHC13,622.590356516054,-0.186706354329405,0.0729155542974412,-2.56058335053975,0.0104496593703256,0.0360669279127302
5933,RNF149,874.81050223028706,-0.228015981965279,0.0890926634042905,-2.55931266675207,0.0104879364994698,0.036165719633182
5959,BLOC1S5,218.979210703265,-0.187047759771956,0.0733296467469559,-2.55077950146707,0.0107482302550006,0.0368982289522649
5983,SCMH1,554.488541914902,-0.151917881706056,0.0597105381311092,-2.54423903151706,0.0109516112414462,0.0374393568125444
5993,LMNB2,4725.74186405566,-0.271770659514999,0.107030382805698,-2.53919169857001,0.0111108924422033,0.0379268357567417
6004,VWA8,645.864202013796,-0.162141033403827,0.0640030172664069,-2.53333421343136,0.0112983171405626,0.0384959483251982
6058,RNF144A,179.335024862352,-0.594030176868599,0.235674889814008,-2.52054929287292,0.0117171825655402,0.0395672505353674
6094,MAOB,288.318407397492,-0.917398130046243,0.365455287301032,-2.51028829496881,0.0120632631113529,0.0404952696864039
6211,CERS6,926.048751295833,-0.275358315431498,0.111251157739909,-2.47510516767161,0.0133196947201495,0.0438707124279662
6247,YAE1,213.633182622195,-0.235188127184248,0.0956133256105175,-2.45978398599261,0.0139020662532678,0.0455176967578584
6273,NDUFB3,476.67649229439,-0.161747168226411,0.0659213360007829,-2.45363911047691,0.0141418828660841,0.0461110133553527
6305,MAP4K1,19.7443723881049,-0.577432585901944,0.236055366945256,-2.44617435889885,0.0144381158308084,0.0468454457654
6314,METTL9,39.865835193036,-0.387269642432872,0.158453474016695,-2.44405902007594,0.0145230504726819,0.0470538554829988
6319,ZNF639,793.070344413855,-0.143374027156986,0.0587184069483945,-2.44172201883801,0.0146173972011753,0.0473220595892456
6324,HEXIM1,1426.05832168134,-0.130991195846485,0.0536634569727917,-2.44097572604948,0.0146476392894341,0.0473824726350336
6351,TIMELESS,2648.91514285345,-0.163807316704461,0.0673498556468706,-2.4321851194951,0.015008034579884,0.0483342826512416
6356,WRNIP1,977.361576853849,-0.11060686310307,0.0455018162087817,-2.43082303782246,0.0150645702876819,0.0484858266795325
6371,ATP2B4,1960.50527229512,-0.261375532886835,0.107687058935397,-2.42717681651644,0.0152168376122469,0.0488605944174752
6372,PIH1D1,967.490151893609,-0.149482793280446,0.0615954191483021,-2.42684919345283,0.0152305853785095,0.0488893904108221
6424,IDNK,41.2927234048256,-0.413071015001848,0.171064753581316,-2.41470557992821,0.0157479332981502,0.0501487346638011
6430,UCHL5,899.195241829991,-0.11705958888069,0.0485028921450588,-2.41345585188192,0.0158020421262525,0.0502662689747703
6441,ATM,1856.72121784826,-0.156496406696945,0.064898667465215,-2.41139630148532,0.0158915702399389,0.0504647395837366
6443,DYRK4,200.407208025202,-0.205389881193511,0.0851843383399768,-2.41112257483042,0.0159035025830517,0.0504947931618018
6448,D2HGDH,547.854468777594,-0.224736418095134,0.0932720125694454,-2.40947323751384,0.0159755676958061,0.0506842723872683
6487,MITF,149.747669785721,-0.337951184354432,0.140969817526266,-2.3973300830262,0.0165150387314527,0.0520807996499658
6489,ASB8,332.93691866885,-0.164641957396034,0.0687168838353522,-2.39594621011223,0.0165775228942819,0.0522617330633879
6494,NAA40,990.357594148806,-0.227494809700072,0.0950562662184333,-2.39326473414497,0.0166991871243733,0.052604753773222
6559,LMBRD2,674.994615078359,-0.24580083134533,0.103476172872973,-2.3754341170607,0.0175283212530279,0.0546694416638501
6566,HFE,225.859035151828,-0.311204879302247,0.131086296282909,-2.37404586235778,0.0175943649526441,0.0548169241297961
6630,LSM4,1693.25685789716,-0.126089695583717,0.0534695602541941,-2.3581584547224,0.0183658516258802,0.0566682091569579
6672,RBM6,1530.44497197637,-0.164919533351954,0.0703332442586093,-2.34483045806274,0.0190357333707086,0.0583639928989104
6780,NMI,353.063695793483,-0.322775982188838,0.139443663342569,-2.31474112520896,0.0206271036744009,0.0622372654671415
6821,CLSPN,1086.55202242954,-0.209361271732886,0.0908268583282684,-2.30505904956227,0.0211632665346681,0.0634339843955612
6842,NOP58,1537.48266953561,-0.129757854347989,0.0563776227966852,-2.30158435051323,0.0213586235116029,0.0638604737177523
6862,IKBKE,108.658049486124,-0.317111379813711,0.138076313364632,-2.29663851884778,0.0216393993812375,0.0645113950950124
6880,MSH6,1819.88278017757,-0.165791908027044,0.0723216036999969,-2.29242576968812,0.0218810864152149,0.0650612477901238
6887,CDKN2AIP,314.146975952447,-0.19071050323167,0.0832334530840838,-2.29127227292867,0.0219476712058864,0.0651929010975488
6903,VAMP8,578.579426246748,-0.285870835401098,0.124967678197746,-2.28755818723577,0.0221632632316091,0.0656807005546903
6911,PAPSS2,1021.53306533093,-0.44334641035683803,0.193950395117791,-2.28587526252566,0.0222615570277979,0.0659013617917495
6940,JRKL,239.864047308224,-0.223882062413808,0.0982056407896801,-2.27972711764368,0.0226238779386732,0.0666792088915866
6954,RAB7B,33.1862717564405,-0.417438590702587,0.18345926184478,-2.27537485164293,0.0228834526630863,0.0673176288652225
6967,TRMT1L,582.364940473227,-0.161732597980626,0.071222383791166,-2.27081135693027,0.0231584001509185,0.0679993385800687
6982,SLC30A9,1261.76555077623,-0.130903977650218,0.0577257995577232,-2.2676858294413,0.0233483621584709,0.0684098316636837
6985,SDHD,851.958371068157,-0.143346389231328,0.0632398454758251,-2.26670998565493,0.0234079480099311,0.068545146355448
7026,POLR3C,539.971761184046,-0.153585951764426,0.0680143453220065,-2.25814055898488,0.0239368976889149,0.0696950065502608
7037,ECHDC1,819.991672598993,-0.200763439047741,0.0889665196726628,-2.25661788037136,0.0240319621197429,0.0698624199351401
7050,LAMA4,166.979585500734,-0.9489314204224,0.420865858510557,-2.25471228239008,0.0241513942097586,0.0700839706463655
7067,IFT25,668.351469461114,-0.163783426396905,0.0728052140550021,-2.24961121978396,0.024473635604274,0.0708443701084807
7069,HIGD1A,803.139150434916,-0.141561669271302,0.062957939177775,-2.24851180200757,0.0245435733875382,0.0710267195910127
7077,MTLN,194.799048507385,-0.220878911035139,0.0983217289037168,-2.24649132493834,0.0246725545843974,0.0713192665158989
7085,TDP2,677.510895216717,-0.151089456412549,0.0673641596319903,-2.24287599278235,0.0249048122761855,0.0719093499977315
7093,SIVA1,1105.83727156282,-0.189619502845851,0.0845953398927265,-2.24148875205541,0.0249944333095128,0.0720867224323562
7110,TMED2,5242.6452817519,-0.114490436596249,0.0511806537825386,-2.23698659815303,0.0252872159700846,0.0727567618987371
7113,ZNF45,333.372898580253,-0.171240944233368,0.0765813132483333,-2.23606695902535,0.025347385381869,0.0728991231206093
7118,ERCC3,1415.78625726612,-0.0899023101003545,0.0402573960651997,-2.23318741119648,0.0255365881440574,0.0733916807618687
7131,THOC7,735.374389947718,-0.122590521550795,0.0549707307744417,-2.23010536377647,0.0257404488252466,0.0738427095243402
7186,TCTN1,482.232152813552,-0.4472088918755,0.202071677577612,-2.21312010290871,0.0268893664995937,0.0765376054657281
7208,CDK4,1632.27063532849,-0.139226508299439,0.0630471621741249,-2.2082914360986,0.0272239639303336,0.0772652532823792
7223,DDX23,2371.13146166158,-0.128048112067802,0.0580787842486924,-2.20473127535697,0.0274729571047123,0.0778089829006091
7229,KCTD3,1668.58498186468,-0.172736887297214,0.0784032941666482,-2.20318405155347,0.0275817789230423,0.078052351836862
7329,KRCC1,264.665191393464,-0.23789233567868,0.109277109282293,-2.1769640251385,0.0294832516967002,0.0822948396724512
7345,CDCA5,1243.19028727518,-0.231255483134413,0.106384398476377,-2.17377253099536,0.0297222224392332,0.0827761491477675
7356,ZNF384,803.915454132888,-0.138244146139907,0.0637036662765768,-2.17011287136449,0.0299982963433007,0.0834251153201336
7367,CENPQ,290.294754258907,-0.170888405426069,0.078833481852492,-2.16771353250417,0.0301804892040792,0.0837856268209535
7369,B3GLCT,268.001701517761,-0.254441716528826,0.117375536017277,-2.1677576534464,0.0301771303347867,0.0837856268209535
7378,OAF,467.544286523385,-0.386547184976044,0.178593753891692,-2.16439363949125,0.0304341515689072,0.0843848520798503
7387,MAFB,61.2321444691799,-0.859687766622827,0.397585296571132,-2.16227253381092,0.0305971755143131,0.0847607471433826
7393,IKBIP,607.905541054408,-0.299514169355242,0.138638784945317,-2.16039234239812,0.0307423097532754,0.0850663371598479
7405,UBP1,2228.676839772,-0.157452205999617,0.0729746211086098,-2.15762964723417,0.0309566377560355,0.0855158932398279
7433,WASHC3,219.821123762847,-0.174538453956968,0.0811370126006654,-2.15115701653941,0.0314638084357707,0.0865942592722401
7440,SLTM,2507.12387253242,-0.106540060793702,0.049590061557404,-2.14841557860085,0.0316807563017308,0.0871093053312509
7486,ZSCAN16,46.575142740869,-0.591965135304725,0.277009593322574,-2.13698424016453,0.0325992734717119,0.089084068582796
7490,SERBP1,6815.87639423523,-0.0737097176518218,0.0345157843012148,-2.13553651305057,0.0327172109758491,0.0893586094703531
7542,FAM78B,14.4249464931505,-0.620916602217219,0.292213684735925,-2.12487174506678,0.0335973161997063,0.0911297132719958
7555,C5AR1,61.8824879963974,-0.445255674148743,0.210007385440157,-2.12019055051576,0.0339899789938515,0.0920361350466208
7568,UACA,701.29984009724,-0.19097057259514,0.0902414785847377,-2.11621723834918,0.0343263357586009,0.0927872424172435
7603,ZC3H12C,361.637285307296,-0.273041785358373,0.129613268699946,-2.10658822277266,0.0351532884894713,0.0945851404220852
7605,INTS7,1042.23112806819,-0.116457757950463,0.0552892609992878,-2.10633594744489,0.0351751808657271,0.0946067150894266
7617,CHD4,508.434221975135,-0.142117171127164,0.0675734252432051,-2.10315180288208,0.0354525018588296,0.0952148917587079
7655,PAQR7,474.076607726685,-0.160837125457351,0.0767740696987394,-2.09494072788474,0.0361762617786094,0.0966763928419351
7669,PLXNB1,1690.7614806657,-0.157815346811155,0.0755109808928693,-2.08996552481625,0.0366208967049486,0.0976350428636953
7712,CLBA1,300.082254192272,-0.227206014556803,0.109306085470736,-2.07862182218236,0.0376521236223119,0.0998767496034277
