...1,gene_name,baseMean.MDA24h10w_24h,log2FoldChange.MDA24h10w_24h,lfcSE.MDA24h10w_24h,stat.MDA24h10w_24h,pvalue.MDA24h10w_24h,padj.MDA24h10w_24h,baseMean.MDA24h10w_10w,log2FoldChange.MDA24h10w_10w,lfcSE.MDA24h10w_10w,stat.MDA24h10w_10w,pvalue.MDA24h10w_10w,padj.MDA24h10w_10w
64,ABHD12,2985.60062986696,-0.417942429771992,0.085782347621827,-4.87212627491263,1.10403564384913e-6,1.40953591790054e-5,2985.60062986696,-0.275917567546717,0.0996359402848359,-2.76925742616502,0.00561842241081969,0.0190393329908855
168,ACSS1,562.101988722987,-0.732028384092064,0.131065975388961,-5.58519006873937,2.33444758998678e-8,5.18025036635161e-7,562.101988722987,-0.595438452276452,0.162332882047904,-3.66800887635777,2.4444669974716e-4,0.00125310077735621
451,AKR1B1,47217.8011015201,-2.55179890744849,0.315463567616085,-8.08904472466372,6.01344891003857e-16,7.60615380706879e-14,47217.8011015201,-1.2888263230931,0.364262484285362,-3.53818023731325,4.0289494107498e-4,0.00194684168751096
501,ALG1,662.167732617784,-0.914104900625404,0.14418216279893,-6.33993056339551,2.29868738636627e-10,8.82975189539564e-9,662.167732617784,-0.897177931066927,0.166565836030416,-5.38632622660445,7.1912389123807e-8,8.40029495145581e-7
748,AP5S1,617.134987995131,-0.668159326965464,0.164796795013501,-4.05444369783238,5.02537519786288e-5,3.9498155350091e-4,617.134987995131,-0.776727761501879,0.190904526094308,-4.06867127455204,4.72819986675697e-5,2.9264137112917e-4
783,APOBR,11.2043126958488,-2.52846929727903,0.659516465361131,-3.8338228536789,1.2616701740139e-4,8.6831152123745e-4,11.2043126958488,-1.76099031833515,0.669731983803659,-2.62939558050345,0.00855367962364099,0.0273194181790313
789,APOL3,281.997545572493,-0.536825096641758,0.211473333151827,-2.53850019121014,0.0111328742058465,0.0370387685626087,281.997545572493,-1.31171049011159,0.253157051758534,-5.18141004171089,2.2021478975264e-7,2.37333868051267e-6
985,ARRB1,1644.17968818827,-0.725455434365685,0.119808679055443,-6.05511587378384,1.4031662346431302e-9,4.33634689058648e-8,1644.17968818827,-1.23879666259474,0.138805130122508,-8.92471813902982,4.468355862908659e-19,2.88943040192229e-17
1025,ASCC1,1239.82533084405,-0.368732548337414,0.100493723058896,-3.66920974876523,2.4330140064245e-4,0.00152779475268676,1239.82533084405,-0.276277010349269,0.117594500833719,-2.34940416763137,0.0188034837803903,0.0533085314342692
1114,ATP1A1,20331.1147529007,-0.37111605937313,0.0957166523964578,-3.87723609300469,1.0564982697554e-4,7.4446762279464e-4,20331.1147529007,-0.574378538994251,0.110702063194544,-5.18850798638558,2.11985671992499e-7,2.2914701952813e-6
1168,ATP6V0D1,2293.99137624887,-0.893461208962115,0.107288496873498,-8.32765147241813,8.24618593520285e-17,1.3155266715366901e-14,2293.99137624887,-0.331501031104711,0.123070112679641,-2.69359492639474,0.00706860137334779,0.0231645423467575
1307,BAMBI,475.202276732918,-1.19685527092357,0.152060341921533,-7.87092318614656,3.5203374400442204e-15,3.87193387504988e-13,475.202276732918,-1.54682724507458,0.177346442934551,-8.72206523840702,2.7317284993113397e-18,1.58021329739716e-16
1827,CABLES2,1154.24932280965,-0.609677763686562,0.186039251700075,-3.27714586096841,0.00104862183049273,0.00521903308136647,1154.24932280965,-0.45121687836805,0.215291235339964,-2.09584416037903,0.0360960175046718,0.0911385431515254
1928,CAPNS1,12973.2112193498,-0.20505529016743201,0.0683724560717705,-2.99909206058336,0.00270785473206946,0.0115850909870708,12973.2112193498,-0.219308426925767,0.0790849346851237,-2.77307464182581,0.00555293822603394,0.0188597823148697
2111,CCDC47,4544.08787425857,-0.382306232477667,0.0747568313647258,-5.11399728290329,3.1541189471304e-7,4.79014908368654e-6,4544.08787425857,-0.3423597925341,0.0865941861614178,-3.95361175744428,7.69802828727042e-5,4.5136172334623e-4
2378,CDK5,764.396305161788,-1.06318732513595,0.134920811335342,-7.88008398862519,3.2716109606707804e-15,3.62085543072238e-13,764.396305161788,-0.76495122043503,0.154897441052134,-4.93843678268106,7.87512988419276e-7,7.44580165447489e-6
2449,CENPB,2847.58126205532,-0.513678249026217,0.171000050662157,-3.00396547858974,0.00266485560068736,0.0114398213277507,2847.58126205532,-0.454379873280609,0.197671283458476,-2.29866405140258,0.0215240233535844,0.059616638647697603
2609,CHD6,2711.77336873072,-0.183532002881517,0.0852675630248828,-2.15242463101659,0.0313639254793758,0.0849841058034563,2711.77336873072,-0.362507046107531,0.0993842031559257,-3.64753184707621,2.6477150184874e-4,0.00134300277624684
2647,CHP1,2723.86773378898,-0.215043480887021,0.0771642466992291,-2.78682796872517,0.00532267270698271,0.0202348407675504,2723.86773378898,-0.225821277669078,0.0911290397906263,-2.47803859437029,0.0132106854541979,0.0395948801247653
2649,CHPF2,3629.88103600322,-0.436809580274652,0.129698562313688,-3.36788297790214,7.5747740146157e-4,0.00398852507436265,3629.88103600322,-0.33590567145151,0.150220505962553,-2.23608401062931,0.0253462686168454,0.0682611244350147
2764,CLEC16A,909.865609011835,-0.262324761797721,0.109635779184715,-2.39269300358376,0.0167252289158447,0.0512760307551554,909.865609011835,-0.304286326100759,0.12677891067709,-2.40013362219041,0.0163890879963696,0.0474785323619629
3064,CPQ,234.158423079176,-0.646569854867818,0.179102491930826,-3.61005504667987,3.0613203056739e-4,0.00186160233423329,234.158423079176,-0.566157799402886,0.209964496533689,-2.69644539314791,0.00700838875305045,0.0230088643268779
3099,CREBL2,2247.64637884339,-0.242619749606835,0.107654559205111,-2.25368764126914,0.0242158253974173,0.0690632688254898,2247.64637884339,-0.313483548727624,0.125634074573665,-2.49521119004872,0.0125882183543241,0.0380631732670996
3243,CTSA,6448.33267600458,-0.227974519519655,0.0685748942612969,-3.3244603870767,8.858981776379e-4,0.00454183118981239,6448.33267600458,-0.475602024412028,0.0791258161630424,-6.01070608146433,1.8471703254053802e-9,2.86821071068992e-8
3297,CXXC5,892.965239894782,-0.335895932576905,0.112761206002423,-2.97882529360043,0.00289355708991819,0.0121910799305904,892.965239894782,-0.735855589187124,0.131362204441378,-5.6017299063789,2.12223063019158e-8,2.74073522041717e-7
3387,DANCR,893.726391763552,-0.471937682402341,0.119534393547255,-3.94813298831663,7.87630494397786e-5,5.7896889974246e-4,893.726391763552,-0.829907162053112,0.139972166691921,-5.92908705828453,3.0462355788388504e-9,4.56582296278612e-8
3749,DNAJB12,2053.53993708372,-0.216941513599927,0.0889981814673645,-2.43759490388552,0.0147853325943289,0.0466035367711597,2053.53993708372,-0.565803306135308,0.102698488255054,-5.50936353347404,3.60133465375955e-8,4.47534421695061e-7
3833,DOK3,474.754225096218,-0.754344516076047,0.233548097257883,-3.22993218498844,0.00123819583619059,0.00600026198787467,474.754225096218,-1.14759397457914,0.266556856737006,-4.3052502517742,1.66797072014831e-5,1.1518031220063e-4
3837,DOLK,796.411369473403,-0.689402573757054,0.109003100186593,-6.32461436947141,2.53865767076693e-10,9.64473710851189e-9,796.411369473403,-0.537476079932343,0.12633846359033,-4.2542553127382,2.09745875918155e-5,1.4191550184507e-4
3910,DSTN,13692.7471844408,-0.481799867517752,0.0834149743456829,-5.77593976737448,7.65247474932437e-9,1.9085918712822e-7,13692.7471844408,-0.490731159266681,0.0970748707302562,-5.05518220704394,4.2998005767678e-7,4.30836686457984e-6
4108,EEIG1,2762.72572756989,-0.467084998927191,0.102180190455394,-4.57118935525073,4.84963805954277e-6,5.24602264864896e-5,2762.72572756989,-0.491532346400601,0.118224497474675,-4.15761840312234,3.21582609133634e-5,2.0832109914037e-4
4303,EMC3,1953.6286642052,-0.255446824998247,0.103965187829536,-2.45704192269709,0.0140086338019514,0.0446561453402259,1953.6286642052,-0.565454916455515,0.120529996359529,-4.69140407810866,2.71336477926183e-6,2.25879283108467e-5
4325,EMP3,7012.87645747263,-0.383170753605596,0.0761389997021665,-5.03251625454035,4.8408354731049e-7,6.87778207898445e-6,7012.87645747263,-0.450945002356724,0.0880812173210494,-5.11964997841781,3.0610325275482e-7,3.19441238869094e-6
4441,ERAP2,695.968395405709,-0.282161259056998,0.107817217852861,-2.61703338925018,0.00886976646204236,0.03075500773641,695.968395405709,-0.887388878814293,0.128994558724599,-6.87927372742016,6.01584686229658e-12,1.41642292963253e-10
4626,FADS2,6761.89539502357,-0.824141533467982,0.125035028621097,-6.59128519868972,4.3603534463031397e-11,1.98491359452792e-9,6761.89539502357,-0.778321538278862,0.144780724354287,-5.37586437524835,7.6216148058297e-8,8.85163294896424e-7
4669,FAM13B,1799.98419154922,-1.17755298799838,0.0878642484393766,-13.4019582357306,5.8888589661824e-41,2.08559829146316e-37,1799.98419154922,-1.87505023760488,0.106903048641241,-17.5397265226496,7.12695371059724e-69,1.04128659624571e-65
5448,GGT5,558.001630189147,-0.521850809572651,0.191147205546645,-2.73009907772523,0.00633152937113427,0.0234215003350837,558.001630189147,-1.15495062938141,0.226423411701274,-5.10084456683817,3.38141176676686e-7,3.5005055145272e-6
5535,GM2A,1723.89947081441,-0.526807473739505,0.139777305959802,-3.76890561827688,1.6396486751054e-4,0.00109071745825571,1723.89947081441,-0.726498491269449,0.161148983832694,-4.50824121872035,6.53672340813809e-6,5.00016535816427e-5
5810,GSN,7559.16993671015,-0.90437630283695,0.164284013899263,-5.50495621193857,3.69260038184068e-8,7.56812124555958e-7,7559.16993671015,-0.563150956881332,0.190251930823616,-2.9600275510656,0.00307611531530642,0.0114201648347218
6333,HSD17B10,1638.07771441554,-0.698682653335108,0.0918812488584562,-7.6041919544589,2.86689466651328e-14,2.65795658401137e-12,1638.07771441554,-0.240475379831753,0.10323034425417,-2.32950283726327,0.0198324428700497,0.0556291573361922
6393,HSPB8,550.731920690581,-1.51681902915884,0.243624947557017,-6.22604148043519,4.78367463861863e-10,1.65255289033258e-8,550.731920690581,-0.838706530471573,0.279640327462504,-2.99923311520236,0.00270660132221143,0.010220171749731
6492,IFNAR1,1978.54325588645,-0.435777207822337,0.085483363135951,-5.09780139474959,3.43621049227973e-7,5.14792008437305e-6,1978.54325588645,-0.659770759420586,0.101004389120889,-6.53209989350987,6.485387364124301e-11,1.2875485045486202e-9
6635,IMP3,574.352497166327,-0.687183726819551,0.118485076224661,-5.79974920652938,6.641417150506441e-9,1.69463657729729e-7,574.352497166327,-0.461577854005865,0.135941416629675,-3.39541741913189,6.8524041870355e-4,0.0030994161931168
6771,ISG15,3702.37627218361,-0.985599651837281,0.204483813527613,-4.81993970493017,1.43601615761844e-6,1.78074048453133e-5,3702.37627218361,-1.85911967924243,0.235543270823723,-7.89290083618551,2.95242205453865e-15,1.13737348339312e-13
7288,L3MBTL2,593.501061679996,-0.521095385633883,0.113352560034958,-4.59712057207333,4.28369750485746e-6,4.7115351190072e-5,593.501061679996,-0.471310676260373,0.129176298274889,-3.64858478338972,2.6368888349397e-4,0.00133847797155646
7313,LAMP1,7272.47125198584,-0.191941472007599,0.0667271477104474,-2.87651246297085,0.00402096316466848,0.0160838526586739,7272.47125198584,-0.272304118864239,0.0773124830896341,-3.52212356895246,4.281045457084e-4,0.00205931479930829
7328,LAPTM4B,4335.93963341521,-0.436766068132144,0.0732015823829069,-5.96662058270112,2.4221775319044e-9,6.99705052772645e-8,4335.93963341521,-0.463358049638097,0.0851270958008709,-5.44313235731644,5.23517179336723e-8,6.30658818966781e-7
7388,LDLR,13177.1016767606,-0.218675576518392,0.0828700274696546,-2.63877765213083,0.00832055337432625,0.0292052248072486,13177.1016767606,-0.574744924573021,0.0959536746370437,-5.98981671881835,2.1007764676981603e-9,3.22344565458837e-8
8377,MAP3K1,1300.01968030845,-0.457756944754316,0.107549977093202,-4.25622540447057,2.07907106345451e-5,1.8408095195826e-4,1300.01968030845,-0.81622093688835,0.12887564393299,-6.33339948479911,2.39817562718254e-10,4.34213679057671e-9
8435,MAPRE1,10481.6665209855,-0.215019522601178,0.0769883084907413,-2.79288539800867,0.00522401960862765,0.0199239584814944,10481.6665209855,-0.336651864692122,0.0889849683131525,-3.78324419364167,1.5479740860394e-4,8.3940158136655e-4
8535,MCOLN1,1028.67263460951,-1.11942823954196,0.127406901269611,-8.7862449238373,1.5464224918826399e-18,3.38729581530138e-16,1028.67263460951,-0.607652422362061,0.14610997212925,-4.15887029137565,3.1982543823532e-5,2.074054220877e-4
8549,MDFIC,1579.42686763673,-0.323018517158689,0.151261149704644,-2.13550219464432,0.0327200111147622,0.0879620398998343,1579.42686763673,-0.696328341406592,0.176808178507475,-3.93832653718082,8.20518804641315e-5,4.7723461216947e-4
8764,MINDY3,1069.73969822543,-0.382569765411603,0.0932353679659921,-4.10326868180696,4.07353716910732e-5,3.3058751691362e-4,1069.73969822543,-0.562172675191398,0.111828449147477,-5.02709891335448,4.97955539978238e-7,4.90799292697113e-6
9267,MUL1,1298.58112669161,-0.522796877038087,0.0900076133581126,-5.80836284324126,6.3086679768768505e-9,1.62374843800197e-7,1298.58112669161,-0.617523106080259,0.104005012305932,-5.9374360176393,2.8951397163644804e-9,4.35377073957601e-8
9420,NAGPA,391.388280059794,-0.605471616501849,0.150878963682874,-4.01296245495471,5.99614533588652e-5,4.5747411291632e-4,391.388280059794,-0.559116040524743,0.170670669782769,-3.27599370903267,0.00105290906174606,0.00450578385062021
9546,NDST1,7451.67696283006,-0.614956178139459,0.0745016332552955,-8.25426438682467,1.5284067610451099e-16,2.29364634954126e-14,7451.67696283006,-0.461824815858259,0.0866573069725609,-5.32932342340723,9.85793106035985e-8,1.12256414955268e-6
9700,NGFR,93.2844823835137,-1.21823312685164,0.33486911731739,-3.63793811925928,2.7482943239919e-4,0.00170163621990385,93.2844823835137,-6.03478548417596,0.567535660452446,-10.6333150578855,2.08564412479134e-26,2.88264675751694e-24
10120,OASL,1942.39796683392,-0.76751916443579,0.33127420135491,-2.31686971486653,0.0205108299614444,0.0604436307134726,1942.39796683392,-3.20821318092713,0.382977865058734,-8.37701985840648,5.4284690716155e-17,2.6854606833516502e-15
10158,OGFR,4310.65905378082,-0.338270744827718,0.0876210606926823,-3.86061001948096,1.1310429923258e-4,7.8852398850813e-4,4310.65905378082,-0.504457118638214,0.1009584273745,-4.99668162190121,5.83252431025939e-7,5.6745666395248e-6
10321,PACSIN2,3258.29071064283,-0.134211571857506,0.0593861334751231,-2.25998164897748,0.0238223897960857,0.0682053392210647,3258.29071064283,-0.299258817240813,0.0690759837616536,-4.33231350382797,1.47550634628332e-5,1.0306912772301e-4
10564,PDE4B,124.749062896653,-1.60778775644617,0.312043529630394,-5.15244702670345,2.57109257488174e-7,4.00430143500491e-6,124.749062896653,-3.51970911794975,0.421702683844041,-8.34642332807978,7.03612831199512e-17,3.37920793679001e-15
10602,PDK2,531.13792593017,-0.749630899666987,0.173649564883701,-4.31691781185309,1.5822303789526e-5,1.4464706014709e-4,531.13792593017,-0.445961247982484,0.201541687294688,-2.21274940171763,0.0269149274262721,0.0714967247623362
10645,PEG10,3640.10197417296,-1.60746700786251,0.14642865403709,-10.9778172751308,4.8858640422039e-28,5.407430028709159e-25,3640.10197417296,-0.725932881241458,0.168067555414821,-4.31929220038766,1.56530417787923e-5,1.0887974431302e-4
10992,PLEC,45327.6942387343,-0.320815603468012,0.130012054868226,-2.467583515953,0.0136028485435793,0.0435822764627649,45327.6942387343,-0.721159280051695,0.150138275190112,-4.80330068490881,1.56071241193641e-6,1.37777956755342e-5
11092,PMVK,798.983922889584,-0.779032291407984,0.121292052917725,-6.42278098744377,1.33806943663517e-10,5.4097108639122405e-9,798.983922889584,-0.775419845772457,0.135788442618019,-5.71049958908327,1.12645009354081e-8,1.54981044024696e-7
11186,POLR3H,645.58508128102,-0.997020989717038,0.154062129496841,-6.4715513992521,9.70017499202743e-11,4.0607730203031105e-9,645.58508128102,-0.830085976514581,0.176729497824533,-4.69692941321397,2.64101668276031e-6,2.20869506041839e-5
11195,POMGNT2,808.234292670716,-0.468277126480616,0.142746489502692,-3.28048085884302,0.00103630296382604,0.00517216823095589,808.234292670716,-0.518582858305242,0.163533900783494,-3.17110309128995,0.00151861238873587,0.00617067890399928
11663,PSMG3-AS1,174.717402076705,-1.08560306276894,0.248851875512817,-4.36244677895958,1.28615879805818e-5,1.206318855721e-4,174.717402076705,-0.909727354005001,0.301660432232102,-3.01573311180911,0.00256358796692451,0.00972476927071763
11818,PYGB,10534.5101415837,-0.370205238688857,0.0679627404429489,-5.44717938499882,5.11748457442169e-8,9.93644921533546e-7,10534.5101415837,-0.348120832692638,0.0786916484131018,-4.42385996116302,9.69528785167647e-6,7.10412310167762e-5
12114,RBM23,2658.69405552778,-0.214077682662105,0.102457941472937,-2.08942010335677,0.0366699231318093,0.0961289413498267,2658.69405552778,-0.24964302974156,0.118267385291023,-2.11083579067263,0.0347864286325058,0.0883618233473836
12320,RHOBTB2,437.162646085219,-0.48253473028218,0.143070630084322,-3.37270290903022,7.4434219251838e-4,0.00393339646228456,437.162646085219,-0.663323687877287,0.162386311670918,-4.08484976998268,4.41053428637946e-5,2.757497713715e-4
13043,RSU1,3156.61111849704,-0.343230646338939,0.0816848563057154,-4.20188835314048,2.64697679517633e-5,2.2720632617054e-4,3156.61111849704,-0.279220595051955,0.094108290072807,-2.96701379693474,0.00300707464879282,0.0111867872593061
13157,SAMHD1,3024.79949554809,-0.561691093998329,0.114964818653792,-4.88576505904662,1.03027996136374e-6,1.33072192237995e-5,3024.79949554809,-0.619243023627024,0.132353484215767,-4.67870587084444,2.88691217176115e-6,2.39333478854888e-5
13213,SCAMP4,3329.50430152761,-0.196947653333284,0.0912434905112175,-2.1584844269967,0.0308901879066188,0.0840357425400343,3329.50430152761,-0.309172195488836,0.106024382331093,-2.91604807018214,0.00354495878520515,0.0128653084315343
13281,SDC3,2920.31506174855,-0.849872454355682,0.121068844056745,-7.01974534387514,2.22272988811122e-12,1.38105617047977e-10,2920.31506174855,-0.339055845373331,0.139853716156869,-2.42436064403911,0.0153353677504959,0.044871067952566
13362,SELPLG,136.246412467749,-0.989804656206574,0.231489986497573,-4.27579901481809,1.90452986480503e-5,1.7015850073646e-4,136.246412467749,-1.74479395937283,0.281685469046015,-6.19412128457292,5.86110835113193e-10,9.853410195505551e-9
13511,SGCB,2798.87019284779,-0.731594229745437,0.114495813244571,-6.38970289841693,1.66208366046171e-10,6.5696824686285706e-9,2798.87019284779,-0.713824040514521,0.133245808641615,-5.35719695644955,8.45229675932047e-8,9.75381039670213e-7
13716,SLC18B1,321.067974997902,-0.551232094309756,0.148891593043473,-3.70223787013152,2.137061117994e-4,0.00136642710929542,321.067974997902,-0.406469408032287,0.163054413856829,-2.49284517001293,0.0126724091917613,0.0382793861905288
13839,SLC35A4,3380.75306517578,-0.242650864945049,0.098946543395335,-2.45234301895269,0.0141929292604015,0.0451217937779515,3380.75306517578,-0.807038048536118,0.114628486125487,-7.04046677937133,1.91596887546781e-12,4.845046432851989e-11
13917,SLC4A2,6084.12228128451,-1.08904012673174,0.12483181741766,-8.72405889187728,2.68403401629058e-18,5.59163227770278e-16,6084.12228128451,-0.582642620922589,0.144143857378382,-4.04209122413821,5.2976613568712e-5,3.2460052970392e-4
13969,SLC9A8,1008.50221235863,-0.589133889594451,0.139273555331453,-4.23004846966381,2.33640965116349e-5,2.0423956678424e-4,1008.50221235863,-0.725750972562261,0.162704676539721,-4.46054156522713,8.17528006272104e-6,6.1039843635310207e-05
13981,SLCO4A1,1735.22145928919,-0.661820422804301,0.185411060948464,-3.5694764887207,3.5769531642794e-4,0.00211956918800025,1735.22145928919,-3.43786046695338,0.218466096559141,-15.7363569043434,8.52103256556579e-56,7.01280980146065e-53
13982,SLCO4A1-AS1,188.129942048359,-0.583119879718967,0.266638604501465,-2.18692968637917,0.028747657387634,0.0794666745270406,188.129942048359,-4.20901898357352,0.350394317152738,-12.012235294726,3.0644816750861197e-33,7.4980412444742194e-31
14260,SNX12,2813.7295464446,-0.564206631325341,0.0751257507131325,-7.51016297300992,5.90537993513274e-14,4.93266357977974e-12,2813.7295464446,-0.502369612935717,0.0878130911620297,-5.72089658031469,1.05963385196588e-8,1.46679896970139e-7
14271,SNX21,1040.70988441722,-0.941280482165746,0.124250724195704,-7.57565389062168,3.57323263294459e-14,3.1796383650343197e-12,1040.70988441722,-1.42789264291235,0.142979577794692,-9.98668946248181,1.74306048915325e-23,1.8824146453756602e-21
14584,SSNA1,2558.77881620775,-0.326091037354708,0.116976130478129,-2.78767160464141,0.00530883289750468,0.0201952337162219,2558.77881620775,-0.291952706525077,0.134685487804527,-2.16766268797122,0.0301843603299194,0.0787766605780814
14824,SUV39H2,950.378506721362,-0.438716959845368,0.0950306419306888,-4.61658419781431,3.90107789007182e-6,4.35288514665355e-5,950.378506721362,-0.583311525660856,0.111747593946057,-5.2199023268674,1.79017517472096e-7,1.96204066062334e-6
15187,TFIP11,1106.73846001965,-0.274693042123364,0.0976117573730097,-2.81413888568426,0.00489080929238754,0.0188438753154044,1106.73846001965,-0.304744444685286,0.112094542204765,-2.71863766684201,0.00655513711673678,0.0217455684565108
15204,TGFBR3,1838.70958623346,-0.876124391145865,0.12628480657594,-6.9376864478073,3.98573116563515e-12,2.36051262478486e-10,1838.70958623346,-2.13584295436523,0.149065848985626,-14.3281842816405,1.4588507060605202e-46,7.337208578869919e-44
15424,TMEM115,1865.38922798223,-0.230147791330071,0.0877852243892513,-2.62171445059552,0.0087488700259751,0.0304490940290816,1865.38922798223,-0.306652939147574,0.101396868602259,-3.02428411621326,0.0024922226922326,0.00948784357980729
15479,TMEM175,487.849870668203,-0.69888523924899,0.194202331637847,-3.5987479313703,3.1975292488007e-4,0.00192853705510092,487.849870668203,-0.62750540597218,0.224357352774652,-2.79690145302461,0.00515952678504713,0.0177365467951516
15524,TMEM229B,169.236771936706,-0.731539289545053,0.248568113358662,-2.94301340449692,0.00325034344322658,0.0134510590541379,169.236771936706,-1.08462143698448,0.309204628928872,-3.50777878307241,4.5186462701947e-4,0.00215642091112667
15655,TNC,8462.75816198543,-1.18590336690091,0.117566609722289,-10.0870763365738,6.3018533074014204e-24,3.84302168475718e-21,8462.75816198543,-1.34814528797645,0.135281476006249,-9.96548328548825,2.15821632974573e-23,2.29862734508095e-21
15689,TNFSF9,457.008932662049,-1.271612031256,0.171892174214917,-7.39773079876285,1.38531325712585e-13,1.0759266297010799e-11,457.008932662049,-0.942929404397081,0.202250701756473,-4.66218112574189,3.12875637310111e-6,2.57262774256897e-5
15875,TRIB2,3064.95818382996,-0.333447773549949,0.134422163032263,-2.48060116001793,0.0131161040607005,0.0423178841617991,3064.95818382996,-3.15550357351806,0.161650376465154,-19.5205457761385,7.344949948623399e-85,2.21646106282959e-81
16122,TUBA1A,3930.54963168149,-0.497149695402531,0.174091155630728,-2.85568611226326,0.0042943945696913,0.0169972208899261,3930.54963168149,-1.07394765848733,0.201464662736651,-5.33069990488191,9.78349727281546e-8,1.11549119409066e-6
16485,USP6NL,920.524012973539,-0.214385780269012,0.101026048446764,-2.12208419081128,0.0338306687316588,0.0902354996084069,920.524012973539,-1.08125126359361,0.121324350013893,-8.91207134816542,5.00878841612871e-19,3.22246345771219e-17
16587,VPS18,1076.8886941906,-0.94499785618534,0.0863783017895611,-10.9402226786953,7.40178856572647e-28,7.710051289522609e-25,1076.8886941906,-0.366734991843919,0.0966735360939137,-3.79354067991942,1.4851428668682e-4,8.1018369230238e-4
16800,WWP2,1159.28973822526,-0.574742312046102,0.0967962549859878,-5.93765029576095,2.8913594869210504e-9,8.15289710101878e-8,1159.28973822526,-0.259593696704871,0.112200786767511,-2.31365308732433,0.0206867591527638,0.0576940060049378
16873,YJU2,686.456705369779,-0.662426135528024,0.103760064912161,-6.38421088198825,1.72283541164594e-10,6.76451651206792e-9,686.456705369779,-0.511935793367946,0.11811895432244,-4.33406980534614,1.46377726160336e-5,1.0244743370154e-4
17107,ZMAT2,3367.74417836317,-0.45773293674907,0.116960855531003,-3.91355667390563,9.09465425093206e-5,6.5460346533743e-4,3367.74417836317,-0.380508780997686,0.13511405477265,-2.816204292277,0.00485947551317135,0.0168007759483446
17260,ZNF324,455.056514707934,-0.517196106783711,0.122703957026673,-4.21499126284318,2.49787859307262e-5,2.1597868225649e-4,455.056514707934,-0.370020930590643,0.1392152073471,-2.65790596905181,0.00786278275355963,0.025403915870084
17645,ZNFX1,5807.31977865148,-0.272142847428885,0.096125812945511,-2.83111101055811,0.00463866184334313,0.0180689449894237,5807.31977865148,-0.669027522902665,0.110855263763902,-6.0351443872575,1.5882061467903101e-9,2.48970220725414e-8
