...1,gene_name,baseMean,log2FoldChange,lfcSE,stat,pvalue,padj
17,EDEM1,1388.75729286848,0.81633799161136,0.0638949103581032,12.7762600657258,2.2251461026793e-37,2.6776361072064997e-34
20,HLTF,2033.95224019007,0.607469849648455,0.0495256990613386,12.2657501289601,1.38325312653673e-34,1.4148604604780999e-31
34,RESF1,1154.80456294176,0.46587637862917,0.0407996687692013,11.4186313929306,3.37506921230956e-30,2.03069973165343e-27
39,BTAF1,2803.65495496722,0.676531880259604,0.0605677364408765,11.1698392579027,5.72844514845468e-29,3.00478980517788e-26
50,ACSS2,927.742296511563,0.867682542210639,0.082013363239651,10.5797702707934,3.6986396736338995e-26,1.5132614360705798e-23
57,SIKE1,1543.6176540569,0.379345328832441,0.0371030019339189,10.2241141972302,1.54635186895506e-24,5.54977547073923e-22
66,PFKFB2,1001.07027236516,0.733970969543461,0.072823678196635,10.0787407024626,6.85996537666865e-24,2.1262774501592502e-21
74,FGFR1OP2,1166.36780721205,0.490738024196979,0.0494235063880264,9.92924339168028,3.10603346182792e-23,8.58650358494781e-21
106,WHRN,388.234724699493,0.855190005911337,0.0915602520309874,9.34018842173905,9.61628332436104e-21,1.8558519619476797e-18
122,MAFF,219.224593756566,0.859829092036416,0.0951158282869676,9.03981080249108,1.5694321556372299e-19,2.63162898425171e-17
124,PCID2,1557.46360541924,0.461291616895502,0.0511819462689737,9.0127799062447,2.0089818256073399e-19,3.31433396826205e-17
130,ENTPD4,1191.42420550118,0.415776932129077,0.0466997275119254,8.90319824720396,5.426014359421449e-19,8.53845967312959e-17
135,RDH11,2018.74367320594,0.361630741778713,0.041032138352804,8.81335353934827,1.2145675504300299e-18,1.84047469475164e-16
160,FST,434.74670389521,2.24392339014234,0.261144194806071,8.59266043347699,8.49783926434435e-18,1.0865018614418301e-15
168,KLHL15,501.352424842606,0.482159393598673,0.056591985448773,8.51992362125418,1.59658578008239e-17,1.94412829185389e-15
206,OSGIN2,544.137777577017,0.450913307713987,0.0542864013152735,8.30619265210203,9.88217413810617e-17,9.81357457976883e-15
217,PPM1A,1242.27946906175,0.377188259953689,0.0458546454578259,8.225737134978,1.93994048803131e-16,1.8288185513205802e-14
221,EBLN3P,1395.67559882821,0.4570846108047,0.0557805000959332,8.19434408115005,2.51963344912595e-16,2.33231409360949e-14
223,KRR1,1540.53671813877,0.331747167921794,0.0405462420656956,8.18194611930437,2.79295941323858e-16,2.562133215992e-14
237,CBFA2T2,1259.3652461877,0.424648886569044,0.0529829425871356,8.01482261712187,1.1029608024341502e-15,9.52036672379554e-14
238,SPTSSA,1610.78099103169,0.468205107841402,0.0584741171382698,8.00704877226738,1.1749390269748e-15,1.00990452415225e-13
275,SREBF2,5439.29134079841,0.41445479982074,0.0531637551841585,7.79581499435235,6.399408832761611e-15,4.76046205424743e-13
291,SEC23A,2827.49439998274,0.356499256658828,0.0462757814937985,7.70379764859516,1.3208094418924401e-14,9.28515421058198e-13
326,CENPC,430.987876785404,0.567397590876992,0.0750870377572796,7.55653183058195,4.13958632381728e-14,2.60139320655321e-12
327,IRS2,292.284051496699,1.08901572721851,0.144207806319472,7.55171134637431,4.2957574120008604e-14,2.68741007270035e-12
341,EIF3D,3862.62747667757,0.393292664548321,0.0525523506600005,7.48382631050736,7.21893496433124e-14,4.3307258816810596e-12
352,IRF2BP2,1007.82469174079,0.658189320489915,0.0886647033325431,7.42335219936767,1.14192585686139e-13,6.6364708107424896e-12
366,PTAR1,1348.02083306694,0.38188915628336,0.0519027622748237,7.35778096474456,1.86992536699614e-13,1.04516566209399e-11
383,PNN,6400.90270934944,0.468500606668352,0.0642818362972961,7.288226871765,3.14060799947264e-13,1.6774782727209397e-11
390,LZTS3,190.056146035096,0.990879194824701,0.136383600800565,7.26538373388214,3.71980760778158e-13,1.9511821598048197e-11
498,ZNF354A,324.640487239405,0.541597368887249,0.0789809476523911,6.85731666921639,7.01659814817434e-12,2.88475485988099e-10
519,ELK4,2221.47526121789,0.477492570962391,0.070462537547639,6.77654520516755,1.2308356195438598e-11,4.85148444489572e-10
522,TAF4B,358.164996873729,0.468691507948335,0.0693123353594965,6.76202158702938,1.3607942143528e-11,5.33290560211019e-10
537,CD46,4347.11329988182,0.385118375684219,0.0572990026184244,6.72120557226567,1.8022710854232e-11,6.86574666564289e-10
544,NKTR,3095.34817734105,0.446240594690447,0.0665231321433981,6.70805147491441,1.9724036086994e-11,7.41718026161095e-10
551,TARBP1,1547.64901963086,0.722209201143343,0.108020233664117,6.685869643543,2.2955730071834097e-11,8.52278348601653e-10
552,DDX17,26742.8340444236,0.421235626501267,0.0630537309847241,6.68058209915158,2.3799500578220797e-11,8.82004317624389e-10
582,SOCS4,1732.955959136,0.367221780494512,0.0561770762568112,6.53686174082419,6.282307366824169e-11,2.20819865641103e-9
598,FUBP1,4533.3675073091,0.337832026288156,0.0519196201562201,6.50682777092087,7.6754324235174e-11,2.6256909880918903e-9
601,NEPRO,1070.32067916216,0.301401819835101,0.0463461070867188,6.50328234194825,7.85860977663576e-11,2.6749347787127703e-9
621,THUMPD3-AS1,705.216995067162,0.469072258334895,0.0725836212638061,6.46250834785503,1.02981462753552e-10,3.3924183309974404e-9
644,FGD5-AS1,2852.89831122439,0.319834428707488,0.0499223355685912,6.40663993510578,1.48761574184029e-10,4.723055646355291e-9
652,CAPRIN2,1198.77354123332,0.978704224843064,0.153296185687811,6.38440037142349,1.72070362919225e-10,5.3988395923904705e-9
675,OSGEPL1,194.579728851808,0.501949045148996,0.0792090926021087,6.3370129445926,2.3426231737179803e-10,7.099709965147951e-9
678,ZDHHC23,600.594726557617,0.531258682173599,0.0839027393700544,6.3318395342311,2.42255366772809e-10,7.30946613284859e-9
687,MTX3,1413.34387045235,0.435713208066656,0.069093560466364,6.30613338096491,2.86092513409278e-10,8.5190604757112e-9
693,GTPBP1,1390.16657891095,0.422123850048121,0.0671742796946119,6.2840100700325,3.29949319759397e-10,9.73993251705337e-9
698,DIO2,1731.40192746644,1.05943839096875,0.168821407932728,6.27549790007031,3.48517184091902e-10,1.02257721011333e-8
715,WSB1,2146.4122504837,0.530286907075418,0.0849323876965698,6.24363592567214,4.27514451977355e-10,1.22448970161785e-8
726,RPL39,320.01869345022,0.437338868429943,0.0701921905740391,6.2305915352312,4.6467722483089103e-10,1.30935289095944e-8
741,PAN2,1223.90400570347,0.582553970078261,0.09402154211135,6.19596272297194,5.79298369884185e-10,1.59928566163573e-8
752,GGA1,1627.58873523793,0.349185663234538,0.0565978299280652,6.16959455297751,6.84653246729264e-10,1.86155901043879e-8
760,RAD54L2,889.164353607908,0.315137853802623,0.0512497993965543,6.14905536242569,7.79457708833616e-10,2.09807451968543e-8
761,EIF3L,3048.0036178067,0.29486005643382,0.0480420075468918,6.13754652417512,8.38056805621186e-10,2.25204064059167e-8
765,ASB1,763.474797759461,0.390118801961868,0.0636351254989746,6.13055759539839,8.75716069763581e-10,2.34018842692543e-8
784,TTC31,665.667702375108,0.383103732401879,0.0628037421233151,6.10001441712907,1.06058898806564e-9,2.76740675112995e-8
793,DMXL2,1160.68247050354,0.307983475753755,0.0507011788734611,6.07448352477984,1.2438740487039401e-9,3.20881858944974e-8
803,PDP2,859.012975071907,0.634344449346172,0.104688484721715,6.05935266932556,1.36670444391943e-9,3.4839156699519e-8
812,YPEL5,426.197617714955,0.562443014124334,0.0930692754652612,6.0432727268224,1.5101905470842401e-9,3.80467586474165e-8
817,NIPSNAP1,1070.60495399862,0.413615701096094,0.0685405748691764,6.03461091310606,1.5934615467810902e-9,3.98989508720939e-8
861,RBSN,447.571329124447,0.429449146594203,0.0726992795233912,5.90719948546432,3.4797229532579205e-9,8.26767624329818e-8
872,ZNF589,347.649846613525,0.454404702009919,0.0773134042697251,5.87743750649792,4.16665933707646e-9,9.77492546543269e-8
879,DCAF16,1307.18208779386,0.298171819128977,0.0508643777033984,5.86209509664473,4.570631202662181e-9,1.06251593764614e-7
881,CPM,393.03071686036,0.64613118647876,0.110339890324492,5.85582589015262,4.746452798353381e-9,1.10213603741107e-7
882,RBM39,6643.16911691477,0.345759569524611,0.0590494729455189,5.85542177224208,4.75800944684969e-9,1.1035668849683e-7
885,SRRM2,28409.7509453038,0.426688143892378,0.0729286326670362,5.85076297591469,4.8932312623365605e-9,1.13108284670756e-7
886,CLASP2,1145.2600757944101,0.196144629159022,0.0335277420657658,5.85021886574639,4.90926586974549e-9,1.13350848642645e-7
897,BTN3A2,484.007857870176,0.422885549386075,0.0724358941229665,5.8380662585346,5.2810156814992605e-9,1.20438949605831e-7
904,SSPN,61.2712167936822,0.986351703977744,0.169352822430673,5.82424130770848,5.73726301419986e-9,1.29830961815804e-7
907,LIN7C,947.124632338237,0.237971432356964,0.0409257663800788,5.81470925057129,6.07393637290114e-9,1.36995056648775e-7
911,GBP2,421.04037830821,0.818741010244136,0.141109783356988,5.80215624151895,6.546751443834761e-9,1.47010860907275e-7
922,RND3,667.869575539097,0.548282383980717,0.0948908281133306,5.77803350315258,7.55787611595741e-9,1.6769140098063e-7
951,KLHL12,1180.05711419052,0.292064725162366,0.0509054208940123,5.73739927954746,9.614141891230881e-9,2.06810200493071e-7
973,ZBTB11,1144.81381064923,0.34774925187112,0.061015547963911,5.69935472966341,1.20261753188236e-8,2.52815615996465e-7
975,MFN1,1163.71845363072,0.221411705513818,0.0388547124349583,5.69845178714048,1.20900312838414e-8,2.53667456383121e-7
976,RBM26,2622.22891283335,0.217946061697109,0.038268071605043,5.69524547634609,1.23194541280413e-8,2.58216263419406e-7
989,SRRM1,3418.40210525756,0.580760297863397,0.102314577414432,5.67622241658675,1.37701715026602e-8,2.84541816595879e-7
1006,DPH3,457.309592776705,0.348323623279772,0.0614936016171539,5.66438806834508,1.47550139391402e-8,3.00043061782297e-7
1008,NEMP1,1500.25304572926,0.362353288953488,0.0640007040801141,5.66170785402463,1.49873824314015e-8,3.04163573808711e-7
1011,ZNF621,1040.05086858179,0.429774773010726,0.0759235324952122,5.66062667115532,1.50821212947867e-8,3.0517799735653e-7
1018,MAP3K5,321.931613974432,0.606984094795139,0.107399780374662,5.65163255155352,1.58931057109733e-8,3.19376486767566e-7
1027,KIAA0040,343.047807711902,0.776777917354661,0.137774719916621,5.6380293701541,1.72007177019176e-8,3.42624227875491e-7
1028,PDLIM7,1670.96770860507,0.314893012327746,0.0558556347969671,5.6376230164131,1.72413434229018e-8,3.43099379768776e-7
1085,ERRFI1,3591.00149825689,0.674076341608424,0.121709206219288,5.53841703966019,3.05217765629875e-8,5.75469108893121e-7
1091,PANK3,2655.73745541127,0.367258606398714,0.0664046688667548,5.53061422737672,3.19111417480325e-8,5.98355844857471e-7
1095,TFIP11-DT,104.922552362199,0.688173379113708,0.124612022262292,5.52252797619475,3.34156571524949e-8,6.24277715405102e-7
1096,MIA3,1321.05646569811,0.3846173438473,0.0696636503885458,5.52106215654958,3.36956548325774e-8,6.28934316523755e-7
1132,HNRNPH3,3567.98432701782,0.38003006505319,0.0695813052118161,5.46166910632562,4.7167863903603e-8,8.52396635932868e-7
1145,TRMT11,504.962740001372,0.495683365219503,0.0913165163301922,5.42818961059747,5.69285433546634e-8,1.01710673485271e-6
1159,ATP11C,873.344861620851,0.308617499052948,0.057058567956643,5.40878451922341,6.34539192502259e-8,1.11999726152017e-6
1161,UBE2W,742.480153725975,0.329494068727137,0.0609669547325823,5.4044698504688,6.50003552085502e-8,1.14531633634911e-6
1163,RALGPS1,224.220603009782,0.670080369533521,0.124011019295664,5.40339377370921,6.53916879218283e-8,1.14982359315239e-6
1167,ABL2,1421.05697130426,0.37395160222477,0.0693486070525177,5.39234482304131,6.95441494724611e-8,1.21907854820749e-6
1171,ZNF675,353.851822690663,0.468900434646567,0.0869925476363888,5.39012188269823,7.04099136235817e-8,1.23003894363588e-6
1174,ZC3H6,209.813893585205,0.626887653476995,0.116351470876537,5.38787905949378,7.12939982190207e-8,1.24230095533774e-6
1175,PROSER2,582.281484119605,0.996695111205358,0.185002321410452,5.3874735387458,7.14549916373132e-8,1.24404660759533e-6
1191,TUG1,3804.06717411938,0.293019227222574,0.0545797834440813,5.3686403413964,7.93324455265138e-8,1.36263966258261e-6
1193,ABCA2,2324.70459607154,0.425052432228723,0.0792002085187437,5.36680950944883,8.01416190706577e-8,1.37423059625184e-6
1209,ANKH,1501.8910540894,0.350643545043051,0.0655696376406972,5.3476511028546,8.91030159826342e-8,1.50767609425703e-6
1210,C5orf22,1123.42652301206,0.22042164184852,0.0412197884170472,5.34747145274915,8.91914736880671e-8,1.50792560102214e-6
1223,NR2C1,766.519524012948,0.505799181042484,0.0947717838146449,5.33702290580209,9.44851075109442e-8,1.5804430452587e-6
1250,SLC25A36,2872.66325457742,0.384045776571419,0.0726000251731698,5.28988489543042,1.22393360657959e-7,2.00304078318389e-6
1255,TCERG1,3027.40530395169,0.235280685808391,0.0445153988942357,5.28537745707717,1.25445825162524e-7,2.04481692856554e-6
1261,ZFC3H1,1886.51174273836,0.401699097353229,0.0760770807950167,5.28015919059215,1.29071695702683e-7,2.0939093409911e-6
1271,HDGFL3,1233.61624195537,0.51295314016797,0.0973786769194441,5.26761254511916,1.38209428809632e-7,2.22450848556935e-6
1291,ATP13A3,4240.43579869503,0.366298027583224,0.0699104548181425,5.23953146258413,1.60984799556307e-7,2.55094193998712e-6
1308,PRPF38B,3953.47340564412,0.311570305011028,0.0597441681047488,5.21507479131277,1.83743083444535e-7,2.8737249679089e-6
1317,PCNP,2019.77666259648,0.203917127543871,0.0392200589421541,5.19930701390913,2.00032891228708e-7,3.10548867461407e-6
1328,ZBTB41,687.701102238733,0.292838381237067,0.0564277492326854,5.18961654893446,2.10727573939106e-7,3.24612498499419e-6
1343,NCBP2,1668.83457042283,0.221227118258176,0.0428140482334603,5.16716188695471,2.37675391078391e-7,3.62034659366392e-6
1349,XRN1,1441.11745811705,0.357687616608913,0.0693133953292059,5.160439982922,2.46370137014515e-7,3.73609628829201e-6
1351,FBLN5,93.3239748453215,0.806573231150281,0.156366838837626,5.15821153094898,2.49319857853612e-7,3.77243811546697e-6
1355,HMGXB4,1021.12596688528,0.351061591106532,0.0681415033741252,5.15194960080435,2.57792324067509e-7,3.89199820918747e-6
1358,PHF20,1221.70956772804,0.276356320487614,0.0536550581551249,5.15061077165597,2.59639527423934e-7,3.91122666606142e-6
1362,KLHL24,407.920619978339,0.685048341756839,0.133149805248189,5.14494437659839,2.67600088355624e-7,4.01930617290089e-6
1373,RABGGTB,2798.64580576028,0.293229497491744,0.0570573336145059,5.13920786191795,2.75899067458902e-7,4.11075544283085e-6
1376,C3orf52,81.0775906494598,0.546222371741698,0.106341777792032,5.13647959515892,2.79932728915405e-7,4.16294536050146e-6
1380,MAP3K7,1341.00413438565,0.168664923842407,0.0328901341024625,5.12813122977747,2.92632438498e-7,4.33481665050947e-6
1381,TUBE1,394.726627416903,0.367796330815412,0.0717212707087559,5.12813461307665,2.92627180781027e-7,4.33481665050947e-6
1407,DZIP3,785.888691488895,0.45235238977065,0.0889159053523277,5.0874181394005,3.62970974142078e-7,5.27739674344313e-6
1424,PLD6,139.924749073965,0.513354420607396,0.101200918553092,5.07262609813252,3.92362966583818e-7,5.63663567935756e-6
1428,CARD8,435.251708419588,0.374374591685084,0.0738601710000538,5.06869381178134,4.00554982102512e-7,5.73820256923745e-6
1445,PLEKHA6,322.914116260885,0.547744878592107,0.108379618669953,5.05394727637993,4.32771122631358e-7,6.12678121499632e-6
1474,USPL1,814.966752263397,0.400683242187976,0.0796352348034321,5.03148189588445,4.86703076286809e-7,6.7547386917227e-6
1511,NEDD4,665.656163248047,0.354690810171681,0.071009352786871,4.99498722705244,5.88396615913351e-7,7.96613472649863e-6
1513,CCNT1,1657.58944564539,0.251376522560866,0.0503879241778547,4.98882473652973,6.07477278443621e-7,8.21359067093268e-6
1525,TMEM39A,915.550169681781,0.406359030687308,0.0815886915167163,4.98058031245729,6.33938867584408e-7,8.50392617322901e-6
1612,EIF2D,1020.48971979387,0.366214245397015,0.0748410943479323,4.89322408481234,9.91973501950817e-7,1.25885868048436e-5
1616,KLHL28,356.660593825098,0.299654573147783,0.0612787412256156,4.89002494428724,1.00823200399711e-6,1.27585326083492e-5
1651,NGLY1,597.608008357684,0.317867929110131,0.0655212780974773,4.85136948392907,1.22611884390391e-6,1.51924368199529e-5
1672,MYSM1,1905.37391401846,0.367614136283792,0.0761001460855869,4.83066268848355,1.36079371877661e-6,1.66493762589791e-5
1705,SNAPC5,282.437591418396,0.455451162120806,0.0949551485802789,4.79648727773565,1.61472207803772e-6,1.93738237832362e-5
1730,LYST,539.943580217646,0.58254375790965,0.121959439928821,4.77653684085168,1.78339892516855e-6,2.10884345735104e-5
1732,SLC4A7,4233.47854765741,1.70599918405414,0.357378876484859,4.77364303350598,1.80922947553106e-6,2.13691728527361e-5
1738,LYPD6B,46.4165588418426,0.93514502461588,0.196024579628287,4.77054982793054,1.8372372930849e-6,2.16300539936114e-5
1743,ATP6V0A2,724.722185371168,0.327525424938009,0.0687035880871888,4.76722445008782,1.86781191315798e-6,2.19218751046889e-5
1773,BTN3A3,244.920970338773,0.414185009758198,0.0876680465428936,4.72446947424052,2.30716866638232e-6,2.66202760339443e-5
1791,LCP1,42.5419818817815,1.09781699964345,0.232969881436505,4.71227007059559,2.44972417648207e-6,2.79810203675565e-5
1793,TTC17,1726.26722343434,0.37258641343991,0.0790977305541367,4.71045642940288,2.4716263703167e-6,2.81996991955208e-5
1800,EXOC8,563.897579683526,0.298026523250838,0.0634646533101461,4.69594502934427,2.65376908190681e-6,3.01600856158709e-5
1805,RBBP7,3927.32861103108,0.170483726481359,0.0363398750545815,4.69136798696466,2.71384354684651e-6,3.07403640298112e-5
1810,CHEK2,541.807269978835,0.335000837766402,0.0714559574713201,4.68821424582911,2.75599406418742e-6,3.11488235199348e-5
1851,GPR27,85.3741834082535,0.59348522935898,0.127629010140646,4.65008095498793,3.31804761483212e-6,3.66546348477594e-5
1854,SEPTIN8,1648.54406848391,0.31580485987072,0.0679374639063719,4.64846406845489,3.34415860784078e-6,3.6899381143796503e-05
1856,GTF3C3,1162.12023925253,0.355725239484283,0.0766131291818938,4.64313680021768,3.43158972824875e-6,3.78232926027935e-5
1859,ENTPD1,232.61016774493,0.518934499853484,0.111799415059328,4.64165666321333,3.45626821859481e-6,3.80338240708951e-5
1871,PRR14L,2053.50010579747,0.280966941006991,0.0606756274748255,4.63063923193155,3.64538555276289e-6,3.98576441757725e-5
1881,AASS,305.641028709075,0.669060010190168,0.144844086852137,4.61917379390968,3.85271060823574e-6,4.19005321173198e-5
1889,HNRNPH1,283.48600965771,0.378781523116706,0.0821345957693207,4.61171714024787,3.99356188414231e-6,4.32484359258334e-5
1895,SETD5,3702.86828291976,0.236201301318397,0.0512827155392675,4.60586571585774,4.10753401871609e-6,4.43418593250001e-5
1902,UBA6,2014.5445597731,0.270690895525284,0.058825079685508,4.60162394972447,4.19209566629571e-6,4.50881708966411e-5
1910,GK5,972.159122200097,0.486573761608351,0.105952336412952,4.59238350074621,4.38212143360334e-6,4.69345854278658e-5
1931,MAP3K20,1249.81574794657,0.378028826579018,0.0826948798687864,4.57136919696653,4.84547710730901e-6,5.13329493444953e-5
1936,PIM3,3106.41668356808,0.33181949126264,0.0726762939899293,4.5657183800349,4.97786677405348e-6,5.25992874983533e-5
1945,MLF1,561.623619715312,0.26630252165446,0.0583993774674916,4.56002329481506,5.11479466053173e-6,5.37960690850887e-5
1949,RNF19A,853.676380907617,0.408217436613153,0.089574302222929,4.55730523691044,5.18140987319038e-6,5.43848649439998e-5
1959,PROSER3,716.253059158192,0.424937752267768,0.0934414255159046,4.5476377304993,5.4251415949578e-6,5.66524357366267e-5
1965,AGL,1520.23862122536,0.445457475998236,0.0980950319309138,4.54108090114045,5.59665488694253e-6,5.82650224031467e-5
1966,ACO2,1969.16713730214,0.234222604164258,0.0515864046870219,4.54039403570189,5.6149192965915e-6,5.84254344101589e-5
1971,ATP11B,2085.03829641194,0.205513950781202,0.0453058912473399,4.53614188184122,5.7292644551361e-6,5.94354937321661e-5
1997,SLC33A1,327.595176186829,0.375303835314263,0.0831261777401627,4.51486938912787,6.33558006324731e-6,6.49008319248123e-5
2010,SENP5,916.596327341174,0.260902007233272,0.0579714591106048,4.50052510728586,6.77857970973403e-6,6.89897537920543e-5
2034,CCDC134,630.417329869787,0.344088074946234,0.0767814967184044,4.48139316960927,7.41573512580069e-6,7.45472695176927e-5
2042,HOMER1,667.312769969375,0.315302561403593,0.0704862603105145,4.47324854538437,7.70401417238484e-6,7.71419568891222e-5
2044,DCAF10,670.508851833656,0.218423109329093,0.0488481947943779,4.47146737455756,7.76847126502704e-6,7.77493232234139e-5
2056,SFI1,928.263382161917,0.354880175484587,0.0796458641955935,4.45572634648142,8.36096284207636e-6,8.31907669554261e-5
2103,ZKSCAN8,1079.16783621041,0.236748155984439,0.0535818663573442,4.41843802911858,9.94167767312373e-6,9.67079886633819e-5
2122,RBMXL1,490.317972864412,0.418621575435772,0.0951329189677378,4.40038611216942,1.08058429845735e-5,1.0417301127965e-4
2127,ALDH6A1,335.482214719199,0.410752237722309,0.0934113589982915,4.39724078663518,1.09635697622894e-5,1.0545883469546e-4
2129,MAGI3,666.191690877557,0.273448645338394,0.0622321761253907,4.39400744700661,1.11280001066262e-5,1.0687582074237e-4
2145,YBX3,4658.94731673487,0.227665592709373,0.0519015966567691,4.38648533714579,1.15196926726204e-5,1.098640340344e-4
2167,ING1,421.354619735111,0.365954815487059,0.0836633046558408,4.37413770580136,1.21913407282859e-5,1.1508918194672e-4
2183,PURA,885.014839567817,0.248085304871562,0.0569099476542828,4.35926081638017,1.30502502286363e-5,1.2229453455209e-4
2200,MBTD1,919.875247135025,0.206755488562703,0.0475872758131707,4.34476412086357,1.3942539837568e-5,1.2964660793505e-4
2202,RNF168,661.694041847726,0.365187829051736,0.0840692307573828,4.34389402355351,1.39979061872288e-5,1.3004321837971e-4
2214,GNG12,2647.89078846373,0.260332520284968,0.0600902933461449,4.33235562331748,1.47522401439281e-5,1.3630830019166e-4
2216,DCUN1D2,389.621769027665,0.271200723850592,0.062615501844019,4.3312073825772,1.4829392773843e-5,1.3683576363306e-4
2218,TPST2,300.139145722624,0.390401057440726,0.0901801962332055,4.32912184434763,1.49705093878065e-5,1.3807561341134e-4
2219,TUT4,1524.65378073289,0.221247510000955,0.0511241417666666,4.32765230584682,1.50707127629008e-5,1.3893716583626e-4
2242,TPP2,1603.84662120381,0.156786388980258,0.0363985778648763,4.30748667055899,1.65120042900456e-5,1.5065627257009e-4
2284,DENND1B,378.047272778033,0.331245008535341,0.0773813103669391,4.28068492203854,1.86318992339557e-5,1.6666058706997e-4
2299,PNRC2,1122.47194953824,0.201558877148947,0.0471703366035792,4.27300061144048,1.92859927863078e-5,1.7161094146563e-4
2314,ACAP2,1386.1048426698,0.193623966814242,0.0454489391033448,4.2602527283193,2.04195878704892e-5,1.805471778267e-4
2315,PRKCI,1548.82230858077,0.298165868929431,0.0700140592735171,4.25865707578267,2.05658683335886e-5,1.8173475961132e-4
2336,PIGA,299.849523560212,0.312579920097457,0.0737629619545426,4.23762701245767,2.25894633033062e-5,1.9782219640228e-4
2369,KRTCAP3,330.895436924034,0.372776645528822,0.0886239620775396,4.20627375249449,2.59615733178371e-5,2.2417451179042e-4
2371,NKAP,380.53635835107,0.281750426904433,0.0669985487919648,4.20532133881418,2.60711470349209e-5,2.2494198856743e-4
2377,CEP192,1388.31301730775,0.239714106709387,0.0570604048999882,4.20105863478435,2.65669767240256e-5,2.2864141474269e-4
2382,ZNF397,601.381165708316,0.282210643438695,0.0672338275054931,4.19745021084272,2.6993697752917e-5,2.318262279309e-4
2384,TAF11,733.082814586509,0.223932159887342,0.0533843473251518,4.19471570052964,2.73214049996098e-5,2.3441398417768e-4
2418,NT5DC3,464.631603975208,0.473664221314687,0.113703812246199,4.16577256256876,3.10299941121552e-5,2.6252298988931e-4
2424,HIVEP1,482.128712383252,0.532807907614961,0.128073000359505,4.16018915867788,3.17984123773569e-5,2.6835813614009e-4
2444,PALM2AKAP2,754.466885730234,0.468358764047653,0.113006545290566,4.14452776025842,3.40514706144915e-5,2.8502084057309e-4
2469,CCSAP,560.532230785424,0.444928736506567,0.107839000484589,4.12586109391981,3.6935015979317e-5,3.0600431663223e-4
2471,SLC25A17,987.215773257312,0.22134688372799,0.0536982607062245,4.12204940750218,3.75516632408208e-5,3.1088400441824e-4
2475,HPS4,1065.43111053766,0.334111622854832,0.0811025329316069,4.11962007569586,3.79497619127899e-5,3.1367203210098e-4
2476,MZT1,801.324943527939,0.362831955275868,0.0880780347130801,4.11943745631719,3.79798494009751e-5,3.1379393343931e-4
2511,TSTD2,372.354807307595,0.235726995684794,0.0575544878416218,4.09571876190553,4.20860596097303e-5,3.4287316664127e-4
2528,GOT1,1117.00400573458,0.283231811116767,0.0694227896624508,4.0798102826738,4.50724709197504e-5,3.647339943059e-4
2549,OIP5-AS1,2674.51640003996,0.284884158985292,0.0700829976815873,4.06495396044023,4.80419444666748e-5,3.8556063474098e-4
2630,MAP1LC3A,108.114380979078,0.662571979861228,0.164978471199839,4.01611176926625,5.91662037090148e-5,4.6021407957236e-4
2634,NFKBIZ,371.606972991603,0.582688806457512,0.14512203492648099,4.01516424954144,5.94044102068226e-5,4.6136523143544e-4
2652,GRAMD4,1046.87571912348,0.175939044162475,0.0439446777706188,4.00364852100718,6.23730125234473e-5,4.8113300044953e-4
2684,FAM98B,1115.8718070741,0.247857473761291,0.0621577528569939,3.9875552504534,6.67576607573382e-5,5.08815747434e-4
2712,BCL2,50.7181616906181,0.556094267814186,0.139907266177751,3.97473471540552,7.04577469699913e-5,5.314727617128e-4
2714,PXYLP1,278.626282733161,0.331296708263636,0.0833807070168878,3.97330173989213,7.08831610902799e-5,5.3428770317754e-4
2716,CCDC25,632.814707822224,0.21175149272091,0.053303910640081,3.97253203710887,7.11126682978135e-5,5.3550179096642e-4
2717,MIR205HG,3478.27344630631,2.61777569868359,0.658974666151744,3.97249823573761,7.11227631644801e-5,5.3550179096642e-4
2722,ELOVL7,614.281598815955,0.277460041893758,0.0698992161359414,3.96942994831513,7.20447829212936e-5,5.4144751073508e-4
2727,MAN2A2,1951.14550271475,0.421122306997544,0.10614171248387,3.96754769772103,7.26159820003424e-5,5.447396933557e-4
2730,ARHGEF9,344.495443490175,0.412260489154103,0.104016512013793,3.96341389624213,7.38855197704364e-5,5.5365424100506e-4
2738,HMGN3,1025.87036307342,0.237433955183626,0.060023059691188,3.95571229466138,7.63069504453574e-5,5.7012829994911e-4
2746,FBXO38,877.200754101533,0.201396823299252,0.0509976380471822,3.94914021533553,7.8432401116002e-5,5.8430139462128e-4
2751,MFF,1676.11927469399,0.291089127934291,0.0737867302953253,3.94500646348239,7.97978261590891e-5,5.9339299517865e-4
2798,ATXN7,1000.32739827138,0.320100493558873,0.0817728536591971,3.91450804557889,9.05887173019378e-5,6.6208409783699e-4
2813,ZNF91,279.468191003995,0.707630237825498,0.181318859072516,3.90268415235555,9.51318086430466e-5,6.918277317493e-4
2818,PYROXD1,162.037149869234,0.352517956942111,0.0904000310885151,3.89953358087834,9.63781700974392e-5,6.996480573752e-4
2827,SLC6A6,1627.27917862566,0.316155698955203,0.0811571116768847,3.89560067408425,9.79556634640443e-5,7.0870671289157e-4
2855,NRAS,2365.24572593767,0.264107480339467,0.068092285882481,3.87866961604556,1.0502928309773e-4,7.5256884214725e-4
2861,CASP9,221.454410459916,0.390440749747355,0.100787535350254,3.87389917206039,1.0710774105688e-4,7.6585217015052e-4
2887,ZBTB6,555.903466531421,0.259697183238127,0.0673432054167324,3.85632346472182,1.1510515522011e-4,8.1562388650426e-4
2905,ZNF566,209.392993663571,0.328223662274118,0.0853366679039067,3.84622074351103,1.1995370261772e-4,8.4471356091247e-4
2907,RIMKLB,605.276196100536,0.524230452921528,0.136304170966626,3.8460338315684,1.2004519484321e-4,8.4477624730223e-4
2917,ANKRD28,1330.24435060361,0.239215942072478,0.0623418051603792,3.83716739444866,1.2446163683997e-4,8.7255370282224e-4
2923,ACSL4,1760.08627387075,0.236409222925893,0.061686746512673,3.83241516680288,1.2689136218998e-4,8.8781732538407e-4
2930,IFT57,671.203803992372,0.315806261262717,0.0824619925089588,3.82971902150446,1.2828965715827e-4,8.9570700221392e-4
2940,MSL2,998.060339849785,0.220324733621478,0.0575971959860658,3.82526839804459,1.3062969086163e-4,9.0894271631172e-4
2960,BHLHE41,53.8227382666701,1.14667808459101,0.300787802163017,3.81224928785361,1.3770788347055e-4,9.5171965275578e-4
2962,SMARCC2,2584.58938220399,0.173672030789004,0.0455856149855172,3.80979900883603,1.3907981096686e-4,9.6055222584376e-4
2965,LACTB,216.904862650565,0.329904402200602,0.086613843759846,3.80891076852942,1.3958031435011e-4,9.6351018865396e-4
2989,STK38L,656.592827636283,0.322489228466816,0.0849595131265287,3.79579892350063,1.4716874771381e-4,0.00100723689260001
2996,SVIP,242.036218680765,0.417473656351696,0.110098296328569,3.79182667010412,1.4954327529093e-4,0.00102109705695149
3000,NORAD,5740.17944617374,0.268121509962735,0.0707416295895021,3.79015173270087,1.5055528859813e-4,0.00102663651295068
3008,TXNDC16,322.291641600308,0.398400435087432,0.105192390306163,3.78735033901108,1.522623409752e-4,0.00103551552836763
3045,RUNX3,360.446737010635,0.573423519668824,0.152191587015529,3.76777409917091,1.6470964711046e-4,0.00110655673265641
3056,CUL9,1087.16650750759,0.224503732886856,0.0596948491077271,3.76085602430638,1.6933287796317e-4,0.00113352182084185
3057,HSF2,486.895751865055,0.229666887035826,0.0610768710594709,3.76029228498294,1.6971494537594e-4,0.00113533637591748
3058,GNPNAT1,1042.81636085356,0.272156750475634,0.0723756245335905,3.76033716088104,1.6968450160581e-4,0.00113533637591748
3087,ABHD3,881.484762431966,0.304037737494257,0.0812530309941352,3.74186333450382,1.8266084796436e-4,0.00121046095458598
3093,PPP1R15B,2129.881432279,0.197379903566893,0.0527829914059286,3.73946035094789,1.8441573178397e-4,0.00121971956841411
3108,ZNF461,39.5200583803195,0.66472660843869,0.178305977302738,3.72801079635193,1.9299711206162e-4,0.00127031593354076
3135,ID2,338.852640952685,1.11677081304388,0.300712248913992,3.71375232328263,2.0420865954848e-4,0.00133253478417331
3138,STEAP2,291.58199679212,0.412201830877971,0.111008026263963,3.71326150685545,2.0460527510225e-4,0.00133384643491611
3158,POLH,600.184653620002,0.348934583392216,0.0942396831853904,3.70262899447343,2.1337680729552e-4,0.00138226105197547
3159,FN3K,162.180759185523,0.536500479926414,0.144974553706421,3.70065274360388,2.1504559090129e-4,0.00139240507541181
3161,RPRD1B,1437.06071289029,0.159310822805601,0.0430529776645117,3.70034388903419,2.1530749819494e-4,0.00139340255949823
3176,TAB3,909.707848087444,0.17406999919433,0.0471742177523601,3.68993928226021,2.2430758301458e-4,0.00144479226250921
3194,FGD6,749.52313784208,0.407779050665277,0.11082046680013,3.6796366451039,2.3356651106629e-4,0.00149595182119074
3204,SEL1L3,1913.58392238016,0.408469193242285,0.111207393966827,3.67303988225936,2.3968205768877e-4,0.00153032954249043
3207,KCNJ11,61.0403650476242,0.950653469129815,0.258900317904088,3.6718899259212,2.4076338508099e-4,0.00153579562475896
3208,UBXN7,1963.61767109308,0.172867430354537,0.0470802449138417,3.67176149297629,2.4088443691732e-4,0.0015360888173372
3217,CD47,1673.0885944318,0.41091692672726,0.112068618754253,3.66665469151832,2.4574428280744e-4,0.00156269530413173
3229,SETDB2,197.089415819296,0.367608983551946,0.100437315645917,3.66008371677235,2.5213285943034e-4,0.00159736200228136
3246,EXOC6,328.816219526645,0.287513902335372,0.0787559916631137,3.65069242687261,2.6153428213286e-4,0.00164824609044731
3255,ARMCX3,701.843482681272,0.432002510549842,0.118570727821386,3.64341619965941,2.6904327212131e-4,0.00169088117289883
3262,UBA2,3088.59193158948,0.242765960426733,0.0666761237559451,3.64097291131275,2.7160971591365e-4,0.00170334762674604
3275,RAB5B,1900.11769321693,0.196315826355721,0.0540785918523338,3.63019486327931,2.8320733048298e-4,0.00176902972814973
3281,ZNF136,104.820425962519,0.431244925127827,0.118997650929382,3.62397847150565,2.9010576352269e-4,0.00180880634086673
3292,DUSP5,733.197365697887,0.431381322582245,0.119144421288403,3.62065901128544,2.9385358654746e-4,0.00182605188942934
3300,RSL24D1,1252.3265425633,0.20730661319972,0.0573085444554084,3.61737704507615,2.9760362580401e-4,0.00184487193123417
3325,RPRD1A,1740.42283869149,0.209731543843452,0.0582201326075116,3.60238863173582,3.1530649886845e-4,0.00193991730747427
3329,GPBP1,1449.7928125773,0.185701722694158,0.0515859707454555,3.5998493390864,3.1840160973284e-4,0.0019566061070306
3341,PRKD3,848.300845040687,0.333698982103031,0.0928660221169861,3.59333774071491,3.2646897882877e-4,0.00199837698979661
3359,CSRP2,260.049647115314,0.434845122713867,0.121275947751359,3.58558420508401,3.3632445844304e-4,0.00204828503910966
3365,TSPYL1,1418.29465992414,0.2024891550733,0.0565472698197452,3.58088296249795,3.4243502946141e-4,0.00208178109886839
3371,PPWD1,808.883913744582,0.247572613957714,0.069193418599216,3.57797922070754,3.4626097174026e-4,0.00210129359207669
3387,JOSD1,2037.8713674142,0.217427743727902,0.0608790715048758,3.57146944513581,3.549839670434e-4,0.00214405285320549
3400,SLC5A3,5483.07493827856,0.429289899579331,0.120403331490497,3.56543207123148,3.6325724231804e-4,0.00218556517978271
3448,SSR3,2701.08506167162,0.161840743190784,0.0456361890789231,3.54632467033776,3.9064459426636e-4,0.00231748868772837
3467,SMC6,1274.49492720628,0.162283028233317,0.0458583696360762,3.53878756530521,4.0196919596476e-4,0.00237181535674967
3494,ZFP30,145.671719689333,0.827776714144656,0.234885809974752,3.52416654813518,0.00042481713746781997,0.00248725935351439
3501,NSD3,1488.46294178215,0.166026890783587,0.0471372398890977,3.52220221578963,4.2797755478383e-4,0.00250075316715595
3511,ARHGEF7,1598.73307731166,0.174120240802391,0.0495357821915495,3.5150396965387,4.3968825891292e-4,0.00256186348976977
3545,ANKRD12,967.744642187589,0.237574862951145,0.0679762737534343,3.49496743250276,4.7411960354725e-4,0.00273598440896084
3557,SSH1,2309.68880146957,0.401167326034138,0.114964974589248,3.48947431569873,4.8397156436978e-4,0.0027834147574677
3598,FHIP1A,492.705418676527,0.253078499573839,0.0729579673523514,3.46882607558943,5.2273774486316e-4,0.00297210840652188
3602,TTC14,1268.45928714681,0.459766403499884,0.132706451423861,3.46453694275497,5.3114518130432e-4,0.00301655662796853
3603,DDX55,949.829916052431,0.250631948662108,0.072347241385813,3.46429171121451,5.3162966484875e-4,0.00301847017868749
3624,ICE2,1154.58508703461,0.166898450161013,0.0483139829091576,3.45445438590363,5.5140748389496e-4,0.00311262221248325
3627,MACIR,346.751255907204,0.324138210255829,0.0939143552032589,3.45142347572207,5.5763786461457e-4,0.00314518825376907
3633,IL33,12.6159648059188,1.6816699568904,0.487600679997904,3.44886712811318,5.6294363572838e-4,0.00316987006773892
3640,AZI2,349.271513796461,0.2047914250596,0.0594399263019944,3.44535126135796,5.703177420167e-4,0.00320521704627357
3706,PAWR,1874.84733149597,0.244596011836325,0.0716187037227818,3.4152532665642,6.3722731280144e-4,0.00351747413329174
3713,KPNA1,1288.06067668124,0.144087494816366,0.0422172577325354,3.41299986202852,6.425197469524e-4,0.00354000174075015
3724,BRD1,1671.35685941316,0.23031208189509,0.0675834677872356,3.40781687350155,6.5484826394601e-4,0.00359726931674101
3725,CAPN7,890.509526140034,0.175202282139286,0.0514217914327845,3.40716021860693,6.5642582236624e-4,0.00360245091719174
3750,TLCD4,536.295954928184,0.352949966250991,0.103854241244151,3.39851278120881,6.7753297115925e-4,0.00369607786426795
3759,WDR26,2612.00267196878,0.123319236249985,0.0363524953812501,3.39231832523911,6.930387388509e-4,0.00377161305684301
3761,RBM12,2269.76105243347,0.213628504811662,0.0630121423084469,3.39027522292358,6.9822487138743e-4,0.00379781605795609
3766,DIS3,1669.00727880489,0.318024434234548,0.0938555250595264,3.38844659419726,7.0289715551863e-4,0.00381815377335226
3768,TGIF2,331.170206751188,0.251074984907786,0.0741353847557331,3.38670913673743,7.0736339225806e-4,0.00384037497755392
3775,VAMP1,403.119827202665,0.381111312709435,0.112614185987188,3.38422117398953,7.1380477782709e-4,0.00386823812510165
3792,ATG14,488.318308264193,0.216943221585777,0.0642314663588647,3.37752248055032,7.314197418556e-4,0.00394584748395043
3806,SEH1L,1491.68654409065,0.175302211172294,0.0519776731763251,3.37264445404495,7.4450021811474e-4,0.00400163976930463
3834,SNRPA1,1867.06357856571,0.140965271454922,0.0419779234236846,3.35808110449282,7.8485580811226e-4,0.00418774002779149
3863,ZNF600,290.72866010938,0.729115492416156,0.218196176723965,3.34155943226513,8.3309178961502e-4,0.00441174184316713
3876,ERGIC2,945.484690103669,0.18915487012749,0.0566739629361591,3.33759737854516,8.450610426089e-4,0.00446011706621526
3887,OSMR,3898.08016842245,0.230141231976161,0.0691128913324962,3.32993205086692,8.6867179840373e-4,0.00457175687675461
3897,XBP1,1066.83044997209,0.427790296699963,0.12859790324043,3.32657287498815,8.7921026560352e-4,0.00461534626724437
3903,CHML,623.579561356128,0.240315083544697,0.0723683003661666,3.32072305593414,8.9784581625723e-4,0.00470592668797698
3930,TAF1A,310.765737257053,0.262152138368311,0.0792484800268439,3.30797686314629,9.3972572938348e-4,0.00489119455245248
3983,CCNL1,2855.3303305702,0.353661737982555,0.107577824246281,3.2874966607700302,0.00101082387858132,0.00519036749099853
3998,CEBPB,756.828006373871,0.38637182113552,0.117742995631827,3.2814845508405,0.00103262181170235,0.00528402913643287
3999,PHC3,2191.96051281012,0.155425963053976,0.0473777266771579,3.28057030074665,0.00103597443348936,0.00529823224647294
4000,KNTC1,3244.51895953402,0.269347962051908,0.0821024222539442,3.28063356302461,0.00103574212210702,0.00529823224647294
4024,CFLAR,754.110572371441,0.462392001260664,0.141416676570653,3.26971339218009,0.00107656502284604,0.00547176220615618
4035,ZFP14,185.733210908684,0.418294936320061,0.12803107852597,3.26713592618227,0.00108641504274186,0.00550800310517228
4042,MRPL42,1792.94773426785,0.177364965782756,0.0543475001780917,3.26353494091812,0.00110031615551552,0.00556881929573998
4048,USP36,1782.60681270302,0.177158932300191,0.0543265570668878,3.26100054678727,0.0011101982620151,0.00561050539674972
4056,ZNF888,133.862536952683,0.564532291140955,0.173247030755215,3.25853948942188,0.00111987289352252,0.00564823466045121
4081,TTF2,2433.43372444355,0.308670241957158,0.0950018853309658,3.24909596143085,0.00115772415448195,0.00580337246465013
4089,WSB2,1851.4210681627,0.154689670195991,0.0476770409767635,3.24453168709406,0.00117643927429225,0.00588564887116572
4093,ZNF445,927.411643592321,0.183518438643426,0.0565946239982236,3.24268323876816,0.00118409778192987,0.00591817452356203
4116,LATS1,1090.53750769004,0.220200045693859,0.0680687360001932,3.23496598634113,0.00121657222580012,0.00604503716861623
4123,PPP1R12A,1828.42645142149,0.135093599882954,0.0417821568261258,3.23328449618193,0.00122375626941764,0.0060718850360118
4132,MTMR4,1426.18741587274,0.139339180905518,0.0431281828428529,3.2308150198034302,0.00123437797541696,0.00611124642863137
4143,RNF185,371.553123380317,0.194480639340886,0.0602795226809078,3.22631352557945,0.00125395913078199,0.00619170696075481
4154,PPP1R2,771.636296206895,0.210816510986501,0.0654294213780631,3.22204455650562,0.00127279340260562,0.0062680632251091
4159,IRX5,44.4728312630002,0.711450908875139,0.220924831844167,3.22033020433382,0.00128043018430958,0.00630046778228884
4176,ANKRD27,1199.63523558997,0.203079564275925,0.0632560558656287,3.21043671624604,0.00132533447656313,0.00649242514057756
4177,FAM131A,285.033051278868,0.221980643678403,0.0691662227971517,3.20937929962462,0.00133021883739497,0.00651479213708137
4180,MAST3,361.242497814354,0.25546982450836,0.0796588880759337,3.20704733243122,0.0013410492904311,0.00656312089338492
4203,LIG4,384.295284338133,0.374558624205084,0.117053355108255,3.19989652461205,0.0013747693464287,0.00669197325849151
4211,SMIM13,459.750464717955,0.254976769197242,0.079804731214461,3.19500818205926,0.0013982687639343,0.00679236008303527
4253,AGFG1,1594.08326407396,0.30921371144287,0.0973484616018077,3.17635950640567,0.00149136007432863,0.00717346650377165
4257,KCTD7,326.166108161683,0.307152574596666,0.0967346300059785,3.1752080364362,0.0014972911317081,0.00719522778514274
4293,ZNF507,1087.21368266537,0.189712291483176,0.0600415369528961,3.15968413053799,0.00157940266045282,0.00752616823314309
4331,NUAK2,118.949985596648,0.749616440586061,0.238553854292711,3.14233631985784,0.00167605394325409,0.00791665562621772
4340,ZZZ3,1294.05974326211,0.125502483123569,0.0400135541621481,3.13649926259966,0.00170977866799685,0.00805920327447272
4346,ZNF721,600.330015025858,0.228590313588172,0.0729393240478367,3.13397905138595,0.00172453167151308,0.00811752057159296
4351,TOMM20,3041.82874001065,0.148253816799204,0.0473276081436812,3.13250178097153,0.00173323375993767,0.00814723415143496
4354,DCP2,1068.65544672938,0.181258420198306,0.0578772014186748,3.13177582459648,0.00173752489818912,0.00815990515203278
4362,MAT2A,6281.9417485823,0.303963826751919,0.0970855202220237,3.13088734609226,0.00174279000084,0.00817337346336174
4384,FAM200C,188.279360443983,0.302257812939287,0.0968314219283855,3.1214848126761,0.001799415290922,0.00839685301265426
4397,BTD,308.425812665308,0.271564403689835,0.0871188440349873,3.11717179788076,0.00182595131749411,0.00849522085557813
4413,UBA5,998.219993908531,0.194405934969939,0.0624902151574495,3.11098200702488,0.00186466300791197,0.00864387291023229
4434,PDCD7,623.177226671985,0.255614570789459,0.0823915030311338,3.10243849651424,0.00191933425557837,0.00885516934288828
4435,COPG1,3434.59085248595,0.228390460433477,0.0736244111595379,3.10210237116293,0.0019215149686608601,0.00886323150256938
4484,MED21,734.09168530542,0.223489314873697,0.072458069558109,3.08439510239044,0.00203966522904148,0.0093033292286514
4531,TMTC4,423.113029518507,0.290819659202333,0.0948022142331386,3.06764627339976,0.00215751840029489,0.00974097415908906
4552,TIGD6,95.7112242227498,0.31739380207431,0.103716977173803,3.06019140475371,0.00221195579666813,0.00993849763506258
4566,N4BP2L2,2207.58439482725,0.255370493202005,0.0836353277467581,3.0533806715656,0.00226278694837938,0.0101379396852818
4568,KMT5B,1143.5022807355,0.302999379390836,0.0992783837683988,3.05201764865237,0.0022730873558293,0.0101796296055604
4578,DSE,834.890911716513,0.268360421802048,0.0880566127999883,3.04758965021288,0.00230684703682751,0.0103082502910398
4586,INTS2,939.456134531737,0.183083462163684,0.0600999144415227,3.04631818306205,0.0023166253976981,0.0103338869953576
4605,USP32,1027.03383869144,0.16242603022774,0.0534293670002589,3.04001412232627,0.00236567055620245,0.0105068438055218
4630,ETNK1,1566.75823184461,0.157118879271381,0.0518181322955945,3.0321216205768,0.00242841338931712,0.0107296010162549
4639,INTS6,1156.80861652871,0.219345119807254,0.0724047414288243,3.02943033120112,0.00245015407212865,0.010804656575455
4651,SLC23A2,994.451480181772,0.397126739453996,0.131362524118909,3.02313572396431,0.00250170015323053,0.0110035003299585
4659,G2E3,969.154448175922,0.25459233630479,0.0842812635882901,3.0207465510776,0.00252152327405179,0.0110716466231546
4664,SPIN4,638.77729469422,0.246653611966935,0.0817195643926668,3.01829327897235,0.00254202765134869,0.0111497126208491
4681,CEP120,519.613470100584,0.192973756799874,0.0640532755521773,3.01270708072812,0.00258928710628713,0.0113157543972048
4695,C1orf115,186.153173941602,0.419953702908552,0.139692944124361,3.0062628112032,0.00264480299916544,0.0115239052085042
4699,AKIRIN2,531.078284543221,0.189325322858146,0.0630258128581052,3.00393305968759,0.00266513956539831,0.0116020368565339
4703,EPB41L2,1228.28328436605,0.174047989636943,0.0579564086123371,3.00308445268111,0.00267258255542221,0.0116251374306341
4709,WDR3,2038.787192475,0.272122207336222,0.0906754116316566,3.00105841748634,0.00269042945184602,0.0116878562956921
4730,RHBDD1,549.299419228921,0.256684368236073,0.0858200389335882,2.99096075258959,0.00278101233738246,0.012027731371212
4733,GBP1,445.246089639976,0.993006555934708,0.332079605903907,2.99026660559833,0.00278734048437494,0.0120474591778699
4747,EWSR1,7934.3955659517,0.18584637000097,0.0622833720278958,2.98388420456318,0.00284614460904065,0.0122653423777427
4757,POLD3,993.402676519871,0.201923981431988,0.0677846536954724,2.97890407966302,0.00289281320776332,0.0124402522159374
4767,RBM43,168.554927261189,0.22698961430248701,0.0763432730136689,2.97327590686145,0.00294639467861102,0.012644093966928
4784,TFAP2A,1235.48569383313,0.466460748820339,0.157290322866368,2.9656036068833,0.00302089573481489,0.0129177391402818
4827,IKZF4,246.62358733418,0.253099049842677,0.0857994706425714,2.94989057563131,0.00317886493687023,0.0134721441917452
4837,C14orf119,976.042907204702,0.168003688675552,0.0570210454850978,2.94634528788953,0.00321553231973662,0.013596557392487
4847,METTL14,588.001772525339,0.183305258014209,0.0623227300755682,2.94122638388828,0.00326915516130676,0.0137947828248458
4851,ATF4,4158.47396367151,0.272874576746352,0.0928007710577044,2.94043436963122,0.00327752426328167,0.0138215448060097
4853,ABHD13,413.913775363955,0.162426534994893,0.055251085880002,2.93978900881083,0.00328435812541133,0.0138418034964029
4868,MIEF1,1635.57851569922,0.187545740531335,0.0639664900576347,2.93193733722693,0.00336854707412996,0.0141535110071955
4917,ZNF331,313.247519263962,0.308066343182957,0.105617966831242,2.91679865107791,0.00353643983047765,0.0147132295326584
4922,NF2,1335.88766212151,0.262872138854539,0.0901945388464372,2.91450172279386,0.00356256842448884,0.0148068797764665
4952,FHIP2A,510.800442074131,0.337738054089948,0.116306883633623,2.90385266579622,0.0036860157511455,0.0152293115244821
4982,TRA2B,4413.63117037851,0.114605166261467,0.0396054169697254,2.89367402315373,0.00380763230401744,0.0156343878086579
4985,SYNJ2BP,1037.94743926602,0.132224307378504,0.045710340590636,2.89265635893315,0.00381998991138372,0.0156761351288218
5018,SAV1,832.569364445959,0.21396020767045,0.0743652600608276,2.87715268521135,0.00401281378908498,0.0163591334562199
5022,MT-ND5,70631.3880812376,0.488766862339455,0.16995926984829,2.87578819781787,0.00403020043112209,0.0164169275626174
5035,SLC25A37,2323.19406604292,0.200180698505788,0.0697105553798662,2.87159810182209,0.004084019977707,0.0165932068885704
5041,HOMER2,562.441822055659,0.41907415655513103,0.146022357523956,2.86993145201329,0.00410560792301334,0.0166610635352279
5049,ZNF550,244.232172911836,0.317885944007171,0.110918857875811,2.86593235897801,0.00415783074633862,0.0168462554125271
5051,ZNF649,78.3757773695538,0.304113601391502,0.106213676924822,2.8632244942123,0.00419353328373565,0.0169841834063315
5060,MT-ND4,191965.918223415,0.41116652742739,0.143723711532351,2.86081206116668,0.00422557463065377,0.0170835138773289
5076,ICAM1,624.323666388769,0.579939596636594,0.203091051345186,2.85556450072678,0.0042960395732435,0.0173136488474867
5086,ITCH,1141.42273324509,0.153256655484048,0.053756918383126,2.85091966008517,0.00435929824525467,0.0175258649537271
5097,PITPNB,2245.01372230428,0.134317012648493,0.0471525043358454,2.8485658299677,0.00439167667823761,0.0176261584866994
5101,ATF7IP,1527.37209701854,0.173589104157588,0.0610533581116,2.84323597467452,0.00446579927567986,0.0179095972912337
5104,ZNF567,167.59700824709,0.322258798979542,0.113360430512487,2.84278030281513,0.00447218863508655,0.017924679253128
5106,CYP1B1,4427.44206032011,0.59743698243143,0.210218684035495,2.84197851000986,0.00448345136141992,0.0179627819233387
5116,GUSB,1315.6030428128,0.226237485396343,0.0796735264472031,2.83955656897229,0.00451762842788348,0.0180643324372972
5125,MTF2,950.998442838897,0.130167416083715,0.045892180851033,2.8363745995476,0.00456288929934361,0.0182132734432531
5153,ACBD3,975.969852034044,0.20249653045534,0.0715858712677558,2.82872202110852,0.00467342723160791,0.0185531342668354
5156,TSPAN9,566.358520413466,0.160108164879354,0.0566780941536803,2.82486853642656,0.00473000184334961,0.0187668052190463
5167,IL18BP,312.193692919908,0.237412108430815,0.0841641088536367,2.82082364637972,0.00479005277221491,0.0189609345126162
5195,FRY,108.926194556801,0.377775458801622,0.134474808976525,2.80926562883291,0.00496546585556743,0.0195531347463605
5204,EPS15,1223.9517671339,0.132063558403401,0.0470649475803507,2.80598545611758,0.00501629564031586,0.0197168886149951
5206,ZNF672,448.304396389039,0.226763094928532,0.0808221086413516,2.80570624474541,0.00502064397222681,0.0197286426699662
5207,YY1,3007.45855283712,0.169274057952986,0.0603494677824752,2.80489727868223,0.0050332617507661,0.0197744258950302
5213,DNAJC16,680.491546639463,0.133242267767218,0.0475352820684956,2.80301834698748,0.00506267892306234,0.0198671058371545
5241,FBXO6,65.1454504202751,0.372001441065034,0.133143719000008,2.79398415380759,0.00520630297780954,0.0203215684062297
5248,DHX33,1469.37559856999,0.113862958579008,0.0407964564616155,2.79100119114852,0.00525452789160964,0.0204824460896834
5250,VPS54,584.928918413491,0.175631444928654,0.0629358562998292,2.79064201640378,0.00526036172956991,0.0204973752193927
5273,COG1,550.94777146438,0.190493748374438,0.0684794603401214,2.78176474271702,0.00540642150946682,0.0209746187785251
5318,MEGF9,271.680760058757,0.188702039226209,0.0682217932268951,2.76600819621694,0.00567471085143359,0.021829176360996
5329,CNST,560.037426041826,0.120606787887166,0.0436861392128792,2.76075638772881,0.00576676741397302,0.0221375044075147
5348,QTRT2,1202.01063324257,0.142752266792574,0.0517946525516747,2.75611978765862,0.00584915714936514,0.0223740104346602
5359,ZNF302,493.396626338901,0.195069981093383,0.0709343215087535,2.75000841545106,0.00595937341901977,0.0227488154567806
5434,STK17B,239.75248538142,0.407010064297646,0.1491742255472,2.72842083010423,0.00636383640267862,0.0239574901158624
5446,AGBL5,557.903420939697,0.156062974316927,0.0572818497010476,2.72447511963066,0.00644037826818466,0.0241922178171601
5491,KYAT3,801.60380538283,0.238114580150157,0.0879147555223958,2.70847116317691,0.00675939859119584,0.0251824835148595
5520,NAXD,864.241519315518,0.122569156764729,0.0454252142698198,2.69826260007679,0.00697024331519628,0.0258268914144123
5529,DESI2,1548.59305231069,0.261144419933255,0.0970214233972983,2.69161604508605,0.00711067556318335,0.026309113763075
5533,EDEM2,359.175380016301,0.155065317259136,0.0576470681350768,2.68990813020693,0.00714716918994819,0.0264238260575597
5548,PIBF1,369.192916326727,0.174737674827087,0.0650479630947966,2.68628972397546,0.00722504092597101,0.0266407105664363
5552,PDCD6IP-DT,159.047912168112,0.222495071749328,0.082849006503416,2.68554906256063,0.00724107427530895,0.0266805937409934
5560,RTL10,672.755336345308,0.234483721022436,0.087422286283358,2.68219616520224,0.0073140557460418,0.0269077874104408
5577,CREB3L2,694.211287390478,0.219591384186609,0.0820083357217333,2.67767151051224,0.00741358859945594,0.0271904687992444
5584,SLC35D1,840.128331392398,0.140326401339897,0.0524761428310565,2.67409900517401,0.00749303267889043,0.0274507466891228
5585,TRIT1,638.088857940347,0.170772555215652,0.063869090832006,2.67379029497747,0.00749993337048362,0.0274665839767799
5615,CCNC,1171.05259032264,0.132096622338057,0.0495918620941194,2.66367538462971,0.00772921089029481,0.028154641592372
5644,PCNX4,1759.134678219,0.147662826278125,0.0556743121943106,2.65226134743726,0.00799546279235052,0.028977444020173
5652,HEATR1,2264.77967702379,0.0870299414272391,0.0328460009744624,2.64963584135872,0.00805785716577194,0.0291648237863051
5654,TEX30,259.961749039918,0.214977590411857,0.0811474929613887,2.64922035871332,0.00806777083869318,0.0291903763790496
5656,NXPE3,434.603694706043,0.335293313661364,0.126596255222041,2.64852473774427,0.00808439323244713,0.0292396117973531
5660,ME1,1080.72440136952,0.223267767737974,0.0843431138376213,2.64713688621708,0.00811764863683245,0.029339706389343
5685,FRS2,717.765068544429,0.14315288623447,0.0542619168484286,2.63818336227125,0.00833514993923881,0.0299867462098137
5686,EIF4E3,202.588924263364,0.438404653180784,0.166174714547637,2.63821517235167,0.00833436806064826,0.0299867462098137
5708,CUL4A,2472.38294564386,0.118573881675243,0.0450470040654958,2.63222569702622,0.00848274905594228,0.0304014711698338
5719,LYSMD3,561.440373109409,0.185626462126946,0.0705968715917211,2.62938651446865,0.00855390769311134,0.0305975327291447
5732,ZNF845,273.453291134417,0.176349845063906,0.0671875706233422,2.62473912105759,0.00867153794174265,0.0309404226385342
5736,SRRD,328.637620368083,0.191472008873222,0.0729573261891675,2.62443840631939,0.00867919890465224,0.0309536910726065
5739,ZSCAN9,271.295523696922,0.265075790276234,0.101013521692703,2.62416145714265,0.00868625976998369,0.0309626792323674
5771,MAPK9,1377.10292130974,0.13516067725734,0.051772886891091,2.61064594565999,0.00903714016613712,0.0320347905698609
5772,DHTKD1,947.526233725053,0.262045344127924,0.10038362928979,2.61043903255825,0.00904260886937764,0.0320486225989013
5773,TDG,639.556721990213,0.194564248605271,0.074536785038573,2.61031178772445,0.00904597341127419,0.0320549936037478
5783,MTHFD2,2376.93505396637,0.188650602156061,0.0723312427140467,2.60814822305584,0.00910335259700418,0.0322025391798227
5819,GPALPP1,534.903339426072,0.173722773802366,0.0668724305311402,2.59782353389219,0.00938166935165518,0.0329817511474154
5852,RABL2B,277.104249921206,0.231706248597971,0.0895507091325457,2.58743063949408,0.0096694660761069,0.0338018228842992
5857,SLC16A14,176.333990926321,0.39137325138650497,0.151346497868772,2.58594190746226,0.0097113296581562,0.0339244426670325
5859,THOC2,2807.40108758516,0.103506683794525,0.0400353753952286,2.58538062332896,0.00972715502083848,0.0339628623077817
5860,IFT172,319.636091454529,0.275460630758636,0.106550764711375,2.58525249917075,0.0097307706922588,0.0339696887459963
5900,GGT7,261.111650617181,0.338229596967144,0.131528356296111,2.57153367145929,0.0101249169059663,0.0351060042619241
5943,GUF1,1011.88873348685,0.14130366470517,0.0552577302918569,2.55717460631918,0.0105526234059851,0.0363242498765334
5948,MANEA,512.46575336638,0.206365592976087,0.0807790698776935,2.55469137350235,0.0106281987346799,0.0365536418149541
5979,YTHDC2,1257.02811139156,0.132783471770068,0.052173957010709,2.54501439756263,0.0109273232642812,0.0373875651475832
5984,CRIPT,306.923181894674,0.185807263498718,0.0730289239519547,2.5442968818897,0.0109497974509986,0.0374393568125444
5992,OGFRL1,759.122741124297,0.347624220541329,0.136874615597585,2.5397274653421,0.0110938879055908,0.0378751109620613
6013,LRCH1,479.929307821626,0.123781674231934,0.0489029246527187,2.53117119499421,0.0113682347662527,0.0386761980065243
6019,CHD2,3441.02714397543,0.241510405489442,0.0954837129857852,2.5293361342724,0.0114278523435976,0.0388402683822856
6027,ERBIN,2359.5318662141,0.118184915607658,0.0467432482488388,2.52838474079716,0.0114588703851414,0.0388929203400458
6063,TMEM183A,545.184772621715,0.151284924832422,0.060040358702704,2.51972053633999,0.011744804086973,0.0396278174512957
6068,ATF7,474.899255096037,0.149882849439493,0.0595224719048228,2.51808845706472,0.0117993683649257,0.0397791164537385
6087,EPG5,714.576011804019,0.193834693047681,0.077180268754455,2.5114539787929,0.0120234962004582,0.0404081915184449
6093,URI1,1131.66998413041,0.153033537133514,0.0609598983713682,2.51039685468687,0.0120595547164326,0.0404894650966784
6104,PIAS2,575.766670191278,0.179994013444378,0.0717871194931265,2.50733021070183,0.0121647009085061,0.0407688870388776
6108,ZBED4,1518.1497821262,0.231200374380324,0.0922462409054112,2.50633925145412,0.0121988512330752,0.040849877177119
6140,CDKN2A,996.951889397107,0.239427401364744,0.0959017206909267,2.49659129825599,0.0125393385291488,0.0417780534675564
6155,ZNF678,273.837696255217,0.17394880770167,0.0698283426850697,2.49109174030079,0.0127351232043215,0.042326956196719
6179,FANCL,1786.32220307407,0.252690991696635,0.101661335388808,2.48561550692018,0.0129327610040332,0.0428168784365606
6183,MRPS10,968.007492771366,0.107661648442211,0.0433576146387067,2.4831082000092,0.0130241520588306,0.0430906328541441
6212,CEP97,591.116460741641,0.317232913664537,0.128183601816152,2.47483226535894,0.0133298763743341,0.0438971798116151
6213,DTNB,322.917580191161,0.191359250900808,0.0773483700567695,2.47399202802025,0.013361267821112,0.0439934742984852
6253,RMC1,504.879108110457,0.122251765013464,0.0497242155016965,2.45859615440877,0.0139481419566213,0.0456119985788785
6283,RBMS2,1136.29183444482,0.177137005960267,0.0722959043085981,2.45016654337914,0.0142790152583684,0.0464914555372341
6286,CRLF3,564.076393866226,0.114115564711112,0.0466020608984792,2.4487235652455,0.0143363429022923,0.0466187516693996
6295,RBM12B,988.637397163465,0.181903420401674,0.0743144425913438,2.44775327727295,0.0143750052448562,0.0467147708171601
6302,TAF8,488.594654687856,0.211270612062348,0.0863435152643883,2.44686137013795,0.0144106254936611,0.0467764435028941
6311,FXR1,3604.30879459491,0.157134099380387,0.0642847043860028,2.44434661217173,0.014511477318707,0.0470312565761706
6317,PTPN14,1497.72010656687,0.167974620550956,0.0687484064342464,2.443323842155,0.0145526721783826,0.0471274362439723
6328,ARV1,265.704508651906,0.181652231954467,0.0744633698523988,2.43948443797988,0.0147082361558018,0.04754841767371
6336,ZBTB33,1280.29303236143,0.110910369825534,0.0455241185896878,2.43629911487528,0.0148384087983456,0.0479086693162494
6339,RAF1,1375.87240991709,0.118047738639801,0.0484645804860629,2.4357528210473,0.0148608355480115,0.0479641823459406
6341,PTPN2,1073.87760744803,0.120942179883298,0.0496669130477795,2.43506536770168,0.0148890996913738,0.048026854680926
6379,USF3,801.755934370085,0.204330744833136,0.0842442102431764,2.42545742008052,0.0152891091562139,0.0490234021957161
6399,METTL4,371.903872603596,0.28239168709108,0.116658688993931,2.42066570031292,0.0154921169363749,0.0495268379695923
6428,FEZ2,673.415852880105,0.273570226650247,0.113328223533237,2.41396377814053,0.0157800310137294,0.0502196786633263
6446,ZBTB39,453.316389259074,0.252210787023175,0.104654711728514,2.40993246130607,0.0159554738732089,0.0506362285175666
6452,TMEM230,1182.6111429783,0.238265054772858,0.0989487947305994,2.40796318359981,0.0160417986558824,0.0508549628240177
6458,COA6-AS1,16.9553248191436,0.545244616609907,0.226568575113805,2.40653239901444,0.0161047754509237,0.0510230652918668
6479,ARHGAP33,364.828154455164,0.517008865377089,0.215504882883487,2.39905870558214,0.0164372791931712,0.0518995864261003
6480,MAP3K13,497.370155347586,0.129830472690417,0.0541200094249553,2.39893662380907,0.0164427602878724,0.051900871348404
6510,SPIRE1,657.301182140672,0.30718666482068,0.128573587910435,2.38918948917151,0.0168855907778767,0.0530530687364498
6515,NNT,1514.5049617433,0.237989845389545,0.0996426173069036,2.38843430473656,0.0169203331355168,0.053129586332044
6526,GSAP,128.172331279239,0.977653817888128,0.409777351431987,2.38581711378549,0.0170412232850174,0.0534109175931005
6567,THOC1,824.616889747639,0.102655305746668,0.0432442496339589,2.37384869932058,0.0176037622938161,0.0548378506539662
6573,SMARCA4,2648.8768629888,0.160673621542956,0.0677467004596765,2.37168187458207,0.0177073294361352,0.0551101229689666
6577,HLA-F,6.82852425958472,0.919066523052752,0.387632242721182,2.37097542918746,0.0177412104523883,0.055181989086895
6588,VMA21,945.010599527123,0.124178077598711,0.0524318674725365,2.36837029815417,0.0178666436674068,0.0554709257101444
6616,LMO4,1083.95665141946,0.28177406356075,0.119297563263153,2.36194316005599,0.0181794292793665,0.056213349190896
6625,C2orf49,540.969245811084,0.146401175483188,0.0620519795991721,2.35933126435086,0.0183079046841788,0.0565320462074334
6643,FAM149B1,322.475232157708,0.227630224916344,0.096717715951083,2.35355252838553,0.0185949804069346,0.0572629104598315
6658,ZNF143,419.459743858036,0.236117293372024,0.100510486204662,2.34918069037329,0.0188147739325292,0.0578092265451712
6678,CHMP2B,1005.10160582191,0.107997098851487,0.0460843197548838,2.34346735344926,0.0191054341940468,0.0585264850715207
6699,RRAGB,174.561565804932,0.232135234699534,0.0993235516751513,2.33716204046708,0.0194307601141325,0.0593364770346036
6738,SENP2,870.512153234969,0.0949718646498911,0.0407995148592235,2.32776945945525,0.0199243485946778,0.0604915997627371
6786,MOB4,394.750936548409,0.157050676897826,0.0678951891757084,2.31313409395457,0.0207152677258374,0.0624480153061384
6830,FAM76B,488.8568281398,0.179172244566741,0.0777613570702767,2.30412960006362,0.0212153695996317,0.063536563365698
6833,ZC3H8,392.825174787726,0.180198698684233,0.0782361474778552,2.30326651418052,0.0212638524732782,0.0636608561460343
6868,CFAP97,1242.15009408954,0.146264421005598,0.0637423478613683,2.29461929020413,0.021754951791668,0.0647897872764815
6873,CNOT2,1435.64097096328,0.0862174404897661,0.0375805830379379,2.29420177975229,0.021778911135937,0.0648091773322802
6875,ODR4,614.695958229463,0.164386719653798,0.0716552781603114,2.29413274045245,0.0217828752518005,0.0648091773322802
6888,TFCP2,931.195561210767,0.121119373423008,0.052863338351886,2.29117905147748,0.021953060039641,0.0651994409452577
6895,FAM217B,519.543585715972,0.206114528532365,0.0900180778003754,2.28970150850639,0.0220386259130049,0.0653871167951183
6913,RNF169,577.616340598545,0.199281256135848,0.0872038580065474,2.28523440007535,0.02229908712203,0.0659876211855009
6915,IQCB1,703.467322384505,0.186076725507581,0.0814322165022089,2.28505048124944,0.0223098679046595,0.0659915136619797
6929,BTN3A1,320.31605887052,0.253935378841452,0.111289780647055,2.28174929777949,0.0225041457532177,0.0664224332164249
6950,RAB4A,711.909063346796,0.148840303721406,0.0653533710624446,2.27746941438094,0.0227582090629882,0.0669839902509229
7023,PIKFYVE,1100.25126869979,0.120886160401703,0.0535175109856238,2.25881507146654,0.0238948906211313,0.0696024174051663
7044,ZMYM2,2070.04102304978,0.274869597718949,0.121856788247484,2.25567735431124,0.0240908448073948,0.0699639994640651
7049,CBFB,2717.21368125284,0.199295043650481,0.0883912759914699,2.25469133028144,0.0241527102242204,0.0700839706463655
7052,PER3,732.223601421758,0.384779555020223,0.170681471914629,2.2543721395412,0.0241727664746786,0.0701222750670024
7053,SNX25,300.052351258898,0.23204657896351,0.102936114321883,2.25427762153422,0.0241787082542625,0.0701295668165955
7078,XPNPEP3,855.795982763057,0.258878816441245,0.115245283265637,2.2463289525224,0.0246829453964253,0.071339222093059
7111,RALGAPB,2382.38367450679,0.0934572417962218,0.0417799484672848,2.23689222281837,0.0252933849866742,0.0727642774113899
7176,WDR75,1541.5529877396,0.114035375891255,0.0514877718548596,2.21480502618589,0.0267734500929215,0.0763219127395782
7183,SPCS3,2376.606664995,0.198047338255149,0.0894758916414882,2.21341564327388,0.0268690031489186,0.076502155202783
7199,ANPEP,5.77024381723578,0.911577940424129,0.412357703189397,2.21064850583242,0.0270601870103277,0.0768954362647972
7205,RBM48,308.662088215104,0.157662997809782,0.0713732097027749,2.2089940814817,0.0271750525723073,0.0771575364984997
7212,ZNHIT6,881.268889527607,0.13211422240105,0.0598482846813069,2.20748552952788,0.0272801568516928,0.0773611488593929
7250,ELL2,1951.61833016125,0.234142418283344,0.106528476700409,2.197932661159,0.0279539049876441,0.0788762805975498
7265,CDK2,1917.27467175206,0.144681908415273,0.0659536776753852,2.1936897761392,0.0282577193321349,0.0795689145736386
7269,TUSC3,448.194472782346,0.910030057256961,0.415015532891361,2.1927614393536,0.0283245715235043,0.0797132700036218
7306,SYNM,380.660466323678,0.168967653765091,0.0774176903975615,2.18254578375297,0.029069276125601,0.0813947689161538
7315,CPSF6,2771.38981065598,0.110340572687335,0.0506035917530547,2.18048895078035,0.0292212369851899,0.0817195960363677
7347,ARID4A,543.880545024137,0.162741001845684,0.0748986013470316,2.17281763502696,0.0297940454874846,0.0829457105937618
7396,ST8SIA6,24.447392655834,0.755900554448815,0.350083340589379,2.15920172944027,0.0308345199566173,0.0852868813889292
7434,RO60,1095.23934745798,0.111545200251119,0.051867710083797,2.15057113705054,0.0315100655225019,0.0867099018555045
7438,SOS2,612.943819511498,0.147195462717199,0.0684826093974192,2.14938455196694,0.0316039289922508,0.0869097426259543
7451,RRP15,766.431777497708,0.100277074485152,0.0467335379537082,2.14571973096669,0.0318953460243759,0.0875618911065985
7456,TAF2,1910.91113287371,0.124435360437198,0.0580150882080846,2.14487927676472,0.0319625005445356,0.0876953961426455
7467,DDX19B,365.210905679446,0.165953787452554,0.0774730897757618,2.14208298562624,0.0321868047887226,0.0881807239269985
7476,SRSF6,4601.21460136014,0.158936151608956,0.0742774490089703,2.13976319501443,0.0323739090144848,0.0885781998008652
7496,LIPT1,68.4375719994475,0.240252539362725,0.112576615023007,2.1341247408587,0.0328325711412977,0.0895864679041292
7551,GTPBP2,1205.4917233227,0.20420169949902,0.0962297053634261,2.12202353449822,0.0338357617776076,0.0916670876287272
7582,SECISBP2,1159.90388196639,0.174212431234236,0.0824800548321644,2.11217647210267,0.0346713157621373,0.0935467035803275
7614,ZNF84,773.265485844773,0.247540781793588,0.117666668009599,2.10374599689859,0.0354006097904391,0.0951129858790403
7627,RNMT,1118.86494556355,0.15468345784572,0.0736338574429192,2.10071104811574,0.0356663389006183,0.095663602319385
7628,CRKL,2450.2188401178,0.161533754074162,0.0769142632750346,2.10017943611499,0.0357130596080956,0.0957638039589477
7652,CHERP,1001.05203930419,0.106575484723506,0.0508526385237254,2.0957709927634,0.03610251071368,0.0965171277665645
7671,AKAP7,99.6114413630342,0.304530522017922,0.145707853181923,2.09000761021235,0.0366171160868445,0.0976350428636953
7674,GCFC2,412.110495857732,0.247278785926048,0.118324469095277,2.08983642873508,0.0366324957473809,0.0976532402272832
7679,USP33,1432.21188334528,0.0870885568371551,0.0416902174319986,2.0889446542035,0.0367127055452071,0.0978033360253029
