...1,gene_name,baseMean.FaDu,log2FoldChange.FaDu,lfcSE.FaDu,stat.FaDu,pvalue.FaDu,padj.FaDu,baseMean.HCT116,log2FoldChange.HCT116,lfcSE.HCT116,stat.HCT116,pvalue.HCT116,padj.HCT116,baseMean.SiHa,log2FoldChange.SiHa,lfcSE.SiHa,stat.SiHa,pvalue.SiHa,padj.SiHa
209,ACTR2,4857.37290390734,-0.151878584708246,0.0537415734900952,-2.82609114033921,0.00471198550303072,0.0166926113986589,4857.37290390734,-0.120924738654834,0.0548485213317848,-2.20470371340272,0.0274748923912268,0.0789448085422839,4857.37290390734,-0.290338748182495,0.0541789975069139,-5.35888003733263,8.37394328059463e-8,8.05253163408945e-7
210,ACTR3,2999.78589598593,-0.317696978597525,0.0718678614476619,-4.42057092277456,9.844046934053e-6,7.22763546592042e-5,2999.78589598593,-0.313098465396865,0.0728250601294686,-4.29932312915689,1.71320536306721e-5,1.3212812434487e-4,2999.78589598593,-0.45430811812116,0.0723978117158628,-6.27516367351223,3.4926668348047903e-10,4.86616798994074e-9
233,ADAM10,2975.25476651775,-0.295708989724444,0.0562920893268191,-5.25311803595749,1.49545627982799e-7,1.58708696461018e-6,2975.25476651775,-0.39682396267893,0.0568183276628041,-6.9840838159464,2.86720859400488e-12,7.397706474531929e-11,2975.25476651775,-0.279726052407036,0.0560381845660801,-4.99170439893861,5.98488020485219e-7,4.9621891368802e-6
397,AGPAT3,2207.36370483111,-0.537985486519833,0.0728527950335591,-7.38455520165032,1.5296388373694e-13,4.1145170017166696e-12,2207.36370483111,-0.32071538201589,0.0761646899984699,-4.21081451289743,2.54451606489718e-5,1.8779135094873e-4,2207.36370483111,-0.258411972195456,0.0732673979850996,-3.52697078512341,4.2034314158296e-4,0.00192525599076185
428,AIMP2,293.331774514962,-0.4105523366251,0.112383234068684,-3.6531457741658,2.5904706667171e-4,0.00133652716101604,293.331774514962,-0.412603674590668,0.114308346981472,-3.60956732807575,3.0670816109758e-4,0.00173469942852956,293.331774514962,-0.360071501920168,0.115770316785973,-3.11022299943983,0.00186946147571797,0.00727354735604112
443,AKAP1,1489.41191007326,-0.747495952153441,0.0686649886307172,-10.8861294097564,1.34224381340581e-27,1.7031906823586399e-25,1489.41191007326,-0.303002003722553,0.0687429965861891,-4.40775088037737,1.04449582196465e-5,8.46354655906853e-5,1489.41191007326,-0.515523348589418,0.0793484876135025,-6.49695241956563,8.196336997545909e-11,1.24641506109192e-9
518,ALG8,713.575552347541,-0.603492636235827,0.0897787854459274,-6.7219959953602,1.79251881269942e-11,3.64139175512524e-10,713.575552347541,-0.326861603843655,0.0877799580175084,-3.72364730202378,1.9636520362339e-4,0.00117172099743696,713.575552347541,-0.689089431354826,0.0859376055917287,-8.01848534887677,1.0705704985357502e-15,2.92906296649592e-14
604,ANKEF1,242.582600133232,-0.626972092832961,0.149275428572284,-4.20010244706388,2.66794235412564e-5,1.7406236424401e-4,242.582600133232,-0.576627644478779,0.128307989984716,-4.49408992025723,6.98681025300275e-6,5.8541601753226e-5,242.582600133232,-0.513431842901076,0.132105583221611,-3.88652644634845,1.0168885274565e-4,5.3972679229206e-4
683,ANP32A,2777.00253809185,-0.344471286725662,0.0553995671525139,-6.21794184379347,5.03718171665755e-10,8.392586968638461e-9,2777.00253809185,-0.244052142384598,0.0554233498155999,-4.40341738990134,1.06558871293187e-5,8.62717879942649e-5,2777.00253809185,-0.195096150713267,0.0555185758453128,-3.51406979993235,4.412968376668e-4,0.00200949862221673
766,APLP2,9631.13269912806,-0.266730673608149,0.0556559450954557,-4.79249203567882,1.64722313015638e-6,1.43291228177687e-5,9631.13269912806,-0.270809536189418,0.057253282729409,-4.73002635445937,2.2449069278934e-6,2.09597438656817e-5,9631.13269912806,-0.483607919896249,0.0557064727012745,-8.68135957000172,3.9106569138199595e-18,1.34352638666211e-16
814,ARF3,2566.69504300229,-0.261353111913916,0.0725931891511385,-3.60024287360872,3.1792008056086e-4,0.00159882209382574,2566.69504300229,-0.337192508870078,0.0728913504587616,-4.62596051174611,3.72866340109632e-6,3.31674803741636e-5,2566.69504300229,-0.637426038830325,0.0742842579885888,-8.58090335812796,9.41309429101714e-18,3.15652428558775e-16
836,ARHGAP18,1110.82431838326,-1.55781054409385,0.1277753257357,-12.1917947391199,3.43766019380182e-34,7.02365886073133e-32,1110.82431838326,-2.05172587538634,0.11254429039405,-18.2303861724362,2.96222051272164e-74,3.34486970365909e-71,1110.82431838326,-0.947980733273346,0.139571668759583,-6.79207135443994,1.1053485002755e-11,1.89707974889804e-10
854,ARHGAP35,2117.95131529138,-0.242613314944019,0.0838630393203316,-2.89297069257541,0.00381616903961967,0.0139160633179467,2117.95131529138,-0.578677933463847,0.0835248168631283,-6.92821553158415,4.26182108326205e-12,1.07786452588008e-10,2117.95131529138,-0.234256815838875,0.082046999459976,-2.85515396517517,0.0043015969881417,0.0149883531290188
897,ARID1B,1479.77791270612,-0.463119747457022,0.0699494740473522,-6.62077526334956,3.5731986476110095e-11,6.99109290707445e-10,1479.77791270612,-0.379960611470385,0.0711418217613697,-5.34088953674651,9.24916050073165e-8,1.13885109026328e-6,1479.77791270612,-0.198047118707485,0.0674492280198837,-2.93623996184362,0.00332217224175835,0.0119954082213461
1098,ATP11A,1486.09088409571,-0.29519459440899,0.0783788639873008,-3.76625252512997,1.6571618428924e-4,8.9840746225664e-4,1486.09088409571,-0.325852848407046,0.0770519883312039,-4.22899986702983,2.34732484767702e-5,1.7485156296471e-4,1486.09088409571,-0.32001870534781,0.0829182500286242,-3.85944837520494,1.1364326053083e-4,5.9592083449167e-4
1134,ATP5MC3,2405.86616645187,-0.436975647311618,0.060566857481907,-7.21476506259475,5.40271719795389e-13,1.36913141611245e-11,2405.86616645187,-0.158387327030649,0.0599236776793039,-2.64315097411573,0.00821384012374582,0.0292392471246095,2405.86616645187,-0.363835670457784,0.0602789360255561,-6.03586749280928,1.5811095935718901e-9,2.0010727030387e-8
1158,ATP6V0E1,1130.10029753726,-0.730341674152266,0.0859321026602531,-8.49905508584835,1.91140188790345e-17,8.78492348007281e-16,1130.10029753726,-0.545695205040325,0.0914912849185321,-5.96445011703832,2.45459239333771e-9,3.99646781870319e-8,1130.10029753726,-0.376776442757648,0.0851503671432099,-4.42483638530845,9.65154040049177e-6,6.35563168970954e-5
1178,ATP8B1,262.342930811343,-0.946890636957659,0.118723046932705,-7.97562614354382,1.5161021963240602e-15,5.49657672046181e-14,262.342930811343,-0.277525929401835,0.10913627008747,-2.54293031252952,0.0109927150840643,0.0372293858069334,262.342930811343,-2.0477289648258,0.391250994464833,-5.23379874759617,1.66061258262471e-7,1.50815912191431e-6
1188,ATPSCKMT,531.445977762345,-0.523919774295969,0.123104340995624,-4.25590007678602,2.08209686738186e-5,1.4033717569177e-4,531.445977762345,-0.898458030924195,0.150490151268289,-5.97021149458779,2.3694623098003e-9,3.86770395399036e-8,531.445977762345,-0.675288067521865,0.115310649400323,-5.85625066751184,4.734334792118321e-9,5.58986515173776e-8
1366,BCL9,473.219414116199,-0.655076953854625,0.100070496482477,-6.54615472972432,5.90374142304681e-11,1.12984061266637e-9,473.219414116199,-0.540299810183593,0.0786267313727118,-6.87170636182785,6.343843544163989e-12,1.56726410133555e-10,473.219414116199,-0.34779233632385,0.0853877889028379,-4.07309219260379,4.63930493523637e-5,2.6572042310812e-4
1367,BCL9L,2093.09553547447,-0.226824642399391,0.0806047139996431,-2.81403693585955,0.00489236067112432,0.0172409192417102,2093.09553547447,-0.478152714684724,0.0811312714845718,-5.89356860721271,3.77943074780864e-9,5.94671742909301e-8,2093.09553547447,-0.856267852845267,0.0803194828327658,-10.6607739821746,1.55299596624287e-26,1.01213029467729e-24
1441,BLTP2,3612.32767759838,-0.310111076499904,0.0543906527799209,-5.70155092189639,1.18722258133701e-8,1.53427709385921e-7,3612.32767759838,-0.119594114482918,0.0555264644835336,-2.15382188646971,0.0312541426363408,0.0876229767850443,3612.32767759838,-0.378321086670659,0.0555495015203814,-6.81052172055677,9.72454286088404e-12,1.68076085728601e-10
1505,BRCA1,1472.2820194588,-0.559867828592541,0.0945678002310119,-5.92027970646336,3.21394534733913e-9,4.67436851970561e-8,1472.2820194588,-0.464002213854645,0.0984525849005807,-4.71295105479661,2.44154857504366e-6,2.26634267149604e-5,1472.2820194588,-0.373908674470467,0.0994758312051969,-3.75878914446239,1.7073764781094e-4,8.5859021715129e-4
1678,C1orf226,126.632233699918,-0.539623647566534,0.186497747348092,-2.89345933256419,0.0038102362877445,0.0138973229816067,126.632233699918,-0.786029373700581,0.162463625850009,-4.83818682236148,1.31028952777368e-6,1.29184991140953e-5,126.632233699918,-1.01597616372933,0.178881112479664,-5.67961675576472,1.34996874439901e-8,1.47780897649974e-7
1855,CALM1,6908.68630778288,-0.40825604091234,0.0486758114984949,-8.38724673187963,4.9765981097301996e-17,2.2006366035223602e-15,6908.68630778288,-0.245091134451524,0.0519670255660096,-4.7162817533246,2.40193756350355e-6,2.23281324305153e-5,6908.68630778288,-0.126800029129555,0.0505416472842478,-2.50882264316451,0.0121134287415855,0.0360425312167399
1858,CALM3,3389.17904842714,-0.305839801393532,0.0833400247859633,-3.66978294257772,2.427565093656e-4,0.00126252130546516,3389.17904842714,-0.267977012700425,0.0812703147614126,-3.29735418753,0.00097600337207077005,0.00477577382877148,3389.17904842714,-0.518078595567024,0.0818480876727042,-6.32975809573863,2.45545848442998e-10,3.4829160585005805e-9
1869,CAMK2G,847.722844214417,-0.407501923778268,0.0768359476422284,-5.30353221744229,1.13583146926829e-7,1.23691199367892e-6,847.722844214417,-0.330279959915468,0.0784681068058793,-4.20909810826125,2.56392050423886e-5,1.890780560867e-4,847.722844214417,-0.325948802755859,0.083780880883689,-3.89049147392429,1.0004139223238e-4,5.3213448791287e-4
1948,CASKIN2,563.642160198548,-1.43018776658417,0.106150521029342,-13.4732053381899,2.24887156314786e-41,7.72156665534945e-39,563.642160198548,-0.205128045719441,0.0909497963776804,-2.25539862527697,0.0241083189628018,0.0710281534466915,563.642160198548,-0.715533383956041,0.093664604747924,-7.63931461496826,2.18381090639464e-14,5.18641871074377e-13
2012,CCAR1,1961.10100883147,-0.26469338040364,0.0848471152729984,-3.11965091036956,0.00181065484719365,0.00730898502286951,1961.10100883147,-0.328058523474313,0.0866716937223884,-3.78507110435723,1.5366463671372e-4,9.4301354423165e-4,1961.10100883147,-0.276364347844698,0.0852356223611159,-3.24235736408225,0.00118545271579522,0.004859984519489
2092,CCDC47,2025.08330536811,-0.608106564546169,0.0575101767659665,-10.5738948955211,3.93792500984518e-26,4.50699378087575e-24,2025.08330536811,-0.444970912621236,0.0555237332467267,-8.01406689719423,1.1097629591544202e-15,4.29496164595327e-14,2025.08330536811,-0.18674011882643,0.0581257926576992,-3.21268941528482,0.00131498406479631,0.00533306644596015
2228,CD2AP,1218.29425333286,-0.327829722209122,0.0660474561059849,-4.96354805373671,6.92169055473074e-7,6.45054408216552e-6,1218.29425333286,-0.378666031732495,0.0660438578117593,-5.73355409994042,9.83476768339765e-9,1.43565171445248e-7,1218.29425333286,-0.392966152732037,0.0718916711135802,-5.46608733174665,4.60077731885116e-8,4.57674688965026e-7
2354,CDK2AP1,3244.35648852755,-0.395907632296259,0.0736874937319886,-5.37279275281405,7.75264168647756e-8,8.71107070260165e-7,3244.35648852755,-0.54701142730376,0.0741923562833373,-7.37288117949439,1.66979304506762e-13,5.01617328530799e-12,3244.35648852755,-0.20663404503125,0.0722892009190275,-2.85843587153087,0.00425735151797803,0.0148605809124867
2517,CFAP251,57.7965081894127,-1.21374471307778,0.25379525240982,-4.7823775328857,1.73233930150411e-6,1.49950536374882e-5,57.7965081894127,-0.707145073645767,0.281798688228318,-2.50939803194834,0.0120937126065965,0.040388118858077,57.7965081894127,-1.6425203390953,0.330438531737687,-4.97072883860646,6.67016824901347e-7,5.48861956966851e-6
2548,CFL1,15184.1134296907,-0.193988067621545,0.0661459825049105,-2.93272637695182,0.00335999870557546,0.0124680943702759,15184.1134296907,-0.414465783632993,0.0669204696107056,-6.19340817606409,5.88769948688376e-10,1.05352586557469e-8,15184.1134296907,-0.618560983754374,0.0673416399068223,-9.18541610525449,4.09939299188202e-20,1.64117943513775e-18
2587,CHD9,1818.30037401742,-0.268876981042588,0.0723275917214791,-3.71748836983244,2.0121324668129e-4,0.0010677106553443,1818.30037401742,-0.198064966298223,0.0802539946994808,-2.46797641712287,0.0135879271230113,0.0445717445408961,1818.30037401742,-0.202796109530776,0.0741627957832812,-2.73447228342615,0.00624803553015132,0.0206516786849163
2614,CHMP3,924.178350246019,-0.21050047986979,0.0744381245995526,-2.82785845293925,0.00468605210405864,0.016604099229901,924.178350246019,-0.325017141894603,0.0809397624571383,-4.01554356014716,5.93089427010391e-5,4.0501403916369e-4,924.178350246019,-0.575837568088598,0.0754696840426625,-7.63005139604242,2.3466014018883602e-14,5.5461782772101e-13
2782,CLPTM1,2100.58427087527,-0.174090914511384,0.0654630295733366,-2.65937760054864,0.00782851694400212,0.0257775780756715,2100.58427087527,-0.39263265627326,0.0645374095175512,-6.08379944606363,1.1736740141529602e-9,1.99909905729194e-8,2100.58427087527,-0.248774617977066,0.0624017510661436,-3.98666085048437,6.70097043823346e-5,3.7039430004741e-4
3133,CRYBG1,1339.62934611516,-0.240102552308605,0.0978862751811352,-2.45287249784818,0.0141720561947203,0.0428612911961568,1339.62934611516,-0.275372539135521,0.105581805440533,-2.60814387466238,0.00910346824574233,0.0318770843570357,1339.62934611516,-0.877353248061974,0.102654765472089,-8.54663925271467,1.26724508238056e-17,4.16407818778215e-16
3195,CTBP2,1231.5958489931,-0.20973931120535,0.0668975594053991,-3.13523113652518,0.00171718754978566,0.00697672185250503,1231.5958489931,-0.439449893755854,0.0646759810922061,-6.79463823098945,1.0858465942637798e-11,2.59575482235211e-10,1231.5958489931,-0.653454327415638,0.0658785381212789,-9.91907753345503,3.43919916340798e-23,1.78483518488292e-21
3402,DBNL,1231.73909168873,-0.495294359579557,0.0840526182907054,-5.89267020649525,3.80004346799339e-9,5.45430829246166e-8,1231.73909168873,-0.256789391983363,0.0886101292879182,-2.89796882192763,0.00375587924974476,0.0151539973280127,1231.73909168873,-0.827762292350595,0.0844166863646926,-9.80567146138074,1.06436730949276e-22,5.2994145965278e-21
3442,DCTN1,1713.36290384168,-0.527397549309643,0.0722566654463581,-7.29894669303793,2.90029189196645e-13,7.5575909702715e-12,1713.36290384168,-0.216396541677938,0.0695490658571344,-3.11142269146294,0.00186188218262916,0.00831178845994172,1713.36290384168,-0.309334919992014,0.06979237469717,-4.4322165757251,9.32692617152933e-6,6.15840830383342e-5
3477,DDX1,2127.22632739846,-0.154087986353799,0.0691528987024048,-2.22822165440825,0.0258657377463642,0.0706496542936488,2127.22632739846,-0.426209605918474,0.0681125875735961,-6.25742790138389,3.91378490129619e-10,7.251835421359241e-9,2127.22632739846,-0.347382348665079,0.0679980268049339,-5.10871219339372,3.24361991745238e-7,2.82298544457246e-6
3485,DDX18,2023.64467038211,-0.270089141791239,0.0691352337866758,-3.90667864991428,9.35734661070836e-5,5.3776336232397e-4,2023.64467038211,-0.207435220018075,0.0685293074938003,-3.02695631408272,0.00247029656795682,0.0106227179476924,2023.64467038211,-0.397078998299382,0.0698083257470907,-5.68813238320546,1.28436243189374e-8,1.41546841721683e-7
3593,DHCR24,6119.43415369721,-0.160555678080644,0.0760003721349376,-2.11256436738993,0.0346380712501998,0.0896132898706258,6119.43415369721,-0.612831022100764,0.0767366783999316,-7.98615518522769,1.3921242077908e-15,5.3446432585504404e-14,6119.43415369721,-0.345718864823242,0.0765021046471486,-4.51907651976118,6.21099458720117e-6,4.26166774456542e-5
3627,DHX9,6079.67142555105,-0.314630716048532,0.07532475546946,-4.17698954464043,2.95392597737293e-5,1.9080117222345e-4,6079.67142555105,-0.58725079497099,0.0754071817320113,-7.78773031271761,6.822360634774471e-15,2.39418710685797e-13,6079.67142555105,-0.287528653218421,0.0750970392048501,-3.8287615099458,1.2878973398228e-4,6.6538535989742e-4
3725,DNAAF5,977.728782285387,-0.311957351296508,0.092013254804834,-3.39035231345951,6.9802853474919e-4,0.00320062259020505,977.728782285387,-0.446973949870227,0.0882919915674001,-5.06245178000111,4.13898771986121e-7,4.50344569979458e-6,977.728782285387,-0.59928263496354,0.0911905498745985,-6.5717624884119,4.9723134622073894e-11,7.772260811802591e-10
3758,DNAJB6,1296.15045748915,-0.294534501234318,0.0624558028109937,-4.71588688285139,2.40660120328326e-6,2.03388000341184e-5,1296.15045748915,-0.369640113806373,0.0677327987285382,-5.45732821831015,4.83352392545681e-8,6.29046273037756e-7,1296.15045748915,-0.874405073557705,0.0654528596434843,-13.3593104765859,1.0452790278321398e-40,1.6536482813696e-38
3843,DOP1A,421.366557309124,-0.525732712302073,0.103567194076044,-5.07624752212613,3.84961741216638e-7,3.76175505047129e-6,421.366557309124,-0.885581701505646,0.130673975925009,-6.7770318859347,1.2266982229899e-11,2.9107168218188103e-10,421.366557309124,-0.521271013004458,0.117100912429168,-4.4514684146442,8.52850787648472e-6,5.67901354422949e-5
3862,DPP3,1220.46320806689,-0.507563938077282,0.0664874784717093,-7.63397785183345,2.27619034575365e-14,6.83677000763158e-13,1220.46320806689,-0.191839403646572,0.0732957696480726,-2.6173325495821,0.00886199572530328,0.0311366031616927,1220.46320806689,-0.565834268132331,0.0737562934984784,-7.67167439269442,1.69765460060845e-14,4.09629646988142e-13
3870,DPY19L1,1026.41116120654,-0.442024018032102,0.0905200481422476,-4.88316154381053,1.04398272222595e-6,9.42328940664878e-6,1026.41116120654,-0.564802819382864,0.0828653355694793,-6.81591181042523,9.36677460150805e-12,2.2673972919363e-10,1026.41116120654,-0.462089814284813,0.0866950109262093,-5.33006235708445,9.81790503990785e-8,9.3177476133465e-7
3985,DYNLL2,2821.32692641059,-0.592916159733215,0.0712478546308058,-8.32188088758048,8.65782933984406e-17,3.715863960049251e-15,2821.32692641059,-0.569295399373345,0.071862952109665,-7.92195954467029,2.3379638677684304e-15,8.73143081822621e-14,2821.32692641059,-0.472396041578679,0.0734483199586788,-6.43167933377434,1.26201767014577e-10,1.8614286191917e-9
4002,E2F3,946.267100236504,-0.211051078984857,0.0837700919851487,-2.51940846647601,0.0117552199831361,0.0366860910933338,946.267100236504,-0.284973364520727,0.0807397333967973,-3.52953066020442,4.1629746446785e-4,0.00226316797732227,946.267100236504,-0.400285306541479,0.0838215708861844,-4.7754450591841,1.7931024230848e-6,1.36709250810939e-5
4094,EEPD1,67.213285516921,-0.903451580477663,0.220656104878621,-4.09438742234045,4.23286018988807e-5,2.6359037974797e-4,67.213285516921,-0.980570372129179,0.198729314881955,-4.93420093916006,8.04795536536773e-7,8.23938939699194e-6,67.213285516921,-0.941925465784842,0.261049063741935,-3.60823154192961,3.0829129639519e-4,0.00145764048237758
4165,EIF2AK1,2969.77702056832,-0.279245285453812,0.0487064552237271,-5.73322949024177,9.85361653785645e-9,1.294423699883e-7,2969.77702056832,-0.265811549011985,0.0466918019067968,-5.6928955010685,1.2490283828637e-8,1.7946368890308e-7,2969.77702056832,-0.613787314027558,0.0468421974287644,-13.1032988996936,3.15251471099545e-39,4.61514037952222e-37
4216,EIF4G2,16736.4179749379,-0.162494609251247,0.0666341375749094,-2.43860902481964,0.0147439104466286,0.0443152447358244,16736.4179749379,-0.512498359056638,0.0664557394770385,-7.71187504780855,1.23982491664578e-14,4.22729646535211e-13,16736.4179749379,-0.33290777066987,0.0664155181459633,-5.01249978865224,5.37274344964931e-7,4.49071615900173e-6
4259,ELOA,1031.85914043837,-0.476439540240487,0.0852036243172762,-5.59177551492821,2.24759292952063e-8,2.7755712121887e-7,1031.85914043837,-0.277176668106004,0.0865437324244158,-3.20273531475062,0.00136129034295013,0.00634717741638834,1031.85914043837,-0.352871121329899,0.082639786810359,-4.26999070241631,1.95481116280686e-5,1.2135294487589e-4
4282,EMC10,1348.32988168787,-0.849255706220843,0.0851277857033993,-9.97624570172427,1.9365592638944e-23,1.6704970083770801e-21,1348.32988168787,-1.07369573378726,0.0889553255434871,-12.0700556962423,1.52031375242546e-33,2.39212645832452e-31,1348.32988168787,-0.784573236992197,0.0848848797705933,-9.24279140304557,2.4014885538962498e-20,9.814583533704719e-19
4372,EPC2,476.687515880273,-0.305638770127382,0.0864874803157012,-3.53390767093368,4.0946408764322e-4,0.00199836277556311,476.687515880273,-0.238905432394721,0.0895217601757006,-2.6686856014206,0.00761486930957256,0.0274920126512234,476.687515880273,-0.247388435804529,0.0903752234673042,-2.73734798447308,0.00619367379451409,0.0204996286193661
4987,FKBP1A,2328.02275233494,-0.162428123798543,0.0579062284676737,-2.80501991058214,0.00503134716846844,0.017656096245902,2328.02275233494,-0.222689085705719,0.0548150170222418,-4.06255617170311,4.85382626682391e-5,3.3770949263483e-4,2328.02275233494,-0.301570237632266,0.0554293008083761,-5.44062857070524,5.30929062244283e-8,5.23641800605636e-7
5046,FNBP1L,1149.74964675137,-0.345828475943575,0.0716838871348097,-4.82435439491729,1.40457481080919e-6,1.23844458771801e-5,1149.74964675137,-0.69154416071909,0.0710449715643709,-9.73389313123322,2.1615806959984297e-22,1.6731331871123298e-20,1149.74964675137,-0.403238267491836,0.0686197318449662,-5.87641858471378,4.19237446110279e-9,4.99343107489092e-8
5132,FRK,358.176730104743,-0.434333708655993,0.110646070534639,-3.92543274747404,8.6573956115055e-5,5.0281809138664e-4,358.176730104743,-0.705428539622911,0.127676482815268,-5.52512509796794,3.2925092640016e-8,4.40132366516536e-7,358.176730104743,-1.46895714026703,0.160847949233759,-9.13258233794585,6.688448172945219e-20,2.62940456530393e-18
5231,G6PC3,797.692853031529,-0.639646504618982,0.099892864413278007,-6.40332528630502,1.52028806893697e-10,2.7248479401387203e-9,797.692853031529,-0.438055243948628,0.10774024784063,-4.06584589072604,4.78585546307253e-5,3.334638165849e-4,797.692853031529,-0.526010528012982,0.10299377403549,-5.10720704177447,3.26955442905889e-7,2.84303409728937e-6
5284,GALNT7,609.094075923197,-1.16096738272343,0.0968421757301596,-11.9882414244631,4.09506751860454e-33,7.628588012583409e-31,609.094075923197,-0.306461756028711,0.108212487955706,-2.83203687317635,0.00462525146021663,0.0181011879776388,609.094075923197,-3.8707590990156,0.21281525871577,-18.1883532335681,6.3829289874659906e-74,4.47192564096859e-71
5293,GAPDH,27141.5421458868,-0.439534321562032,0.0773003709474051,-5.68605708064569,1.30005957496728e-8,1.67269237452255e-7,27141.5421458868,-0.641837124307208,0.0773825385226565,-8.29434051351633,1.09189263505221e-16,4.678564960371011e-15,27141.5421458868,-0.480631446107269,0.0772802253372269,-6.21933287603579,4.99273089710788e-10,6.834780321602611e-9
5470,GJB2,205.234021180464,-0.46283038470314,0.224153507638999,-2.06479206851642,0.0389426786523841,0.0986296276948073,205.234021180464,-0.452914642313777,0.160197516396538,-2.82722636718459,0.00469531239804499,0.018323077209366,205.234021180464,-2.35090795437745,0.578908112751953,-4.06093454659314,4.88766739693332e-5,2.780782231022e-4
5809,GSTCD,399.402921795152,-0.333365033594274,0.104084458725407,-3.20283198545279,0.00136083348945712,0.00569948702078058,399.402921795152,-1.0397918012396,0.114247067332347,-9.10125594922124,8.92931790205052e-20,5.14736295638924e-18,399.402921795152,-0.308046644113855,0.111544481279414,-2.76164845253267,0.00575103649330895,0.0192303379567526
5856,GTF3C6,500.588247539116,-0.473586261768358,0.0800334815465919,-5.91735174600216,3.2716653010887e-9,4.74256052047717e-8,500.588247539116,-0.428633925360341,0.102075531348792,-4.19918387586638,2.67878728199333e-5,1.9671767660728e-4,500.588247539116,-0.301026261262485,0.082769901174592,-3.63690492546935,2.7593372127485e-4,0.00131895511945636
6046,HELZ,1413.98352804993,-0.34486142241465,0.0612421017797929,-5.63111670554126,1.79046514371419e-8,2.25559964975389e-7,1413.98352804993,-0.304839617207916,0.0610079368028179,-4.99672064297437,5.83134475230313e-7,6.12020196091913e-6,1413.98352804993,-0.191139662757465,0.0647173665686186,-2.95345241767221,0.00314241048711343,0.011445352121371
6453,IDH1,1808.65404997169,-0.588804210186177,0.088949774736779,-6.61951322449744,3.6038360375669396e-11,7.04316661315118e-10,1808.65404997169,-0.415797628198386,0.0881046021313147,-4.71936332654524,2.36583935963561e-6,2.20138886803515e-5,1808.65404997169,-0.578021639253765,0.0860308885568762,-6.71876867657396,1.83266575019886e-11,3.03900287587922e-10
6728,IQCE,592.185733988343,-0.553148730381891,0.0950265133841199,-5.8209936435943,5.849879466078961e-9,8.03429328082421e-8,592.185733988343,-0.822655203085022,0.0855999327249942,-9.61046553305077,7.222170906966619e-22,5.2315770841559e-20,592.185733988343,-0.623171735006935,0.0910695200862147,-6.84281342887262,7.76527595225801e-12,1.3588886561591901e-10
7373,LASP1,3449.13607215856,-0.658890762234388,0.0667022809075647,-9.87808442634025,5.18138831187288e-23,4.34121008273713e-21,3449.13607215856,-0.448790841241624,0.0663235451653781,-6.76668956887876,1.3176236475598699e-11,3.11875506024158e-10,3449.13607215856,-0.377219108872078,0.0656264659134749,-5.74797230997358,9.03200255910833e-9,1.01945221059855e-7
7397,LCMT2,222.329826586541,-1.10305397284101,0.144040268173725,-7.6579555621948,1.88916226475764e-14,5.72337723497769e-13,222.329826586541,-0.377808718717633,0.139743441256332,-2.70358819935324,0.00685952407787833,0.0252033722693788,222.329826586541,-0.390855207817901,0.110608364651148,-3.53368580261208,4.09807931731e-4,0.00188227632797168
7443,LGALS3BP,5720.12861752966,-0.756934601781535,0.111327227089065,-6.79918670008701,1.0521139913940499e-11,2.19067397185509e-10,5720.12861752966,-0.522026206827552,0.11093246966782,-4.70580172235168,2.52870202098824e-6,2.33145840513402e-5,5720.12861752966,-1.53628978209302,0.116098804139748,-13.2326064292945,5.6880092091359895e-40,8.71731848872036e-38
7971,LIPH,108.668168273835,-1.30745508485063,0.371729606838465,-3.5172207453973,4.3609094942316e-4,0.00211417182041777,108.668168273835,-0.879791520287973,0.174185352232511,-5.05089267847038,4.39750103462469e-7,4.75574252736087e-6,108.668168273835,-2.06042676332313,0.291351924047907,-7.07195179869254,1.5276949095221198e-12,2.9011414366016898e-11
7987,LMBR1,1474.56243589732,-0.277123268110249,0.0689611723325978,-4.01854056038508,5.85597297319933e-5,3.5299119701787e-4,1474.56243589732,-0.202192814804563,0.0698105499498341,-2.89630743418952,0.00377582295066348,0.015217446433117,1474.56243589732,-1.0154759161168,0.0760277113186085,-13.3566550735857,1.08323432282042e-40,1.69998461686146e-38
8024,LNPK,749.453723766056,-0.736681082249409,0.0912633338866643,-8.07203781492641,6.91344549096029e-16,2.61471585296341e-14,749.453723766056,-0.411093032030969,0.0879276755842191,-4.67535425336264,2.93446622060572e-6,2.66461748205995e-5,749.453723766056,-0.355913806807334,0.0861756734271536,-4.13009603119837,3.62611736147785e-5,2.1218319873404e-4
8138,LRRCC1,360.238698005772,-0.585170747901261,0.0909731087938204,-6.43234858805892,1.25647172342999e-10,2.2800079118116602e-9,360.238698005772,-0.432997991629505,0.100915811788983,-4.29068531435799,1.78122574217221e-5,1.3698881949814e-4,360.238698005772,-0.275097751055384,0.124760448826569,-2.20500770591008,0.0274535537970509,0.0718650073174202
8449,MB21D2,46.7940871439576,-1.73058684025081,0.284438427019024,-6.08422307206424,1.17057534111878e-9,1.82266883341607e-8,46.7940871439576,-1.18727930698364,0.298406106137342,-3.97873663629788,6.92824334197964e-5,4.6323427096008e-4,46.7940871439576,-0.946828487905806,0.245996962234071,-3.84894382152931,1.1862820712575e-4,6.1875286870138e-4
8569,MEGF8,886.598252861212,-0.456995424066058,0.0833945407603511,-5.47992014704314,4.25517838769023e-8,5.00419266264901e-7,886.598252861212,-0.277286744917276,0.0816000736260364,-3.39811880793206,6.7850946843082e-4,0.00347602555537713,886.598252861212,-0.643785748482703,0.080108405818073,-8.03643190634385,9.24923110554931e-16,2.5376526796861702e-14
8730,MIPEP,366.404638020093,-0.282522051800627,0.118695579690723,-2.38022386795511,0.0173021230948727,0.0506736038659168,366.404638020093,-0.772598076190992,0.123415683341084,-6.26012882054674,3.84659586795287e-10,7.1411271065012906e-9,366.404638020093,-0.34645297017703,0.128612159557174,-2.69378083199836,0.00706466023146791,0.0228843196434455
8904,MORC2,835.604002925826,-0.32701558041188,0.0739074017944148,-4.4246661697231104,9.65915309967137e-6,7.10081569808335e-5,835.604002925826,-0.718271315904682,0.081259788182193,-8.83919749205156,9.64085713122153e-19,5.16943836566839e-17,835.604002925826,-0.22451831140267,0.0751624098993551,-2.9871090043987,0.00281629286546746,0.0104043723431027
8944,MPRIP,5990.72551648399,-0.542625563671897,0.0780031045335346,-6.95646111673177,3.48926502501776e-12,7.71471210266237e-11,5990.72551648399,-0.425918692698064,0.078711346729764,-5.41114731730294,6.26222274122816e-8,7.95563386767807e-7,5990.72551648399,-0.163060737288804,0.0780444190302484,-2.089332450865,0.0366778071845143,0.0915172403381604
8981,MRPL15,736.735608393441,-0.471819567174282,0.0881153363483252,-5.35456807778786,8.57610277931786e-8,9.53499274721492e-7,736.735608393441,-0.332885582572169,0.0922688557093741,-3.60777837779503,3.0883010936819e-4,0.00174451526095344,736.735608393441,-0.194899242954866,0.0939899573309909,-2.07361774054772,0.0381148262677196,0.0943780754412477
9076,MSH3,329.497307375855,-0.545851157234565,0.0958531642672422,-5.69465975805151,1.23618188483031e-8,1.5940192183552e-7,329.497307375855,-0.581794861205974,0.151016563932436,-3.85252349845719,1.1690675360857e-4,7.3869059982562e-4,329.497307375855,-0.303135217553345,0.0949863825312004,-3.19135448129918,0.00141607424070936,0.00568661788740951
9154,MTDH,3613.29854548632,-0.185121031565669,0.0525083921301276,-3.52555132724112,4.2260227522104e-4,0.00205560790038768,3613.29854548632,-0.487197572128921,0.0535482647773549,-9.09828869627449,9.17662946897794e-20,5.2740892001946294e-18,3613.29854548632,-0.165528242086168,0.0547494567325069,-3.02337688746211,0.00249970714645745,0.00937129565574302
9285,MYLIP,266.439312117546,-0.393180503243645,0.102649262256465,-3.83032955717986,1.2797175049169e-4,7.1207922556724e-4,266.439312117546,-0.499193281686567,0.117929134530222,-4.23299368451346,2.30600983144422e-5,1.7204105994715e-4,266.439312117546,-0.620267756509459,0.115889255602147,-5.35224558382588,8.68693913623059e-8,8.34124743198412e-7
9292,MYO10,1995.46144879289,-0.195232013929655,0.0675444662380887,-2.89042204051888,0.00384724941473647,0.0139973373159049,1995.46144879289,-0.659440125578828,0.0712236467191165,-9.25872453820641,2.06888729276927e-20,1.27289616897432e-18,1995.46144879289,-0.367190772726768,0.0671459933788317,-5.4685433076417604,4.5374920586671e-8,4.52296655055247e-7
9299,MYO1B,3528.53422628173,-0.478659909739152,0.0740996754272406,-6.45967619938031,1.04927250721219e-10,1.93002215060848e-9,3528.53422628173,-0.578348513462886,0.0781610080662908,-7.39945054153306,1.36749142457025e-13,4.1799944882246094e-12,3528.53422628173,-0.724258103112282,0.0786091898024982,-9.21340246518181,3.15947767460755e-20,1.27792728954178e-18
9310,MYO5C,704.998074614914,-0.374659176636902,0.0937544448899355,-3.99617508350392,6.4374131849171e-5,3.8512313727736e-4,704.998074614914,-0.46056710082945,0.0905604520589156,-5.08574206906367,3.66191438329108e-7,4.03525307127758e-6,704.998074614914,-2.14007975666765,0.155956950738236,-13.7222467260189,7.471380079610888e-43,1.33241875474297e-40
9364,NACC2,1049.45482669508,-0.61864630876704,0.0869776525916628,-7.11270412954718,1.13791051402181e-12,2.7333266133108197e-11,1049.45482669508,-0.384731416459174,0.0870028330392784,-4.42205619080798,9.77660214141854e-6,7.96907238669513e-5,1049.45482669508,-0.41160290003802,0.0887885707130668,-4.6357644540554,3.55620742437094e-6,2.57424800899944e-5
9483,NCOR2,3650.01215218094,-0.461694172393889,0.0711471654973558,-6.48928413614803,8.624517917425409e-11,1.6032264676437e-9,3650.01215218094,-0.316989876104385,0.0729538911996529,-4.34507153616904,1.39230282573158e-5,1.0985057559697e-4,3650.01215218094,-0.280772409255121,0.0712059483166234,-3.94310329253172,8.04339914227716e-5,4.3660033473727e-4
9497,NDST1,1871.7530562005,-0.256303926457907,0.0796323735843359,-3.21858956252842,0.00128822733239667,0.00544488264967368,1871.7530562005,-0.202950149518002,0.0823329995468652,-2.46499156638256,0.013701647649336,0.0449140758669148,1871.7530562005,-0.416427861604824,0.0826485102145738,-5.03854044705325,4.6909529677072e-7,3.96673397280646e-6
9936,NT5C3A,508.21084706673,-0.263639999990851,0.0988194466964585,-2.66789593348633,0.00763278959826084,0.0252184488028577,508.21084706673,-0.226595882893198,0.107289976104608,-2.1119949050251,0.0346868863047167,0.0953802420148032,508.21084706673,-0.63711251047954,0.104963670445151,-6.06983833337329,1.28039076509379e-9,1.63738107163265e-8
9938,NT5C3B,901.069549508427,-0.174157590222561,0.0801727368575996,-2.17227946866644,0.0298345896908413,0.0796028493183487,901.069549508427,-0.1601412317595,0.0751009956337251,-2.13234498967929,0.0329784960940696,0.0916541495615695,901.069549508427,-0.235508350098041,0.0736871343325635,-3.19605793102428,0.00139319136227569,0.00560965413665068
9974,NUDCD3,1191.16479409014,-0.172944593528192,0.075090702943866,-2.30314255624263,0.0212708235896641,0.0600763535288076,1191.16479409014,-0.311373982674527,0.0786319786650809,-3.95988995775841,7.49843078052664e-5,4.9754537595226e-4,1191.16479409014,-0.355680250309515,0.0806912593196826,-4.40791547074983,1.04370260460869e-5,6.83160293447068e-5
10114,OLA1,2050.82808769314,-0.269811367620685,0.0661451398485679,-4.07908076448835,4.52141282082944e-5,2.8050709005218e-4,2050.82808769314,-0.444906639302885,0.0645818550473697,-6.88903468283086,5.61722444390062e-12,1.39673886561032e-10,2050.82808769314,-0.575306122851964,0.0699293519431903,-8.22696202474942,1.92021303036141e-16,5.6901539299999705e-15
10419,PCDH1,566.847409015535,-0.625147762310312,0.124270485728323,-5.03054090958488,4.89098009958741e-7,4.68010669529373e-6,566.847409015535,-0.731308310032671,0.128363876361757,-5.6971504036828,1.21826448783723e-8,1.75174570101299e-7,566.847409015535,-3.45569905789404,0.38474995246894,-8.98167507421073,2.6667536691653997e-19,9.945571621296129e-18
10481,PCYOX1,1855.61157960411,-0.286255067835345,0.0667221158968162,-4.29025764527657,1.78465950237148e-5,1.2236167794059e-4,1855.61157960411,-0.347537293235462,0.0659893761670561,-5.26656430810393,1.39000568998257e-7,1.65730119409351e-6,1855.61157960411,-0.391563304958556,0.0605863718552324,-6.46289409595565,1.02719184556134e-10,1.5346856385664e-9
10593,PELI2,113.880267509715,-1.17788736469638,0.181082762632014,-6.50469071476457,7.78533893680658e-11,1.4549527227579502e-9,113.880267509715,-0.745287173520518,0.185201049410925,-4.02420599608414,5.71678620560678e-5,3.9290880058298e-4,113.880267509715,-5.27768581291544,0.447050952556756,-11.8055576947807,3.65360464237249e-32,3.60164634519704e-30
10635,PFKFB4,299.256167627085,-0.656221289767254,0.154171962943562,-4.25642430204691,2.07722322189425e-5,1.4006259468074e-4,299.256167627085,-1.18086388280646,0.137385754732587,-8.59524253518811,8.30891179388926e-18,4.03792077963287e-16,299.256167627085,-1.28327428822949,0.134375864279826,-9.54988676803735,1.29838120559371e-21,5.88229656123135e-20
10647,PGAM1,966.36956676169,-0.281707735745023,0.0744183616413397,-3.78546006028347,1.5342447505297e-4,8.4061826741319e-4,966.36956676169,-0.713728851770357,0.0743100479423752,-9.60474217865971,7.63487648409783e-22,5.50974018754669e-20,966.36956676169,-0.520736336351518,0.0773130867308531,-6.73542291959363,1.6345379800923498e-11,2.72659281934282e-10
10671,PGM2L1,301.318543792266,-0.823747249233226,0.196234643230135,-4.19776669233257,2.69560124417137e-5,1.7567053735275e-4,301.318543792266,-0.681265308161181,0.15995680364195,-4.25905802472859,2.05290180126939e-5,1.551476495164e-4,301.318543792266,-0.585938942930611,0.157233817614677,-3.72654529298866,1.9412220207579e-4,9.6261254755331e-4
10703,PHF12,1364.53203442602,-0.4150526950148,0.0737654400122193,-5.62665517817078,1.83737498712331e-8,2.30971094038165e-7,1364.53203442602,-0.29014333934486,0.0783766164689005,-3.70191202959096,2.1398081538277e-4,0.00126503718265716,1364.53203442602,-0.213535880959182,0.0756819622256053,-2.82148975369638,0.00478011644947435,0.0164128684489254
10872,PKM,36580.7426731461,-0.692369556182776,0.0670008273934313,-10.3337463598346,4.9585304069002695e-25,5.13780035238051e-23,36580.7426731461,-0.64795693294777,0.0669856103364993,-9.6730764964712,3.9240096794860797e-22,2.9655625908431e-20,36580.7426731461,-0.548573547048452,0.0666905659487465,-8.22565439720582,1.9412802014068299e-16,5.743905537103751e-15
11012,PLXNB2,4859.28607344315,-0.567712268000323,0.0828446257144481,-6.85273502178808,7.2451216257996396e-12,1.54718688767534e-10,4859.28607344315,-0.1781352783696,0.0808274932152692,-2.20389463143648,0.027531755203337602,0.0790930219819318,4859.28607344315,-0.24152199660373,0.0806173450108677,-2.99590611141029,0.00273630669563438,0.0101566941245524
11073,POGLUT3,1479.92281778247,-0.482343672083493,0.102266506052247,-4.71653614368196,2.39893766868926e-6,2.02936219886076e-5,1479.92281778247,-0.660766024131935,0.106194575543119,-6.22222011578774,4.901686842327251e-10,8.901871393123351e-9,1479.92281778247,-0.293873766604276,0.0981259562591064,-2.99486270307815,0.00274568400629112,0.0101837933733055
11086,POLE3,1810.85057029208,-0.234471085141682,0.0784476477153803,-2.98888611666697,0.00279996472571672,0.0106633715337158,1810.85057029208,-0.400100352416015,0.0810744261598018,-4.93497606294983,8.01605904953948e-7,8.21111363473639e-6,1810.85057029208,-0.355369809214154,0.0785124459620573,-4.5262863086178,6.00292399240552e-6,4.13626132627394e-5
11131,POLR3H,627.601325960878,-0.360405594452127,0.10682637248989,-3.37375112579279,7.4151375471864e-4,0.00337614335904268,627.601325960878,-0.585415823176742,0.110877896486313,-5.27982439898658,1.29307752140484e-7,1.55136975630546e-6,627.601325960878,-0.421085800655588,0.108326377701882,-3.88719543280982,1.0140910619125e-4,5.3838766878315e-4
11143,POMT2,722.403082093942,-0.430388235031276,0.106927777193282,-4.02503677087862,5.69664134129793e-5,3.4421630961859e-4,722.403082093942,-0.625005562340847,0.109822598811446,-5.69104691661795,1.26262805826913e-8,1.81146548628805e-7,722.403082093942,-0.380786153783059,0.112967913417443,-3.3707461018242,7.4964913931592e-4,0.00323205871779352
11349,PRDX3,4161.24033360188,-0.21441582122762,0.0566586452869267,-3.78434429806414,1.5411435350095e-4,8.4334263879848e-4,4161.24033360188,-0.130344953993496,0.0566085372507384,-2.30256707422335,0.021303213486261,0.0642577759400166,4161.24033360188,-0.172891179014359,0.056635615323709,-3.0526935749912,0.00226797400198238,0.00860557949649677
11386,PRKAR1B,449.099336916563,-0.886373700534485,0.115697337337533,-7.66114174216988,1.8428732688228502e-14,5.592816951534999e-13,449.099336916563,-0.837548040943667,0.1352250483405,-6.19373445395041,5.8755183198009e-10,1.05309476813163e-8,449.099336916563,-1.25912545488782,0.115445132482169,-10.9067002463902,1.07072609968171e-27,7.80833973883124e-26
11446,PRPF19,2627.79474434691,-0.360311257862066,0.0888679897224151,-4.0544549166412,5.02513404132714e-5,3.0843015141142e-4,2627.79474434691,-0.476858396545047,0.0893156240716762,-5.33902552326529,9.34474896176314e-8,1.14914670768741e-6,2627.79474434691,-0.472625909516687,0.0896969850671062,-5.26913930454959,1.3706491854254e-7,1.26294152515219e-6
11555,PSMD1,2807.81058449004,-0.441394458995618,0.0834887058459292,-5.28687628492135,1.24422725970102e-7,1.33748701931397e-6,2807.81058449004,-0.402288221775144,0.0827028489008484,-4.86426074943855,1.14885378653223e-6,1.14477873990693e-5,2807.81058449004,-0.30025370591067,0.0827904515205499,-3.62667071378567,2.8709903445228e-4,0.00136401592609603
11562,PSMD14,1716.27182748609,-0.202539932089216,0.0697303621332979,-2.90461609394824,0.00367703809196446,0.0134790687158738,1716.27182748609,-0.307446553557889,0.0674932192426895,-4.55522135419832,5.23304426784663e-6,4.50262293884284e-5,1716.27182748609,-0.182954161597609,0.0693524980219601,-2.63803275751764,0.00833885263250437,0.026308020600167
11576,PSME3,2975.06778048256,-0.4321711411741,0.0809335482197947,-5.33982694049734,9.30353486690483e-8,1.02849873140385e-6,2975.06778048256,-0.274872050797035,0.0814914025647378,-3.37301901975087,7.434881670968e-4,0.00377201209965268,2975.06778048256,-0.340869951226663,0.0823427768946054,-4.13964605132226,3.47842089284414e-5,2.0472902086685e-4
11590,PSPH,510.097756177616,-0.337158095162863,0.0855498164785749,-3.9410732721712,8.11178406818355e-5,4.7395879485472e-4,510.097756177616,-0.20226335282508,0.0871992468793072,-2.31955389597611,0.0203650223611593,0.0620737952619131,510.097756177616,-0.36503583710161,0.088159343189259,-4.1406369863482,3.4634270061577e-5,2.0390770582171e-4
11689,PTTG1IP,2848.81004762839,-0.291069218854531,0.0637005359230996,-4.56933704931328,4.8926940122218e-6,3.85927769585657e-5,2848.81004762839,-0.365013953623379,0.0650781382197515,-5.60885673143912,2.03667532476595e-8,2.82281729488861e-7,2848.81004762839,-0.40728094682358,0.0626612632944346,-6.49972447746284,8.046724808086649e-11,1.2265159328689702e-9
11755,R3HDM1,1120.01101708947,-0.212075757958478,0.07453577988872,-2.84528797142931,0.00443712886998306,0.0158439159140035,1120.01101708947,-0.33206430743491,0.0741116201125003,-4.48059706333287,7.44345191958418e-6,6.19620568292879e-5,1120.01101708947,-0.425769338445512,0.0725481813886645,-5.86878030979888,4.39012682031516e-9,5.20998897968073e-8
11821,RAB5C,720.878568060376,-0.34818939952566,0.0971191826851692,-3.58517637709518,3.3685047546962e-4,0.00168194715595912,720.878568060376,-0.260808132374676,0.0993829048402354,-2.62427560146227,0.0086833490198814,0.0306238412246268,720.878568060376,-0.22452981362271,0.100445015327089,-2.23535048395932,0.0253943481648321,0.0674101391000693
11859,RAD23B,4340.39607806173,-0.252351524174229,0.0626323898224192,-4.02908981901725,5.59932232965794e-5,3.3938986955569e-4,4340.39607806173,-0.553150638960237,0.0633617282279434,-8.73004342574561,2.5457485743772e-18,1.31013913227198e-16,4340.39607806173,-0.298592016821687,0.0635990426977138,-4.69491369926579,2.66719303946401e-6,1.96922566259561e-5
11867,RAD51C,633.956236383401,-0.888615234719707,0.0876195446096383,-10.1417467835362,3.60593103720976e-24,3.41315991311244e-22,633.956236383401,-0.617129709691768,0.0861069944807997,-7.16701022272211,7.66533104759905e-13,2.1356124062367398e-11,633.956236383401,-0.379891297618769,0.0943942207576874,-4.02451860473492,5.70919807682262e-5,3.1980964783846e-4
11923,RAP1GAP2,1139.28260963367,-0.215078247467486,0.0781738011698014,-2.75128296499635,0.00593623414535431,0.0204062418765802,1139.28260963367,-0.22296112597145,0.0717715075157871,-3.10654093370418,0.00189290099674174,0.0084169857617453,1139.28260963367,-0.16929643680856,0.0798129473351649,-2.1211650798663,0.0339079127949802,0.0857621873774015
12071,RC3H1,682.427674003453,-0.370168677835813,0.0804759223726195,-4.59974445675637,4.23009530482193e-6,3.3823378485268e-5,682.427674003453,-0.230331610573662,0.0776283459243368,-2.96710702554661,0.00300616296350071,0.0125913821181234,682.427674003453,-0.409105808940435,0.080802390428263,-5.06304091713279,4.12621249090259e-7,3.51777098800679e-6
12101,RDX,2088.51272507936,-0.463043827065271,0.0652224878133327,-7.09945055132681,1.25253850071679e-12,2.9760110835891e-11,2088.51272507936,-0.223783339260047,0.0639424731021763,-3.49976046285314,4.656764132167e-4,0.00249626485007203,2088.51272507936,-0.305499410417547,0.0607739098650101,-5.0268184340306,4.98684094556813e-7,4.19138212635861e-6
12395,RNF20,852.881482974806,-0.370335909868858,0.0713686185339705,-5.18905812493179,2.11360419921769e-7,2.17202600542847e-6,852.881482974806,-0.506720886942605,0.0705810314145147,-7.1792785793493,7.008022022723399e-13,1.95816580419503e-11,852.881482974806,-0.33951155930655,0.06904718997009,-4.91709451830872,8.78381472789581e-7,7.08228908825039e-6
12927,S100A10,3321.29712509761,-0.878716233692965,0.108880426097121,-8.07047019552579,7.002795760483501e-16,2.63711734541562e-14,3321.29712509761,-0.997654025989069,0.112381386481819,-8.8773956010097,6.844402748735719e-19,3.71144506115059e-17,3321.29712509761,-0.572229588511529,0.108731987229649,-5.26275296801982,1.41914202544488e-7,1.30455993969786e-6
12994,SASH1,648.274976325491,-0.414257823802904,0.111056541823078,-3.73015238006286,1.9136400029512e-4,0.00102163872230729,648.274976325491,-0.603022988255878,0.123624034657917,-4.87787823722563,1.07233084164163e-6,1.07659324456865e-5,648.274976325491,-0.295245859111891,0.109418553680459,-2.69831622865454,0.00696912042279307,0.0226564993728129
13083,SCRN3,244.133122469723,-0.559488317244046,0.117021417819469,-4.78107621381907,1.74359239669742e-6,1.50850031909924e-5,244.133122469723,-0.540468814743963,0.156384685771099,-3.45602136218792,5.4821187230289e-4,0.00287683846383993,244.133122469723,-0.320143326199787,0.122659649791279,-2.61001337232376,0.00905386834141987,0.0281607317668675
13224,SEPTIN7,3012.52745911643,-0.171599008215789,0.0508144987253457,-3.37696941857653,7.3289197992863e-4,0.00334036217088243,3012.52745911643,-0.478294216819367,0.0540034651788139,-8.85673197517345,8.239432287410719e-19,4.4428129828408997e-17,3012.52745911643,-0.412575446092284,0.0518489661078511,-7.95725502479809,1.7589792292317802e-15,4.7203687469001205e-14
13358,SH3BP4,668.941129346482,-0.441521003866125,0.102019800498694,-4.32779716984232,1.50608065851404e-5,1.0546566503223e-4,668.941129346482,-0.819194312671934,0.10484288953975,-7.81354192228123,5.5602908713363305e-15,1.96204675673111e-13,668.941129346482,-0.635960957541972,0.11289704937787,-5.63310521440992,1.76993400766319e-8,1.89834857453957e-7
13644,SLC30A6,779.503949385266,-0.386186266946634,0.0929100634188189,-4.15656014791195,3.23075143632378e-5,2.0624749690654e-4,779.503949385266,-0.297371188655127,0.0922843320421669,-3.22233668570361,0.00127149627972294,0.00597933429337616,779.503949385266,-0.227313253029977,0.092917392184109,-2.44640155827417,0.0144290194719564,0.0418780995681858
13683,SLC38A10,1989.52059728457,-0.672953858065825,0.0764353152802402,-8.80422688908296,1.31757613758946e-18,6.86668920991934e-17,1989.52059728457,-0.21442362869938,0.0761182439134285,-2.81698076144859,0.00484774293970575,0.0188264144799249,1989.52059728457,-0.335070444011229,0.0768861981426632,-4.358005105019,1.31253323133861e-5,8.45581753667305e-5
13731,SLC4A2,2126.80918557525,-0.663875207234294,0.086007670125029,-7.71879073423593,1.17438528957984e-14,3.7053442893392e-13,2126.80918557525,-0.822985769066887,0.0849860431022528,-9.68377558273532,3.53417774861893e-22,2.68150498270707e-20,2126.80918557525,-1.16669423322504,0.0862940242537172,-13.5199887050671,1.19194098142882e-41,1.99526902224186e-39
13772,SLC7A5,19801.19307902,-0.357304012402581,0.124037587176033,-2.8806107933678,0.00396905426916746,0.0143777636134447,19801.19307902,-0.271669591754137,0.124466307263712,-2.18267575962176,0.029059696269528,0.0828009395264745,19801.19307902,-0.656187888288735,0.123769293692561,-5.30170180916345,1.14728128382806e-7,1.07633749138475e-6
14084,SNX17,1080.56827244319,-0.304435608279841,0.0937123079052891,-3.24861925914279,0.00115966585280402,0.00496622860074619,1080.56827244319,-0.266411185463633,0.0903530886640541,-2.94855648437419,0.0031926179114808,0.0132468511925041,1080.56827244319,-0.360581501715828,0.0899092977323216,-4.0105029269537,6.05895492702851e-5,3.3747449972606e-4
14168,SP3,2118.1858306089,-0.494371304341081,0.0640542533496129,-7.7180090078135,1.1816085231322e-14,3.72142928931079e-13,2118.1858306089,-0.430399068812321,0.0638950466763428,-6.73603183972125,1.6277063349402598e-11,3.76905317316202e-10,2118.1858306089,-0.179428047731306,0.0633377476516418,-2.83287698700879,0.00461311347121949,0.0159294925127465
14262,SPINT1,1320.64156685351,-0.556444722507984,0.0943396651007488,-5.89831140394379,3.6724039936101504e-9,5.27975914056711e-8,1320.64156685351,-0.29480699614996,0.0937110921457668,-3.14591356689548,0.00165568927695506,0.00751539639641271,1320.64156685351,-0.321393886596514,0.104790333289582,-3.06701845969284,0.00216205504795949,0.00824995796067327
14304,SPTBN1,3660.55213565899,-0.441293315540485,0.0681751392619187,-6.47293603383929,9.611665053769409e-11,1.7801080049960602e-9,3660.55213565899,-0.268823707920897,0.0685623996498745,-3.92086200736396,8.82327801232901e-5,5.7550677786159e-4,3660.55213565899,-0.436754899486399,0.0681987032665982,-6.4041525508053,1.5120686966208201e-10,2.20537186777775e-9
14320,SRBD1,299.11168164205,-0.578556961540495,0.135219941503519,-4.27863638386088,1.88041757841415e-5,1.2802485309335e-4,299.11168164205,-0.732521681224786,0.127297276994098,-5.75441752189836,8.69410389487794e-9,1.2827979889783e-7,299.11168164205,-0.610287254950253,0.131560563870563,-4.63883124999898,3.50384993939785e-6,2.54197574930354e-5
14447,STAG1,886.577402580843,-0.46889642982451,0.121155649408821,-3.8701986420979,1.0874670874208e-4,6.1467515067226e-4,886.577402580843,-0.578748448718392,0.11909623912238,-4.85950230656475,1.17681211280576e-6,1.16865418093219e-5,886.577402580843,-0.410418055030767,0.116546362905971,-3.52150032654292,4.2911213907062e-4,0.00195947226074221
14628,SUPT6H,3150.76527521162,-0.528140006601709,0.0700787107243962,-7.53638303476737,4.8318596066371705e-14,1.3847904021575e-12,3150.76527521162,-0.194562135431736,0.0706654651187472,-2.75328457974191,0.00590005849429969,0.0221856068279288,3150.76527521162,-0.261093855440902,0.0698337755656759,-3.73879048248442,1.8490775017603e-4,9.2064348609218e-4
14631,SUSD1,301.526352771736,-0.47384535899038,0.103463768814421,-4.57981923933485,4.65377958068779e-6,3.68743593834498e-5,301.526352771736,-0.720974232161152,0.118176223995214,-6.10083998106381,1.0551249890719502e-9,1.81154038275536e-8,301.526352771736,-0.428403964693589,0.128048466976079,-3.3456391537559,8.2093154984982e-4,0.00350701529037545
14680,SYNJ2,1260.21834072382,-0.583123961718353,0.0964981549769467,-6.04285089033735,1.5141457789294101e-9,2.32173439009045e-8,1260.21834072382,-0.292713337822101,0.0993743431424728,-2.94556249194461,0.00322368020761732,0.0133542836628825,1260.21834072382,-0.244869260067485,0.0985605171960508,-2.48445591636259,0.0129749571946599,0.0382463914782334
14850,TBL1X,835.269807645206,-1.15746379311362,0.139809758797651,-8.27884836557683,1.24372185542286e-16,5.247906845857781e-15,835.269807645206,-0.467651346289132,0.0931081708405145,-5.02266709857478,5.0958828066623e-7,5.44354848952084e-6,835.269807645206,-1.0550043495885,0.0897553774907342,-11.7542188455217,6.71791395392285e-32,6.428552099224609e-30
14982,TEX261,1346.76551903689,-0.525438038764562,0.093045258253008,-5.64712322400992,1.63154891212971e-8,2.07029369567416e-7,1346.76551903689,-0.698600144007848,0.0956369661007237,-7.3047083412505,2.77868808749432e-13,8.16840681891899e-12,1346.76551903689,-0.520528574681728,0.0921053997395203,-5.65144471609498,1.59104860763956e-8,1.71870047004764e-7
15006,TFDP1,3731.5801460261,-0.247710293294346,0.0752081736838395,-3.2936618609524,9.8891385648842e-4,0.00434333346901653,3731.5801460261,-0.453269691627898,0.0763424948084083,-5.93731830175892,2.8972184718378403e-9,4.65787318135671e-8,3731.5801460261,-0.180735203330147,0.0778297433756735,-2.32218680791177,0.0202228790145432,0.0555580753910531
15261,TMEM127,893.050255426043,-0.754178338129273,0.0875339319983038,-8.61583983390449,6.94307608779446e-18,3.40560799365179e-16,893.050255426043,-0.304014907522414,0.0877570296183666,-3.46427982857326,5.3165315085102e-4,0.002802200407396,893.050255426043,-0.441495336296904,0.0880052819868931,-5.01669134317026,5.25689193774202e-7,4.40702774114039e-6
15541,TNRC18,1947.42118475195,-0.319264422166837,0.0754747417929895,-4.23008299972073,2.33605104088869e-5,1.5477332492244e-4,1947.42118475195,-0.270116780325666,0.0754014873735728,-3.58237999984518,3.4047803266669e-4,0.00190215841532883,1947.42118475195,-0.368665503137701,0.0771696662050541,-4.77733701942016,1.77631919210186e-6,1.35482323450475e-5
15549,TNS3,2003.16057376876,-0.288147301564198,0.0937792182881618,-3.07261360058247,0.00212193050433226,0.00839898848584138,2003.16057376876,-1.07235730661553,0.113013537195343,-9.48875093398741,2.3381910314647802e-21,1.6029969657142098e-19,2003.16057376876,-0.911394775414287,0.0958398745648645,-9.50955726467958,1.91475704908547e-21,8.595375064510209e-20
15624,TPM3,5375.1474360254,-0.492929222131247,0.0653524053788611,-7.54263319419746,4.60575301955104e-14,1.3221531332025899e-12,5375.1474360254,-0.427301128506436,0.0656961184405829,-6.50420662056158,7.81044835698366e-11,1.60870697627475e-9,5375.1474360254,-0.270630450650214,0.0652671215232861,-4.14650507535647,3.37588700053892e-5,1.992321759614e-4
15813,TRRAP,3081.49867560581,-0.21095870622216,0.0676581734970646,-3.11800770429181,0.00182078043881432,0.00734567664254772,3081.49867560581,-0.256734322778548,0.0673657857844515,-3.81104918155359,1.3837823028315e-4,8.599250594093e-4,3081.49867560581,-0.662697423620145,0.0683598824129757,-9.69424463922652,3.18989259901125e-22,1.5450894596247798e-20
15955,TTYH3,1695.12078498974,-0.694683243573638,0.0844151628824497,-8.22936567143751,1.88207419459212e-16,7.77287764658079e-15,1695.12078498974,-0.74986392828192,0.0827523805821045,-9.06153905189383,1.2862270195533698e-19,7.34833746051978e-18,1695.12078498974,-0.871976641545357,0.0806221216255505,-10.8156002839426,2.90385336801617e-27,2.0128936932994098e-25
16004,TWF1,1475.03170875256,-0.407810673384197,0.0700554486474986,-5.82125560905616,5.84071635267822e-9,8.02800502760976e-8,1475.03170875256,-0.146890177288488,0.0691988069279929,-2.12272702102132,0.0337767333572299,0.0933729144230867,1475.03170875256,-0.162625675254446,0.0675843496331258,-2.40626233939131,0.0161166866287654,0.0460272298146005
16134,UBFD1,2055.75257229054,-0.384471355449976,0.0718565255102517,-5.35054196845524,8.7691212546808e-8,9.73722779268963e-7,2055.75257229054,-0.430754370605888,0.0737829268668428,-5.83813070174456,5.2789739327937404e-9,8.10681468911269e-8,2055.75257229054,-0.258838248877244,0.0800919427630306,-3.23176389469129,0.00123028664510246,0.00502488717821672
16154,UBR3,948.655982731569,-0.688070037114111,0.085183241366733,-8.07752823295153,6.60927306619863e-16,2.5159778404827e-14,948.655982731569,-0.637285611301857,0.0818663576097925,-7.78446275012519,7.001006652094871e-15,2.45239641776666e-13,948.655982731569,-0.285358551194509,0.0790206225953814,-3.61119087425651,3.0479422983698e-4,0.00144319295358726
16335,USP6NL,371.834966087397,-0.649087316326665,0.12261209469176,-5.29382780677906,1.19782227600948e-7,1.29635759426465e-6,371.834966087397,-0.626050435412728,0.109610008146171,-5.71161745173719,1.11907421629979e-8,1.61760155542851e-7,371.834966087397,-0.363844824885349,0.120269804577069,-3.02523834776997,0.00248437260169502,0.00932566730337759
16531,WDFY3,1024.227039861,-0.386866332918601,0.0871502257185838,-4.43907436531292,9.03465980466205e-6,6.69796476881614e-5,1024.227039861,-0.434801932944188,0.0865623225833732,-5.0229929138674,5.08724223172268e-7,5.43734420268088e-6,1024.227039861,-0.214877387393513,0.0842332342645086,-2.5509810856693,0.0107420155348752,0.032620142220998
16602,WIPF2,1500.7198253669,-0.278279838627331,0.0744827773008602,-3.73616356306462,1.8684915577004e-4,0.00100211809086962,1500.7198253669,-0.237028954365688,0.0777011762977154,-3.05051951153868,0.00228445836591513,0.00992137167242237,1500.7198253669,-0.186315821268506,0.0756385229732943,-2.46323981411282,0.0137687787941391,0.0402177089941373
16608,WNK1,5809.9770718273,-0.237272765740299,0.0503233030553813,-4.71496804331739,2.41748688249157e-6,2.04110958530906e-5,5809.9770718273,-0.329743548451661,0.0543777054717236,-6.06394745035955,1.32820567348108e-9,2.24636441481435e-8,5809.9770718273,-0.188440032568762,0.0505726549974659,-3.72612496967392,1.9444602650308e-4,9.6397465299747e-4
16670,XPO1,6793.73405101388,-0.230266416243858,0.0604515243377559,-3.80910851738509,1.3946874074171e-4,7.7090818154297e-4,6793.73405101388,-0.169433092253196,0.0607449971134505,-2.78925179528372,0.00528299736418968,0.0201896112687607,6793.73405101388,-0.183675844293752,0.0604539186738777,-3.03827854873399,0.00237933910786703,0.00898469591511597
16741,YWHAQ,4857.24709295353,-0.169554620689793,0.0558512978893499,-3.03582239083696,0.00239880622057509,0.00934285937021584,4857.24709295353,-0.322866131016129,0.0550130915032974,-5.86889633346231,4.38705619334147e-9,6.83547325686449e-8,4857.24709295353,-0.403860991722876,0.0551802632358828,-7.31893920107746,2.49938796579822e-13,5.21600997075145e-12
16742,YWHAZ,12695.6875704355,-0.209667131342474,0.0581007017725855,-3.60868500630408,3.0775300761574e-4,0.00155393971059954,12695.6875704355,-0.364636607475738,0.0583567198442249,-6.24840821158359,4.1465678697129004e-10,7.65360738721238e-9,12695.6875704355,-0.163144664388463,0.0594983856359164,-2.74200152902939,0.00610660573469415,0.0202387708561404
16819,ZC3H4,966.395661979475,-0.379867056329989,0.100151970990659,-3.79290644579943,1.4889426334026e-4,8.183576413532e-4,966.395661979475,-0.234427930244924,0.102230386903202,-2.2931335520318,0.0218403172487491,0.0654459459736167,966.395661979475,-0.293955216097223,0.0989063471928773,-2.97205613633654,0.0029581259203938,0.0108689934782478
16876,ZFAND3,857.639902131068,-0.252116427148805,0.0832578933693623,-3.02813843764128,0.00246065334588826,0.00955611016630059,857.639902131068,-0.179812539495482,0.0849039336950199,-2.11783520115074,0.0341890269966902,0.0942949083661586,857.639902131068,-0.352566711069125,0.0820213995982215,-4.29847226207012,1.71979418517753e-5,1.0803772698392e-4
16927,ZHX1,1472.73783716098,-0.614920483854058,0.0832374660732454,-7.38754449003715,1.49565095723608e-13,4.03549212822204e-12,1472.73783716098,-0.30585584012407,0.0945276604820201,-3.2356226586423,0.00121377723377211,0.00575104754472815,1472.73783716098,-0.499232122072061,0.0861587977797833,-5.79432553536863,6.859628967765971e-9,7.88314829880873e-8
17227,ZNF544,431.88697791886,-0.803087949103884,0.117495669044885,-6.83504299036835,8.19804403635214e-12,1.73586395550861e-10,431.88697791886,-0.73350316155985,0.113192363094,-6.48014708333914,9.16332472566786e-11,1.8613669993007402e-9,431.88697791886,-0.71593663835402,0.112751369648638,-6.34969349450087,2.15744346851052e-10,3.08698530428671e-9
17287,ZNF609,1693.43163144223,-0.448180695503024,0.0697218306975938,-6.42812575371019,1.2918685109666e-10,2.33697412143967e-9,1693.43163144223,-0.255738653160459,0.0697374386426803,-3.66716441179908,2.452551112128e-4,0.0014266415499518,1693.43163144223,-0.148297119398417,0.0689434511139021,-2.15099646162787,0.0314764789691923,0.0805576109508996
