...1,gene_name,baseMean.FaDu,log2FoldChange.FaDu,lfcSE.FaDu,stat.FaDu,pvalue.FaDu,padj.FaDu,baseMean.HCT116,log2FoldChange.HCT116,lfcSE.HCT116,stat.HCT116,pvalue.HCT116,padj.HCT116,baseMean.SiHa,log2FoldChange.SiHa,lfcSE.SiHa,stat.SiHa,pvalue.SiHa,padj.SiHa
235,ADAM12,26.6902191424628,-2.67013135009202,0.61346225588494,-4.35256012000325,1.34556956567268e-5,9.53938002611102e-5,26.6902191424628,-2.08619673247355,0.494736323721144,-4.21678504780544,2.47809984990612e-5,1.8352643146413e-4,26.6902191424628,-4.87609563594891,0.503256931045663,-9.68907795431132,3.35544139223696e-22,1.62127324609637e-20
344,ADRM1,1300.18901312835,-0.398891556371433,0.0959952767449048,-4.15532482323517,3.24825737203585e-5,2.0713850998441e-4,1300.18901312835,-0.355047735572597,0.096151405121225,-3.69259019277942,2.2198157589481e-4,0.00130596101090853,1300.18901312835,-0.267842776253285,0.0949993147604503,-2.81941798136835,0.00481108244236501,0.0164866098865655
396,AGPAT2,924.579538080458,-0.93148493479593,0.108940888279338,-8.55037029262594,1.22694243729497e-17,5.80675378904653e-16,924.579538080458,-0.444050651809813,0.110798500690301,-4.00773159422981,6.13047346321983e-5,4.1642097876846e-4,924.579538080458,-0.807524469414429,0.110230322987562,-7.32579246370845,2.37491084038461e-13,4.98274074393849e-12
474,AKT1S1,1653.34350883346,-0.294398402916726,0.0593553054879716,-4.95993408670748,7.0517102572375e-7,6.55775349519309e-6,1653.34350883346,-0.139757628914244,0.0582131444841072,-2.40079161077443,0.0163596500089813,0.0518388645712123,1653.34350883346,-0.166446717674381,0.0558406518915249,-2.98074452994779,0.00287548563808075,0.010599098414549
481,ALDH16A1,521.735177076323,-0.409354368297613,0.096073870577292,-4.26082935805407,2.03669698041841e-5,1.375418466028e-4,521.735177076323,-0.509480990811167,0.107683910791254,-4.73126381710635,2.23126316977516e-6,2.08424952832136e-5,521.735177076323,-0.303849006742534,0.101088359435251,-3.00577641619711,0.00264903702312312,0.00987199074517596
604,ANKEF1,242.582600133232,-0.626972092832961,0.149275428572284,-4.20010244706388,2.66794235412564e-5,1.7406236424401e-4,242.582600133232,-0.576627644478779,0.128307989984716,-4.49408992025723,6.98681025300275e-6,5.8541601753226e-5,242.582600133232,-0.513431842901076,0.132105583221611,-3.88652644634845,1.0168885274565e-4,5.3972679229206e-4
897,ARID1B,1479.77791270612,-0.463119747457022,0.0699494740473522,-6.62077526334956,3.5731986476110095e-11,6.99109290707445e-10,1479.77791270612,-0.379960611470385,0.0711418217613697,-5.34088953674651,9.24916050073165e-8,1.13885109026328e-6,1479.77791270612,-0.198047118707485,0.0674492280198837,-2.93623996184362,0.00332217224175835,0.0119954082213461
966,ARPC3,1986.03127752079,-0.247265841724613,0.0656174061444907,-3.76829649712349,1.643654037911e-4,8.9163648878127e-4,1986.03127752079,-0.369589965098442,0.0714238111433811,-5.17460436767371,2.28394415471653e-7,2.60039098421937e-6,1986.03127752079,-0.155742042475296,0.0668814306718034,-2.32862905160543,0.0198787256423909,0.0547774913508613
1156,ATP6V0D1,2063.54007802783,-0.683458124703422,0.0792598347139498,-8.6230071910954,6.52183583197417e-18,3.21701034517464e-16,2063.54007802783,-0.470038987518026,0.0882147513489272,-5.32834906101838,9.91095113691876e-8,1.21410732625586e-6,2063.54007802783,-0.207999447752245,0.0753304041005637,-2.76116198015575,0.0057596102796553,0.0192518413104315
1188,ATPSCKMT,531.445977762345,-0.523919774295969,0.123104340995624,-4.25590007678602,2.08209686738186e-5,1.4033717569177e-4,531.445977762345,-0.898458030924195,0.150490151268289,-5.97021149458779,2.3694623098003e-9,3.86770395399036e-8,531.445977762345,-0.675288067521865,0.115310649400323,-5.85625066751184,4.734334792118321e-9,5.58986515173776e-8
1276,BAD,218.476977457931,-0.403932128120041,0.117568403072093,-3.43572012177754,5.9098115079518e-4,0.0027640680906983,218.476977457931,-0.61881142236982,0.119089434863704,-5.19619077106242,2.03413517629239e-7,2.34659007476615e-6,218.476977457931,-0.463794662395352,0.107605453551784,-4.31014086262973,1.6315058871443e-5,1.0298834472492e-4
1367,BCL9L,2093.09553547447,-0.226824642399391,0.0806047139996431,-2.81403693585955,0.00489236067112432,0.0172409192417102,2093.09553547447,-0.478152714684724,0.0811312714845718,-5.89356860721271,3.77943074780864e-9,5.94671742909301e-8,2093.09553547447,-0.856267852845267,0.0803194828327658,-10.6607739821746,1.55299596624287e-26,1.01213029467729e-24
1540,BSG,7991.28647153039,-0.266658746715508,0.0683048112701649,-3.90395261705354,9.46343162712205e-5,5.4314700499027e-4,7991.28647153039,-0.573143176037891,0.0684265161199027,-8.37603912251767,5.47387227972565e-17,2.4100103734315e-15,7991.28647153039,-0.142268782706528,0.0674721368093153,-2.10855605638513,0.034982919336906,0.0880384770535067
1855,CALM1,6908.68630778288,-0.40825604091234,0.0486758114984949,-8.38724673187963,4.9765981097301996e-17,2.2006366035223602e-15,6908.68630778288,-0.245091134451524,0.0519670255660096,-4.7162817533246,2.40193756350355e-6,2.23281324305153e-5,6908.68630778288,-0.126800029129555,0.0505416472842478,-2.50882264316451,0.0121134287415855,0.0360425312167399
1858,CALM3,3389.17904842714,-0.305839801393532,0.0833400247859633,-3.66978294257772,2.427565093656e-4,0.00126252130546516,3389.17904842714,-0.267977012700425,0.0812703147614126,-3.29735418753,0.00097600337207077005,0.00477577382877148,3389.17904842714,-0.518078595567024,0.0818480876727042,-6.32975809573863,2.45545848442998e-10,3.4829160585005805e-9
1869,CAMK2G,847.722844214417,-0.407501923778268,0.0768359476422284,-5.30353221744229,1.13583146926829e-7,1.23691199367892e-6,847.722844214417,-0.330279959915468,0.0784681068058793,-4.20909810826125,2.56392050423886e-5,1.890780560867e-4,847.722844214417,-0.325948802755859,0.083780880883689,-3.89049147392429,1.0004139223238e-4,5.3213448791287e-4
2548,CFL1,15184.1134296907,-0.193988067621545,0.0661459825049105,-2.93272637695182,0.00335999870557546,0.0124680943702759,15184.1134296907,-0.414465783632993,0.0669204696107056,-6.19340817606409,5.88769948688376e-10,1.05352586557469e-8,15184.1134296907,-0.618560983754374,0.0673416399068223,-9.18541610525449,4.09939299188202e-20,1.64117943513775e-18
3062,CPTP,369.163272198223,-0.269769649244044,0.108432037441402,-2.48791460171382,0.0128494583568255,0.0394748886467318,369.163272198223,-0.358837602331923,0.103973737898033,-3.45123306698694,5.5803145216064e-4,0.0029251697858208,369.163272198223,-0.352165444256363,0.0977672518581414,-3.60207981264881,3.1568140433487e-4,0.00149006787989349
3229,CTSD,1298.49914261702,-0.885768981124699,0.0974011897420707,-9.09402629957924,9.54377685961412e-20,5.645982317185909e-18,1298.49914261702,-0.424274845825338,0.105490103162593,-4.02193981336239,5.77208086667114e-5,3.9557609538243e-4,1298.49914261702,-0.948558814233591,0.0989890293008785,-9.5824640460958,9.4756806933511191e-22,4.3634842291424595e-20
3366,DAB2IP,925.598737368855,-1.03928562187325,0.132721193246962,-7.8305928122526,4.8557492235529106e-15,1.62890851826887e-13,925.598737368855,-0.74892640520031,0.138456458228784,-5.40911138982618,6.33382280324551e-8,8.02005689519135e-7,925.598737368855,-1.13158471019096,0.146628784196497,-7.71734360611297,1.1877913332539401e-14,2.91261282305531e-13
3402,DBNL,1231.73909168873,-0.495294359579557,0.0840526182907054,-5.89267020649525,3.80004346799339e-9,5.45430829246166e-8,1231.73909168873,-0.256789391983363,0.0886101292879182,-2.89796882192763,0.00375587924974476,0.0151539973280127,1231.73909168873,-0.827762292350595,0.0844166863646926,-9.80567146138074,1.06436730949276e-22,5.2994145965278e-21
3524,DECR1,563.932246961995,-0.680786927738301,0.10126332070976,-6.72293702168395,1.7809757554051797e-11,3.62214476804879e-10,563.932246961995,-0.243744261425453,0.104708208705733,-2.32784291163324,0.0199204465433963,0.0611121204830268,563.932246961995,-0.265986913932889,0.0963151818362374,-2.76163019019307,0.00575135814815045,0.0192303379567526
3725,DNAAF5,977.728782285387,-0.311957351296508,0.092013254804834,-3.39035231345951,6.9802853474919e-4,0.00320062259020505,977.728782285387,-0.446973949870227,0.0882919915674001,-5.06245178000111,4.13898771986121e-7,4.50344569979458e-6,977.728782285387,-0.59928263496354,0.0911905498745985,-6.5717624884119,4.9723134622073894e-11,7.772260811802591e-10
3982,DYNC2I2,1660.67030185668,-0.519622692664067,0.118302020143594,-4.39233997892303,1.12137161530544e-5,8.10748899901465e-5,1660.67030185668,-0.631754171583759,0.118192676206238,-5.34512113492881,9.03566053380519e-8,1.11399190498988e-6,1660.67030185668,-0.421854614241271,0.116860922980807,-3.60988603787219,3.0633156186665e-4,0.00144942263606807
4094,EEPD1,67.213285516921,-0.903451580477663,0.220656104878621,-4.09438742234045,4.23286018988807e-5,2.6359037974797e-4,67.213285516921,-0.980570372129179,0.198729314881955,-4.93420093916006,8.04795536536773e-7,8.23938939699194e-6,67.213285516921,-0.941925465784842,0.261049063741935,-3.60823154192961,3.0829129639519e-4,0.00145764048237758
4145,EHD1,784.201499965766,-0.217575065103393,0.0877144997542239,-2.48049143200997,0.0131201416925143,0.0401821230109415,784.201499965766,-0.325823963827669,0.0809847730759579,-4.02327439408973,5.73945620601945e-5,3.9418462014579e-4,784.201499965766,-0.741345675054219,0.0777860555178241,-9.53057293005872,1.56417566971413e-21,7.05389289949012e-20
4152,EI24,2483.78274983281,-0.533498248584767,0.0718910455289715,-7.4209276643469,1.1630282674976999e-13,3.1971409720803998e-12,2483.78274983281,-0.155627533736117,0.0710304213120248,-2.19099831961394,0.0284519140525906,0.0813347642819849,2483.78274983281,-0.451273475492953,0.0715750995477816,-6.30489483555235,2.88389643399978e-10,4.0511924374421e-9
4185,EIF3B,4834.54856330956,-0.306667426037278,0.0691680446119524,-4.43365759083907,9.26477292632008e-6,6.84249003428051e-5,4834.54856330956,-0.326272868894309,0.0683832811880605,-4.77123740226837,1.83097578312831e-6,1.73910990266853e-5,4834.54856330956,-0.669317533216632,0.0692833324493261,-9.66058515886446,4.43324383545433e-22,2.11598404671795e-20
4227,EIF6,1240.28932781786,-0.296686790510583,0.105877234652585,-2.80217736592857,0.00507589587990454,0.017787475035623,1240.28932781786,-0.229882877900294,0.106715340048677,-2.15416900508807,0.0312269205936922,0.0875978324881654,1240.28932781786,-0.343652233615289,0.107956804409503,-3.18323829141649,0.00145637703302899,0.00582818201895752
4231,ELAC2,2183.99276520693,-0.135883074740983,0.0517947822093703,-2.62348964402827,0.00870340909296129,0.0282546156149138,2183.99276520693,-0.207258434915637,0.0511264747657976,-4.05383777905784,5.03841617447935e-5,3.4979181513672e-4,2183.99276520693,-0.132338960147679,0.0509670071007631,-2.59656133792675,0.00941620917875319,0.0290894134582049
4369,EPB41L4B,252.499404722678,-0.44576947224328,0.13435392161748,-3.31787466176413,9.0705176835562e-4,0.00402331276813597,252.499404722678,-0.454844394281047,0.121111206483187,-3.75559295864325,1.7293155789376e-4,0.00104462174222134,252.499404722678,-0.986339253431631,0.147197961604957,-6.70076706686142,2.0732830528880098e-11,3.42353481889765e-10
4388,EPHB4,1499.54862936157,-0.223621255673627,0.0838627657402888,-2.66651419971231,0.00766423686425848,0.0253080240863719,1499.54862936157,-0.29510545031818203,0.0818796465879045,-3.60413683517017,3.1319203150986e-4,0.00176564882139894,1499.54862936157,-0.560173991238857,0.0851988141882991,-6.57490361310438,4.868469517277379e-11,7.628176239650991e-10
4525,EVPL,1385.54829287659,-0.44083259456006,0.0872636605918603,-5.05173163227557,4.37822566417633e-7,4.22408317385078e-6,1385.54829287659,-0.197734367624088,0.0893718037332653,-2.21249162895086,0.0269327139723571,0.0776660514012399,1385.54829287659,-0.485243017413171,0.0926439655513673,-5.23771855538851,1.62573725969433e-7,1.47785393064984e-6
5231,G6PC3,797.692853031529,-0.639646504618982,0.099892864413278007,-6.40332528630502,1.52028806893697e-10,2.7248479401387203e-9,797.692853031529,-0.438055243948628,0.10774024784063,-4.06584589072604,4.78585546307253e-5,3.334638165849e-4,797.692853031529,-0.526010528012982,0.10299377403549,-5.10720704177447,3.26955442905889e-7,2.84303409728937e-6
5809,GSTCD,399.402921795152,-0.333365033594274,0.104084458725407,-3.20283198545279,0.00136083348945712,0.00569948702078058,399.402921795152,-1.0397918012396,0.114247067332347,-9.10125594922124,8.92931790205052e-20,5.14736295638924e-18,399.402921795152,-0.308046644113855,0.111544481279414,-2.76164845253267,0.00575103649330895,0.0192303379567526
5817,GSTP1,10274.7492263947,-0.262258689817328,0.0669633242783094,-3.9164526648549,8.98614497220016e-5,5.1898543736212e-4,10274.7492263947,-0.413508138603806,0.0691046082973908,-5.98379976085356,2.17991282466718e-9,3.58267179643075e-8,10274.7492263947,-0.25728233704574,0.0694166155670112,-3.70635092108997,2.1026690973041e-4,0.00103353127251713
6151,HMBS,617.341276013438,-0.342258033955939,0.0905447014481877,-3.77998964579709,1.5683488073412e-4,8.5543313092517e-4,617.341276013438,-0.223463634805259,0.0794335321514602,-2.8132153859049,0.00490487851955062,0.0190210198103624,617.341276013438,-0.535330094255186,0.0870616143008328,-6.14886478448935,7.80394706482489e-10,1.03160397284818e-8
6340,HSD17B10,967.400255466909,-0.30164960434846,0.0920045859151214,-3.27863661738281,0.00104309859961754,0.00454055156990311,967.400255466909,-0.546090639649085,0.092304250701581,-5.91620250961781,3.2945953510089705e-9,5.22669854198084e-8,967.400255466909,-0.172519589328135,0.0841290122057061,-2.05065511652868,0.0403005448090003,0.098698600189533
6698,INTS4,424.534120777195,-0.408697552268516,0.0932263845465438,-4.38392579800701,1.16559489445439e-5,8.38223088163895e-5,424.534120777195,-0.19756266333811,0.0854308769803443,-2.3125440159483,0.0207477226184469,0.063007954972901,424.534120777195,-0.4380766148041,0.085184172957794,-5.14269963061275,2.70818424550007e-7,2.38663298939689e-6
6728,IQCE,592.185733988343,-0.553148730381891,0.0950265133841199,-5.8209936435943,5.849879466078961e-9,8.03429328082421e-8,592.185733988343,-0.822655203085022,0.0855999327249942,-9.61046553305077,7.222170906966619e-22,5.2315770841559e-20,592.185733988343,-0.623171735006935,0.0910695200862147,-6.84281342887262,7.76527595225801e-12,1.3588886561591901e-10
6894,JUP,3236.15301529798,-0.604574617301552,0.0659050794081614,-9.17341459460686,4.58267946765362e-20,2.76714828131319e-18,3236.15301529798,-0.476326046718762,0.0665881084344252,-7.15331998336969,8.470384237516699e-13,2.34290339803128e-11,3236.15301529798,-1.18919347069613,0.0764118177844964,-15.5629522392728,1.2996334740377e-54,4.47279120354345e-52
8209,LYPLA2,1030.5179705305,-0.266636126870376,0.0834228400445044,-3.19620054565549,0.00139250288040518,0.00581489562672014,1030.5179705305,-0.26843835311903,0.0782636923843547,-3.42992190811447,6.0375498471399e-4,0.00312896346829638,1030.5179705305,-0.339125540143436,0.0779521886403086,-4.35043000150064,1.35870824479397e-5,8.72464145274083e-5
8396,MAPRE2,439.419080753462,-0.828560842443491,0.103320502046517,-8.01932652311791,1.06326516833493e-15,3.9363290407427103e-14,439.419080753462,-0.403460411032046,0.104249688073651,-3.87013542665955,1.0877491139478e-4,6.9301135052581e-4,439.419080753462,-0.409170599985642,0.104526467989829,-3.91451665644587,9.05854847061607e-5,4.8655285155449e-4
8542,MED16,472.893048974636,-0.311803581460266,0.125419234591559,-2.48609061022966,0.0129155076207662,0.0396291315835355,472.893048974636,-0.356620411074322,0.121556705945678,-2.93377817620108,0.00334863434621468,0.0137710936571038,472.893048974636,-0.244148540965789,0.119279406535667,-2.04686247238146,0.0406715896734586,0.0995079289878072
8944,MPRIP,5990.72551648399,-0.542625563671897,0.0780031045335346,-6.95646111673177,3.48926502501776e-12,7.71471210266237e-11,5990.72551648399,-0.425918692698064,0.078711346729764,-5.41114731730294,6.26222274122816e-8,7.95563386767807e-7,5990.72551648399,-0.163060737288804,0.0780444190302484,-2.089332450865,0.0366778071845143,0.0915172403381604
8981,MRPL15,736.735608393441,-0.471819567174282,0.0881153363483252,-5.35456807778786,8.57610277931786e-8,9.53499274721492e-7,736.735608393441,-0.332885582572169,0.0922688557093741,-3.60777837779503,3.0883010936819e-4,0.00174451526095344,736.735608393441,-0.194899242954866,0.0939899573309909,-2.07361774054772,0.0381148262677196,0.0943780754412477
8987,MRPL20,778.29099273342,-0.31960238091564,0.0793886799180581,-4.02579286172186,5.67836589355138e-5,3.433489819129e-4,778.29099273342,-0.22974428122474,0.0753832242448152,-3.04768446197817,0.00230611939304072,0.00999735046721087,778.29099273342,-0.147710583976812,0.0718018238571652,-2.05719821644993,0.0396671630473059,0.0973905804128912
8990,MRPL21,595.590768358104,-0.469314811014923,0.0897841853892515,-5.22714338811729,1.72148995878019e-7,1.81051115124324e-6,595.590768358104,-0.221786972437227,0.0931727750549552,-2.38038388688555,0.0172946105257459,0.0542669246855478,595.590768358104,-0.27175136346935,0.0978261324097218,-2.77790153587166,0.00547111946463298,0.0183873480448356
9037,MRPS2,1052.45046956121,-0.217679465127406,0.0833542493003075,-2.61149811742835,0.0090146484210022,0.0291353836286766,1052.45046956121,-0.288914943388266,0.0873873769118748,-3.30614047014617,9.4590654433468e-4,0.004651030231826,1052.45046956121,-0.268368226601073,0.0874567799213471,-3.06858115336999,0.00215077903182587,0.00821172290138731
9154,MTDH,3613.29854548632,-0.185121031565669,0.0525083921301276,-3.52555132724112,4.2260227522104e-4,0.00205560790038768,3613.29854548632,-0.487197572128921,0.0535482647773549,-9.09828869627449,9.17662946897794e-20,5.2740892001946294e-18,3613.29854548632,-0.165528242086168,0.0547494567325069,-3.02337688746211,0.00249970714645745,0.00937129565574302
9186,MTMR2,999.616590950848,-0.185989393890759,0.0710214381888559,-2.61877819759418,0.00882453042651788,0.0286053965751119,999.616590950848,-0.30906448091495,0.0752557696185361,-4.10685429810321,4.01084051675637e-5,2.8347604771596e-4,999.616590950848,-0.346538334938417,0.0704368842271967,-4.9198419086887,8.66141424480044e-7,6.99509935118363e-6
9363,NACC1,2162.9551394674,-0.201454746346741,0.0844105998801625,-2.38660484148608,0.0170047580323178,0.049927954041569,2162.9551394674,-0.26941261411031,0.0825784274757212,-3.26250598789278,0.00110431839822507,0.00529565225389171,2162.9551394674,-0.322831066623474,0.0831609296820714,-3.88200405957069,1.0359914750835e-4,5.4828355079236e-4
9729,NME1,1317.49959951477,-0.260795310068374,0.093100078776143,-2.80123619116854,0.0050907244733046,0.0178323017107495,1317.49959951477,-0.342620467205149,0.0914871909040442,-3.74501024481673,1.8038641468061e-4,0.0010844652728497,1317.49959951477,-0.396151849272851,0.100007318968306,-3.96122857166482,7.45651111569425e-5,4.0858764959936e-4
10316,PANX1,400.979904053116,-0.892888223263023,0.116987303294831,-7.63235152974478,2.30509855870327e-14,6.91174329819399e-13,400.979904053116,-0.409187850674908,0.101803894180198,-4.01937326631755,5.83531600939014e-5,3.9933948704546e-4,400.979904053116,-0.30207987977259,0.104064415962604,-2.90281626988753,0.00369823531136897,0.013149951441567
10371,PARVA,965.93048955975,-0.641897743348363,0.0906287356961205,-7.08271762171168,1.41354528369639e-12,3.31804175104658e-11,965.93048955975,-0.57470284334964306,0.0917746689675566,-6.26210750542513,3.7980893633250103e-10,7.0579015893888505e-9,965.93048955975,-0.280359126074189,0.0797741738646611,-3.51440964527975,4.4073257818459e-4,0.00200739516745928
10407,PCBD2,271.091689060924,-0.421523284074694,0.124163301959052,-3.39491039158824,0.00068651065776083005,0.00315359079959336,271.091689060924,-0.549926171268769,0.133287638268634,-4.12586027040573,3.69351481615321e-5,2.6347346863945e-4,271.091689060924,-0.379786506160118,0.124702166853324,-3.0455485717969,0.00232256260765433,0.00880079402633861
10419,PCDH1,566.847409015535,-0.625147762310312,0.124270485728323,-5.03054090958488,4.89098009958741e-7,4.68010669529373e-6,566.847409015535,-0.731308310032671,0.128363876361757,-5.6971504036828,1.21826448783723e-8,1.75174570101299e-7,566.847409015535,-3.45569905789404,0.38474995246894,-8.98167507421073,2.6667536691653997e-19,9.945571621296129e-18
10640,PFN1,8438.71922104134,-0.26767627972588,0.0664067892626834,-4.03085712617486,5.55738191094379e-5,3.3696438588136e-4,8438.71922104134,-0.481098332781156,0.0666532297374531,-7.21792979389297,5.27849533027155e-13,1.49448372212231e-11,8438.71922104134,-0.230735685267413,0.0664828479500505,-3.47060471056787,5.192878314572e-4,0.00232523839070898
11087,POLE4,389.669132432938,-0.284506909679597,0.0946618215918416,-3.00550850274486,0.00265137183042861,0.0101771530299507,389.669132432938,-0.37632886819413,0.143853948291646,-2.61604823964352,0.0088953989211316,0.0312282512234898,389.669132432938,-0.312163004064766,0.0961783952990954,-3.2456665875325,0.0011717598496627,0.00480786717649722
11143,POMT2,722.403082093942,-0.430388235031276,0.106927777193282,-4.02503677087862,5.69664134129793e-5,3.4421630961859e-4,722.403082093942,-0.625005562340847,0.109822598811446,-5.69104691661795,1.26262805826913e-8,1.81146548628805e-7,722.403082093942,-0.380786153783059,0.112967913417443,-3.3707461018242,7.4964913931592e-4,0.00323205871779352
11539,PSMA7,3704.90892283119,-0.347955326105255,0.0519935597147903,-6.69227742847302,2.19723793329457e-11,4.40731196448123e-10,3704.90892283119,-0.38991065678179,0.0535655049245542,-7.27913714863642,3.35962003407161e-13,9.74188310786083e-12,3704.90892283119,-0.144400400195003,0.0506107498113095,-2.85315670550953,0.00432872698060358,0.0150668270366395
11601,PTBP3,4009.89394879538,-0.152085227124156,0.0708181713484236,-2.14754524479177,0.0317498992215097,0.0837055834489396,4009.89394879538,-0.278070069260351,0.0714394000171923,-3.8923908822503,9.92611483500781e-5,6.3768976028383e-4,4009.89394879538,-0.340382063981268,0.0715659666325745,-4.75620018840544,1.97270853415852e-6,1.49185132284456e-5
11689,PTTG1IP,2848.81004762839,-0.291069218854531,0.0637005359230996,-4.56933704931328,4.8926940122218e-6,3.85927769585657e-5,2848.81004762839,-0.365013953623379,0.0650781382197515,-5.60885673143912,2.03667532476595e-8,2.82281729488861e-7,2848.81004762839,-0.40728094682358,0.0626612632944346,-6.49972447746284,8.046724808086649e-11,1.2265159328689702e-9
11821,RAB5C,720.878568060376,-0.34818939952566,0.0971191826851692,-3.58517637709518,3.3685047546962e-4,0.00168194715595912,720.878568060376,-0.260808132374676,0.0993829048402354,-2.62427560146227,0.0086833490198814,0.0306238412246268,720.878568060376,-0.22452981362271,0.100445015327089,-2.23535048395932,0.0253943481648321,0.0674101391000693
11859,RAD23B,4340.39607806173,-0.252351524174229,0.0626323898224192,-4.02908981901725,5.59932232965794e-5,3.3938986955569e-4,4340.39607806173,-0.553150638960237,0.0633617282279434,-8.73004342574561,2.5457485743772e-18,1.31013913227198e-16,4340.39607806173,-0.298592016821687,0.0635990426977138,-4.69491369926579,2.66719303946401e-6,1.96922566259561e-5
11923,RAP1GAP2,1139.28260963367,-0.215078247467486,0.0781738011698014,-2.75128296499635,0.00593623414535431,0.0204062418765802,1139.28260963367,-0.22296112597145,0.0717715075157871,-3.10654093370418,0.00189290099674174,0.0084169857617453,1139.28260963367,-0.16929643680856,0.0798129473351649,-2.1211650798663,0.0339079127949802,0.0857621873774015
12223,RHOD,738.437468447173,-0.646469137503269,0.0883545663083402,-7.31675978406388,2.54029991082131e-13,6.67915791867747e-12,738.437468447173,-0.553040256092947,0.103580456856797,-5.33923360521128,9.33403107631406e-8,1.14856449064695e-6,738.437468447173,-0.936376595807585,0.0978741628769378,-9.56714794061573,1.0989539004613901e-21,5.0252164721098296e-20
12231,RHOV,130.453441182855,-0.464905680251458,0.155762946552876,-2.98470008779424,0.00283856485837577,0.010775224200090701,130.453441182855,-0.672071885402272,0.187632504036579,-3.58185213619091,3.4116688320443e-4,0.00190545228105683,130.453441182855,-0.653372837710873,0.167812913213347,-3.89345983690906,9.882457030002e-5,5.2623278924416e-4
12384,RNF167,1277.1515821194,-0.365776577852072,0.0834583891429968,-4.38274188620336,1.17194931953881e-5,8.42446819968972e-5,1277.1515821194,-0.405263289321708,0.0856207670765008,-4.73323590945654,2.20968411034242e-6,2.06710995039635e-5,1277.1515821194,-0.411588933160388,0.0877831212804586,-4.68870241974424,2.7494286533132e-6,2.02460742838007e-5
12918,RXRA,2493.38110021125,-0.564777373037532,0.082524244100213,-6.84377517413788,7.71329447644949e-12,1.63916868418819e-10,2493.38110021125,-0.657890133727338,0.0890935387957806,-7.38426313085787,1.53300006614118e-13,4.6269605769883696e-12,2493.38110021125,-0.247246249794188,0.0863118539641317,-2.86456886787457,0.00417577342835027,0.0146018087957125
12927,S100A10,3321.29712509761,-0.878716233692965,0.108880426097121,-8.07047019552579,7.002795760483501e-16,2.63711734541562e-14,3321.29712509761,-0.997654025989069,0.112381386481819,-8.8773956010097,6.844402748735719e-19,3.71144506115059e-17,3321.29712509761,-0.572229588511529,0.108731987229649,-5.26275296801982,1.41914202544488e-7,1.30455993969786e-6
12930,S100A14,1208.1667091803,-0.45985846527517,0.113674384557731,-4.04540096754713,5.2233643592512e-5,3.1947723819367e-4,1208.1667091803,-1.32559107297707,0.114792626477349,-11.5477022667361,7.5820437444114194e-31,1.08615605759494e-28,1208.1667091803,-2.41980184256356,0.217046898602467,-11.1487510678305,7.26184568007225e-29,5.76743427959422e-27
12934,S100A4,1260.08579711803,-1.64522888118746,0.19569521847146,-8.40709800698271,4.20279871380124e-17,1.87742878258606e-15,1260.08579711803,-3.08273139941601,0.119615786107032,-25.7719444878085,1.8299423158672998e-146,7.02551453907775e-143,1260.08579711803,-0.763574526124659,0.12499412778241,-6.10888319052787,1.00330722907178e-9,1.30429939779331e-8
13094,SDC1,1466.09733328053,-0.525791256645291,0.104430649638887,-5.03483659695154,4.78256617448476e-7,4.58639191026301e-6,1466.09733328053,-0.836614188182501,0.110965090837773,-7.5394358880452,4.7200878666523e-14,1.4877964973441298e-12,1466.09733328053,-0.527342882176514,0.109151318544437,-4.83130107092409,1.35643704493879e-6,1.05550279692837e-5
13683,SLC38A10,1989.52059728457,-0.672953858065825,0.0764353152802402,-8.80422688908296,1.31757613758946e-18,6.86668920991934e-17,1989.52059728457,-0.21442362869938,0.0761182439134285,-2.81698076144859,0.00484774293970575,0.0188264144799249,1989.52059728457,-0.335070444011229,0.0768861981426632,-4.358005105019,1.31253323133861e-5,8.45581753667305e-5
14079,SNX12,940.792820972589,-0.284961496673006,0.0931954051186743,-3.0576775358199,0.00223059466423207,0.0087834367360845,940.792820972589,-0.423468735774375,0.0953243902733542,-4.44239647964206,8.89624379767498e-6,7.29796136496448e-5,940.792820972589,-0.233521238296473,0.0870306173790657,-2.68320787935309,0.00729196485857237,0.0235119123324481
14084,SNX17,1080.56827244319,-0.304435608279841,0.0937123079052891,-3.24861925914279,0.00115966585280402,0.00496622860074619,1080.56827244319,-0.266411185463633,0.0903530886640541,-2.94855648437419,0.0031926179114808,0.0132468511925041,1080.56827244319,-0.360581501715828,0.0899092977323216,-4.0105029269537,6.05895492702851e-5,3.3747449972606e-4
14247,SPHK2,226.008442832782,-0.548777620848586,0.125793113081277,-4.36254105973203,1.28560448212982e-5,9.16621339029936e-5,226.008442832782,-0.297619072560683,0.124122425161455,-2.39778647712972,0.0164944771874793,0.0521799578264424,226.008442832782,-0.271415577921538,0.116134141200118,-2.33708688174518,0.0194346669798445,0.0537123539133332
14356,SRPX,130.891306061044,-0.875952697819638,0.241281075464511,-3.63042437594107,2.8295560272326e-4,0.00144203596021158,130.891306061044,-0.3757407879847,0.126354901632693,-2.97369380316531,0.00294238530132988,0.0123511979541501,130.891306061044,-1.02634500128764,0.183698992994364,-5.58710194627538,2.30890196303789e-8,2.43645668687005e-7
14493,STIM1,523.627581386656,-0.381807311736434,0.109994169228516,-3.47115955704177,5.182159785417e-4,0.00245724586494239,523.627581386656,-0.498196142200707,0.0983693262696815,-5.0645476704282,4.09371192488971e-7,4.4649371653513e-6,523.627581386656,-0.355003897402774,0.092070978343495,-3.85576327948138,1.1536908850948e-4,6.0319707070643e-4
14628,SUPT6H,3150.76527521162,-0.528140006601709,0.0700787107243962,-7.53638303476737,4.8318596066371705e-14,1.3847904021575e-12,3150.76527521162,-0.194562135431736,0.0706654651187472,-2.75328457974191,0.00590005849429969,0.0221856068279288,3150.76527521162,-0.261093855440902,0.0698337755656759,-3.73879048248442,1.8490775017603e-4,9.2064348609218e-4
14724,TACSTD2,5527.0631029042,-0.295530618258159,0.0952932740381441,-3.10127468324641,0.00192689454274459,0.00772124721693375,5527.0631029042,-1.93044320373492,0.580043750160236,-3.32809930837396,8.7440690372406e-4,0.00434622343963935,5527.0631029042,-0.433940977304227,0.10773075392267,-4.02801392827635,5.62500120447139e-5,3.1536338561907e-4
15406,TMEM45B,12.2172349445411,-0.890006642376569,0.415743302504561,-2.14076002431045,0.0322933952260731,0.0848319297635413,12.2172349445411,-4.72543322266385,1.28466880738838,-3.67832798265745,2.3476794401731e-4,0.00137229155096113,12.2172349445411,-4.72958299900207,1.25896518997164,-3.75672261367973,1.721531337452e-4,8.6526467452719e-4
15585,TOR2A,177.376877074147,-0.314880702772346,0.129903272778859,-2.42396281507383,0.0153521773615844,0.0458739625227981,177.376877074147,-0.354258728366709,0.145595352315803,-2.43317333096119,0.0149671341141391,0.0482763723012383,177.376877074147,-0.286945095681011,0.136062409228457,-2.1089226429852,0.0349512593820979,0.0879926662344218
15822,TSC22D3,285.068072277717,-0.902060621803629,0.175635580771397,-5.1359788138699,2.80679279746186e-7,2.80535095184672e-6,285.068072277717,-0.675917300062537,0.206499726438833,-3.27321160041705,0.00106332841455483,0.00512984474636704,285.068072277717,-0.734196685958407,0.151703120377078,-4.83969402958531,1.30039177714945e-6,1.01551693838936e-5
16217,UMPS,980.821367820592,-0.233371580646962,0.0693786492905362,-3.36373773536112,7.6894577298272e-4,0.00348112963565163,980.821367820592,-0.279128388538216,0.0720196951720855,-3.87572299315153,1.0630857042038e-4,6.7864959021941e-4,980.821367820592,-0.257385274681899,0.073496887769792,-3.50198875751154,4.617991044245e-4,0.00208783430087473
16272,URM1,863.214044808704,-0.249181924624823,0.0951935116990277,-2.61763559487814,0.00885413027710156,0.0286960346626551,863.214044808704,-0.368160955231414,0.100138917130314,-3.67650226087741,2.3645376062746e-4,0.00138103277430188,863.214044808704,-0.407359388871559,0.0925018972222418,-4.40379496101417,1.06373486359942e-5,6.95937420756709e-5
16428,VOPP1,397.257837695541,-0.568586455474738,0.0994774858564794,-5.71573005267808,1.09234028803015e-8,1.42109738363269e-7,397.257837695541,-0.509328267912665,0.112035943602003,-4.54611485865648,5.4645223406903e-6,4.67455306826609e-5,397.257837695541,-0.535893052911967,0.102612282681761,-5.22250396255164,1.76519778706438e-7,1.59575506861023e-6
16742,YWHAZ,12695.6875704355,-0.209667131342474,0.0581007017725855,-3.60868500630408,3.0775300761574e-4,0.00155393971059954,12695.6875704355,-0.364636607475738,0.0583567198442249,-6.24840821158359,4.1465678697129004e-10,7.65360738721238e-9,12695.6875704355,-0.163144664388463,0.0594983856359164,-2.74200152902939,0.00610660573469415,0.0202387708561404
16961,ZMYND19,1058.51676570195,-0.459916350120134,0.0992958988837823,-4.63177588692186,3.62542479354818e-6,2.95140927753706e-5,1058.51676570195,-0.239259349885387,0.103630612623219,-2.30877096862572,0.0209562938164425,0.063530798499752,1058.51676570195,-0.28499853121048,0.102373388042121,-2.78391227115798,0.00537075586937141,0.0181027693968143
17263,ZNF580,239.317813482629,-0.383744903157366,0.142304591140768,-2.69664457120546,0.00700419862864929,0.0234603141136721,239.317813482629,-0.322210260805068,0.127886425753214,-2.5195032147262,0.0117520567230798,0.0393841621606563,239.317813482629,-0.498390753643523,0.127603081122573,-3.90578933720871,9.39183063733327e-5,5.0283717689019e-4
